transaction_id,transaction_date,weekday,customer_id,store_id,product_id,quantity,unit_price,discount_pct,gross_revenue,discount_amount,net_revenue,unit_cost,gross_profit,margin_pct,payment_method,channel,promotion_applied,promotion_type,weather_conditions,holiday_flag,inventory_level,stockout_flag,forecasted_demand,actual_demand,forecast_error,return_flag,satisfaction_score
20230001,2023-01-30,Monday,21178,138,1011,1.0,836.44,0.0,836.44,0.0,836.44,618.67,217.77,0.2603534025154226,Gift Card,Mobile App,False,None,Cloudy,False,334,False,68,62,-6.0,False,4.0
20230002,2023-03-10,Friday,20138,119,1015,4.0,235.17,0.0,940.68,0.0,940.68,149.38,343.16,0.36479993196411103,EBT,Mobile App,False,None,Cloudy,False,376,False,136,181,45.0,False,4.0
20230003,2023-07-21,Friday,20561,115,1027,4.0,58.89,0.0,235.56,0.0,235.56,37.44,85.8,0.3642384105960265,Debit Card,Curbside Pickup,False,None,Stormy,False,315,False,224,197,-27.0,False,5.0
20230004,2024-04-08,Monday,20344,122,1043,6.0,118.73,0.0,712.38,0.0,712.38,75.88,257.1,0.3609028889076055,Cash,Online,False,None,Snowy,False,398,False,384,504,120.0,False,4.0
20230005,2023-11-14,Tuesday,20042,101,1010,4.0,413.35,0.22,1653.4,363.748,1289.652,261.42,243.972,0.18917661508686062,Credit Card,In-Store,True,Bundle Deal,Snowy,False,212,False,402,406,4.0,False,3.0
20230006,2023-03-06,Monday,21140,109,1045,4.0,214.56,0.28,858.24,240.3072,617.9328,159.92,-21.7472,-0.03519347087579734,Debit Card,In-Store,True,Bundle Deal,Snowy,False,355,False,395,349,-46.0,False,1.0
20230007,2024-01-31,Wednesday,20419,129,1030,1.0,836.93,0.0,836.93,0.0,836.93,569.19,267.74,0.3199072801787484,Digital Wallet,Online,False,None,Windy,False,146,False,231,181,-50.0,False,3.0
20230008,2023-08-09,Wednesday,20375,109,1001,4.0,677.24,0.0,2708.96,0.0,2708.96,419.73,1030.04,0.3802344811292894,EBT,Mobile App,False,None,Sunny,False,245,False,294,214,-80.0,False,5.0
20230009,2023-05-04,Thursday,21010,141,1018,2.0,325.9,0.15,651.8,97.77,554.03,198.14,157.75,0.28473187372524955,Gift Card,Curbside Pickup,True,BOGO,Cloudy,False,105,False,406,490,84.0,False,1.0
20230010,2024-05-30,Thursday,20732,120,1041,1.0,661.71,0.0,661.71,0.0,661.71,486.05,175.66,0.2654637227788609,Debit Card,Curbside Pickup,False,None,Windy,False,312,False,133,140,7.0,False,5.0
20230011,2023-06-06,Tuesday,20878,105,1043,2.0,113.17,0.0,226.34,0.0,226.34,75.88,74.58,0.32950428558805345,Digital Wallet,In-Store,False,None,Sunny,False,77,False,115,107,-8.0,False,2.0
20230012,2024-07-16,Tuesday,20249,104,1032,2.0,941.07,0.0,1882.14,0.0,1882.14,572.31,737.52,0.3918518282380695,Credit Card,Curbside Pickup,False,None,Sunny,False,519,False,422,399,-23.0,True,4.0
20230013,2024-07-08,Monday,20336,114,1018,4.0,342.06,0.0,1368.24,0.0,1368.24,198.14,575.68,0.420744898555809,EBT,In-Store,False,None,Snowy,False,344,False,424,322,-102.0,False,4.0
20230014,2023-03-23,Thursday,20550,136,1001,4.0,614.74,0.0,2458.96,0.0,2458.96,419.73,780.04,0.3172235416598887,Gift Card,Online,False,None,Cloudy,False,487,False,415,525,110.0,True,1.0
20230015,2023-12-24,Sunday,20789,148,1043,4.0,124.44,0.05,497.76,24.888,472.872,75.88,169.352,0.35813497098580593,Credit Card,In-Store,True,BOGO,Cloudy,True,196,False,325,348,23.0,True,4.0
20230016,2023-12-08,Friday,20645,105,1001,2.0,674.35,0.17,1348.7,229.279,1119.421,419.73,279.961,0.25009446847968725,EBT,Online,True,Manufacturer Rebate,Cloudy,False,229,False,91,89,-2.0,True,3.0
20230017,2023-03-13,Monday,20922,109,1011,1.0,885.34,0.15,885.34,132.801,752.539,618.67,133.869,0.17788978378529224,Cash,Online,True,Manufacturer Rebate,Windy,False,142,False,55,68,13.0,False,4.0
20230018,2024-02-11,Sunday,20747,133,1046,3.0,567.11,0.0,1701.33,0.0,1701.33,345.33,665.34,0.3910705154202888,Credit Card,Mobile App,False,None,Stormy,False,210,False,83,114,31.0,False,2.0
20230019,2023-12-15,Friday,20876,122,1040,2.0,89.42,0.3,178.84,53.652,125.188,47.28,30.628,0.2446560373198709,Gift Card,Mobile App,True,Bundle Deal,Stormy,False,306,False,340,244,-96.0,False,5.0
20230020,2023-10-16,Monday,20834,149,1046,3.0,574.74,0.0,1724.22,0.0,1724.22,345.33,688.23,0.3991544002505481,EBT,Online,False,None,Sunny,False,376,False,46,49,3.0,False,4.0
20230021,2024-04-15,Monday,20615,125,1029,1.0,2184.26,0.25,2184.26,546.065,1638.195,1429.66,208.535,0.12729559057377177,Digital Wallet,Online,True,Bundle Deal,Cloudy,False,41,False,178,201,23.0,False,3.0
20230022,2024-07-17,Wednesday,20297,124,1026,7.0,214.8,0.0,1503.6,0.0,1503.6,130.01,593.53,0.3947392923649908,Cash,Curbside Pickup,False,None,Cloudy,False,452,False,185,221,36.0,False,1.0
20230023,2024-11-18,Monday,20393,110,1022,2.0,313.22,0.0,626.44,0.0,626.44,187.99,250.46,0.3998148266394228,Gift Card,Mobile App,False,None,Sunny,False,69,False,104,138,34.0,False,5.0
20230024,2024-05-19,Sunday,20939,108,1001,2.0,636.21,0.0,1272.42,0.0,1272.42,419.73,432.96,0.34026500683736505,Credit Card,Mobile App,False,None,Sunny,False,463,False,375,336,-39.0,False,5.0
20230025,2023-07-12,Wednesday,21051,142,1020,4.0,339.73,0.0,1358.92,0.0,1358.92,190.07,598.64,0.44052630029729495,Digital Wallet,Online,False,None,Cloudy,False,36,False,140,94,-46.0,False,1.0
20230026,2023-04-20,Thursday,20780,104,1010,2.0,407.44,0.13,814.88,105.9344,708.9456,261.42,186.1056,0.26251040982552115,Cash,In-Store,True,Loyalty Reward,Snowy,False,79,False,419,527,108.0,False,3.0
20230027,2024-04-11,Thursday,20304,136,1024,4.0,509.67,0.0,2038.68,0.0,2038.68,283.62,904.2,0.4435222791217847,Gift Card,In-Store,False,None,Stormy,False,492,False,139,192,53.0,False,2.0
20230028,2024-11-06,Wednesday,20484,111,1017,7.0,133.36,0.0,933.52,0.0,933.52,93.3,280.42,0.30038992201559694,Cash,In-Store,False,None,Sunny,False,310,False,205,186,-19.0,False,3.0
20230029,2023-05-23,Tuesday,21150,117,1032,1.0,959.16,0.23,959.16,220.6068,738.5532,572.31,166.2432,0.22509306032388732,Gift Card,Online,True,Manufacturer Rebate,Snowy,False,418,False,266,333,67.0,False,3.0
20230030,2023-04-04,Tuesday,20392,137,1018,3.0,343.77,0.0,1031.31,0.0,1031.31,198.14,436.89,0.42362626174477125,EBT,Online,False,None,Rainy,False,163,False,447,369,-78.0,False,4.0
20230031,2023-03-08,Wednesday,20408,103,1015,7.0,248.96,0.0,1742.72,0.0,1742.72,149.38,697.06,0.3999839331619538,EBT,Online,False,None,Cloudy,False,23,True,346,268,-78.0,False,2.0
20230032,2023-12-03,Sunday,20412,142,1029,2.0,2143.36,0.0,4286.72,0.0,4286.72,1429.66,1427.4,0.33298186025679305,Credit Card,In-Store,False,None,Sunny,False,433,False,418,584,166.0,False,3.0
20230033,2024-11-13,Wednesday,20327,135,1033,2.0,824.83,0.0,1649.66,0.0,1649.66,465.85,717.96,0.4352169537965399,Credit Card,Curbside Pickup,False,None,Snowy,False,212,False,429,330,-99.0,False,2.0
20230034,2024-07-10,Wednesday,20559,142,1022,3.0,327.14,0.0,981.42,0.0,981.42,187.99,417.45,0.4253530598520511,Debit Card,Online,False,None,Rainy,False,228,False,30,39,9.0,False,3.0
20230035,2024-12-11,Wednesday,20254,130,1015,4.0,233.84,0.28,935.36,261.9008,673.4592,149.38,75.9392,0.11275991181054476,Digital Wallet,In-Store,True,Percentage Discount,Sunny,False,384,False,359,510,151.0,False,5.0
20230036,2023-05-31,Wednesday,20314,123,1035,1.0,731.35,0.0,731.35,0.0,731.35,403.28,328.07,0.44858139057906615,Debit Card,Mobile App,False,None,Snowy,False,20,True,310,397,87.0,False,1.0
20230037,2024-08-21,Wednesday,20058,123,1034,1.0,1592.13,0.0,1592.13,0.0,1592.13,1145.68,446.45,0.2804105192415192,Cash,Mobile App,False,None,Rainy,False,368,False,416,586,170.0,False,5.0
20230038,2023-04-12,Wednesday,20585,116,1009,2.0,1805.99,0.0,3611.98,0.0,3611.98,1077.88,1456.22,0.40316391563629916,EBT,Online,False,None,Stormy,False,176,False,191,121,-70.0,False,2.0
20230039,2024-09-21,Saturday,20431,106,1017,1.0,121.67,0.0,121.67,0.0,121.67,93.3,28.37,0.23317169392619383,Cash,In-Store,False,None,Rainy,False,1,True,165,115,-50.0,False,3.0
20230040,2024-10-13,Sunday,20913,119,1038,1.0,144.39,0.0,144.39,0.0,144.39,88.81,55.58,0.38492970427314904,Digital Wallet,Mobile App,False,None,Cloudy,False,46,False,471,398,-73.0,False,2.0
20230041,2023-02-05,Sunday,20671,133,1024,2.0,492.46,0.0,984.92,0.0,984.92,283.62,417.68,0.42407505178085525,Debit Card,Online,False,None,Snowy,False,101,False,255,193,-62.0,False,4.0
20230042,2024-05-28,Tuesday,20325,109,1005,2.0,1080.75,0.25,2161.5,540.375,1621.125,774.22,72.685,0.04483614773691106,Cash,Mobile App,True,BOGO,Sunny,False,295,False,448,559,111.0,False,5.0
20230043,2024-02-22,Thursday,20783,108,1037,3.0,382.16,0.0,1146.48,0.0,1146.48,270.26,335.7,0.2928092945363199,Digital Wallet,Mobile App,False,None,Snowy,False,465,False,136,154,18.0,False,1.0
20230044,2023-12-29,Friday,20429,114,1001,2.0,640.12,0.0,1280.24,0.0,1280.24,419.73,440.78,0.3442948197213022,Digital Wallet,Mobile App,False,None,Rainy,False,462,False,424,497,73.0,False,5.0
20230045,2024-02-17,Saturday,20575,137,1039,1.0,102.06,0.0,102.06,0.0,102.06,71.53,30.53,0.29913776210072507,Cash,Online,False,None,Rainy,False,507,False,324,265,-59.0,False,2.0
20230046,2024-12-02,Monday,20748,115,1012,1.0,250.87,0.0,250.87,0.0,250.87,173.37,77.5,0.30892494120460795,Digital Wallet,Mobile App,False,None,Cloudy,False,500,False,409,536,127.0,False,2.0
20230047,2024-12-23,Monday,20589,122,1001,4.0,671.21,0.0,2684.84,0.0,2684.84,419.73,1005.92,0.3746666468020441,Digital Wallet,Mobile App,False,None,Windy,False,111,False,35,31,-4.0,False,3.0
20230048,2024-10-16,Wednesday,20746,124,1025,3.0,567.25,0.0,1701.75,0.0,1701.75,301.28,797.91,0.46887615689731166,Credit Card,Curbside Pickup,False,None,Cloudy,False,235,False,211,204,-7.0,False,4.0
20230049,2023-08-13,Sunday,21063,136,1026,7.0,238.38,0.0,1668.66,0.0,1668.66,130.01,758.59,0.454610286097827,Digital Wallet,In-Store,False,None,Stormy,False,232,False,418,473,55.0,False,2.0
20230050,2024-12-12,Thursday,20789,146,1012,4.0,238.39,0.0,953.56,0.0,953.56,173.37,260.08,0.27274634003104153,Digital Wallet,In-Store,False,None,Sunny,False,269,False,144,183,39.0,False,1.0
20230051,2023-09-28,Thursday,20919,115,1013,5.0,171.81,0.32,859.05,274.896,584.154,118.75,-9.596,-0.01642717502576376,Digital Wallet,Curbside Pickup,True,Clearance,Windy,False,113,False,206,267,61.0,False,3.0
20230052,2023-10-09,Monday,20758,105,1030,1.0,841.91,0.0,841.91,0.0,841.91,569.19,272.72,0.32393011129455634,Cash,Curbside Pickup,False,None,Sunny,False,178,False,65,57,-8.0,False,5.0
20230053,2023-05-21,Sunday,20691,113,1028,2.0,748.4,0.0,1496.8,0.0,1496.8,494.36,508.08,0.339444147514698,Debit Card,Curbside Pickup,False,None,Sunny,False,290,False,180,142,-38.0,False,2.0
20230054,2024-06-12,Wednesday,20013,110,1025,1.0,560.66,0.0,560.66,0.0,560.66,301.28,259.38,0.46263332500980986,Digital Wallet,Online,False,None,Sunny,False,383,False,62,68,6.0,False,2.0
20230055,2024-11-15,Friday,21115,123,1047,2.0,392.53,0.05,785.06,39.253,745.807,273.17,199.467,0.26745123068032334,Credit Card,Mobile App,True,Bundle Deal,Sunny,False,90,False,321,319,-2.0,True,1.0
20230056,2024-09-30,Monday,20663,141,1038,2.0,148.6,0.0,297.2,0.0,297.2,88.81,119.58,0.4023553162853297,Credit Card,Mobile App,False,None,Snowy,False,478,False,146,124,-22.0,False,5.0
20230057,2023-11-22,Wednesday,21105,142,1007,2.0,1097.21,0.15,2194.42,329.163,1865.257,637.12,591.017,0.31685553250838894,Gift Card,Curbside Pickup,True,Bundle Deal,Snowy,False,50,False,410,249,-161.0,False,1.0
20230058,2023-09-21,Thursday,20533,116,1004,4.0,662.73,0.29,2650.92,768.7668,1882.1532,445.03,102.0332,0.0542108899530603,Gift Card,In-Store,True,Clearance,Snowy,False,23,True,441,365,-76.0,False,4.0
20230059,2023-08-17,Thursday,20484,101,1033,2.0,811.38,0.08,1622.76,129.8208,1492.9392,465.85,561.2392,0.3759290398430157,Cash,Mobile App,True,BOGO,Sunny,False,457,False,401,312,-89.0,False,1.0
20230060,2024-11-12,Tuesday,21004,138,1043,1.0,122.52,0.0,122.52,0.0,122.52,75.88,46.64,0.38067254325824357,Cash,In-Store,False,None,Windy,False,88,False,82,50,-32.0,False,4.0
20230061,2023-05-22,Monday,20928,135,1008,2.0,668.99,0.0,1337.98,0.0,1337.98,397.4,543.18,0.40597019387434796,Cash,Curbside Pickup,False,None,Sunny,False,271,False,209,182,-27.0,False,1.0
20230062,2024-09-13,Friday,20472,138,1048,3.0,286.51,0.18,859.53,154.7154,704.8146,184.37,151.7046,0.2152404334416454,EBT,Mobile App,True,Bundle Deal,Stormy,False,130,False,460,604,144.0,False,5.0
20230063,2024-03-23,Saturday,20251,143,1033,1.0,799.77,0.0,799.77,0.0,799.77,465.85,333.92,0.4175200370106405,Gift Card,Curbside Pickup,False,None,Stormy,False,85,False,96,77,-19.0,False,1.0
20230064,2023-11-22,Wednesday,20819,142,1004,2.0,688.61,0.0,1377.22,0.0,1377.22,445.03,487.16,0.353727073379707,Gift Card,Curbside Pickup,False,None,Windy,False,229,False,57,57,0.0,False,1.0
20230065,2024-05-31,Friday,20916,148,1034,1.0,1591.1,0.28,1591.1,445.508,1145.592,1145.68,-0.088,-7.681617888409907e-05,Gift Card,In-Store,True,Loyalty Reward,Rainy,False,453,False,189,132,-57.0,True,2.0
20230066,2023-11-04,Saturday,20142,122,1010,2.0,417.7,0.25,835.4,208.85,626.55,261.42,103.71,0.1655254967680152,EBT,Curbside Pickup,True,Loyalty Reward,Stormy,False,69,False,172,181,9.0,True,1.0
20230067,2024-03-07,Thursday,20550,136,1004,1.0,692.43,0.0,692.43,0.0,692.43,445.03,247.4,0.3572924338922346,Cash,Online,False,None,Windy,False,215,False,419,483,64.0,False,4.0
20230068,2023-12-26,Tuesday,21143,110,1012,6.0,255.29,0.0,1531.74,0.0,1531.74,173.37,491.52,0.3208899682713776,Cash,In-Store,False,None,Snowy,False,434,False,329,365,36.0,False,2.0
20230069,2024-08-13,Tuesday,20462,118,1037,1.0,380.19,0.06,380.19,22.8114,357.3786,270.26,87.1186,0.24377117152509975,Cash,Curbside Pickup,True,Loyalty Reward,Windy,False,425,False,51,35,-16.0,False,5.0
20230070,2024-09-22,Sunday,20522,113,1049,6.0,163.6,0.0,981.6,0.0,981.6,117.26,278.04,0.2832518337408312,Debit Card,In-Store,False,None,Cloudy,False,434,False,99,128,29.0,False,5.0
20230071,2023-01-26,Thursday,21162,127,1036,1.0,1074.72,0.14,1074.72,150.4608,924.2592,738.32,185.9392,0.2011764665150208,Gift Card,Mobile App,True,Clearance,Snowy,False,402,False,174,203,29.0,False,3.0
20230072,2023-05-12,Friday,20597,103,1013,7.0,168.39,0.25,1178.73,294.6825,884.0475,118.75,52.7975,0.059722469663677585,Debit Card,Mobile App,True,Loyalty Reward,Rainy,False,19,True,239,257,18.0,False,2.0
20230073,2023-12-18,Monday,21026,147,1009,2.0,1844.56,0.2,3689.12,737.824,2951.296,1077.88,795.536,0.26955479897644957,Gift Card,Curbside Pickup,True,Manufacturer Rebate,Snowy,False,38,False,427,608,181.0,False,5.0
20230074,2024-01-01,Monday,21193,111,1020,4.0,353.84,0.13,1415.36,183.9968,1231.3632,190.07,471.0832,0.38257047149045864,Debit Card,Curbside Pickup,True,Percentage Discount,Sunny,True,476,False,304,242,-62.0,False,3.0
20230075,2023-06-21,Wednesday,20093,118,1018,3.0,344.3,0.0,1032.9,0.0,1032.9,198.14,438.48,0.4245135056636655,Gift Card,Mobile App,False,None,Snowy,False,263,False,288,208,-80.0,False,1.0
20230076,2023-06-18,Sunday,20576,107,1021,3.0,80.2,0.0,240.6,0.0,240.6,45.04,105.48,0.4384039900249377,Credit Card,Mobile App,False,None,Windy,False,180,False,181,234,53.0,False,1.0
20230077,2024-05-28,Tuesday,20219,121,1012,3.0,235.36,0.0,706.08,0.0,706.08,173.37,185.97,0.2633837525492862,Digital Wallet,In-Store,False,None,Sunny,False,121,False,150,168,18.0,False,2.0
20230078,2023-01-12,Thursday,20219,121,1025,3.0,529.74,0.0,1589.22,0.0,1589.22,301.28,685.38,0.43126816929059547,Digital Wallet,In-Store,False,None,Rainy,False,321,False,334,238,-96.0,False,3.0
20230079,2024-11-23,Saturday,20014,106,1033,1.0,805.29,0.0,805.29,0.0,805.29,465.85,339.44,0.42151274696072216,Cash,Curbside Pickup,False,None,Snowy,False,367,False,183,261,78.0,False,3.0
20230080,2023-06-11,Sunday,20309,126,1038,7.0,144.36,0.08,1010.52,80.8416,929.6784,88.81,308.0084,0.3313063958461335,Digital Wallet,Mobile App,True,BOGO,Cloudy,False,191,False,184,168,-16.0,False,3.0
20230081,2023-05-23,Tuesday,20566,150,1027,5.0,60.8,0.0,304.0,0.0,304.0,37.44,116.8,0.3842105263157895,Credit Card,In-Store,False,None,Stormy,False,427,False,262,272,10.0,False,5.0
20230082,2023-12-20,Wednesday,20783,108,1031,3.0,553.32,0.0,1659.96,0.0,1659.96,402.09,453.69,0.27331381479071787,Cash,Mobile App,False,None,Cloudy,False,343,False,69,50,-19.0,False,5.0
20230083,2024-06-26,Wednesday,20738,125,1019,1.0,1324.83,0.0,1324.83,0.0,1324.83,867.36,457.47,0.3453046806005298,Debit Card,Mobile App,False,None,Stormy,False,352,False,90,64,-26.0,False,3.0
20230084,2023-08-19,Saturday,20606,122,1040,4.0,84.91,0.0,339.64,0.0,339.64,47.28,150.52,0.44317512660464015,Credit Card,Curbside Pickup,False,None,Cloudy,False,229,False,266,253,-13.0,False,5.0
20230085,2023-10-04,Wednesday,20602,148,1008,2.0,614.31,0.0,1228.62,0.0,1228.62,397.4,433.82,0.3530953427422637,Gift Card,Curbside Pickup,False,None,Cloudy,False,68,False,411,341,-70.0,False,3.0
20230086,2024-09-18,Wednesday,21161,112,1031,4.0,557.73,0.0,2230.92,0.0,2230.92,402.09,622.56,0.2790597600989727,Digital Wallet,Mobile App,False,None,Cloudy,False,226,False,460,288,-172.0,False,3.0
20230087,2023-03-29,Wednesday,20909,145,1026,4.0,219.27,0.0,877.08,0.0,877.08,130.01,357.04,0.4070780316504766,Gift Card,Mobile App,False,None,Windy,False,81,False,228,187,-41.0,False,2.0
20230088,2023-12-20,Wednesday,20838,140,1009,2.0,1678.73,0.33,3357.46,1107.9618,2249.4982,1077.88,93.7382,0.04167071571784311,Gift Card,In-Store,True,BOGO,Stormy,False,478,False,80,97,17.0,False,3.0
20230089,2023-11-30,Thursday,21138,142,1025,2.0,531.61,0.06,1063.22,63.7932,999.4268,301.28,396.8668,0.39709441451840205,Credit Card,Online,True,BOGO,Sunny,False,428,False,40,41,1.0,False,3.0
20230090,2023-11-29,Wednesday,20034,126,1040,5.0,91.71,0.0,458.55,0.0,458.55,47.28,222.15,0.484461890742558,Digital Wallet,Online,False,None,Sunny,True,181,False,132,118,-14.0,False,1.0
20230091,2024-04-10,Wednesday,20139,141,1043,2.0,122.94,0.0,245.88,0.0,245.88,75.88,94.12,0.38278835204164635,EBT,In-Store,False,None,Sunny,False,302,False,328,324,-4.0,False,5.0
20230092,2023-03-28,Tuesday,20631,113,1043,5.0,118.15,0.0,590.75,0.0,590.75,75.88,211.35,0.35776555226407114,Cash,Online,False,None,Sunny,False,156,False,183,156,-27.0,False,1.0
20230093,2023-12-25,Monday,20091,117,1023,4.0,128.52,0.0,514.08,0.0,514.08,70.74,231.12,0.4495798319327732,EBT,Mobile App,False,None,Windy,True,44,False,251,291,40.0,False,3.0
20230094,2023-12-18,Monday,20626,115,1024,4.0,474.68,0.0,1898.72,0.0,1898.72,283.62,764.24,0.4025027386871155,Gift Card,Curbside Pickup,False,None,Sunny,False,341,False,329,355,26.0,False,3.0
20230095,2024-07-24,Wednesday,21173,122,1046,4.0,568.04,0.0,2272.16,0.0,2272.16,345.33,890.84,0.3920674600380255,Digital Wallet,Online,False,None,Stormy,False,38,False,302,349,47.0,True,4.0
20230096,2024-11-03,Sunday,20777,124,1013,7.0,177.14,0.11,1239.98,136.3978,1103.5822,118.75,272.3322,0.24677110594933485,EBT,Mobile App,True,Manufacturer Rebate,Snowy,False,264,False,302,276,-26.0,False,1.0
20230097,2024-05-16,Thursday,20508,129,1044,3.0,72.15,0.15,216.45,32.4675,183.9825,46.06,45.8025,0.24895030777383723,EBT,Online,True,Clearance,Sunny,False,208,False,115,93,-22.0,False,2.0
20230098,2024-11-22,Friday,20602,148,1033,2.0,808.16,0.28,1616.32,452.5696,1163.7504,465.85,232.0504,0.1993987714204007,Digital Wallet,Mobile App,True,Bundle Deal,Sunny,False,320,False,166,240,74.0,False,3.0
20230099,2023-11-28,Tuesday,20821,150,1032,2.0,884.22,0.0,1768.44,0.0,1768.44,572.31,623.82,0.352751577661668,Cash,Mobile App,False,None,Windy,True,35,False,110,138,28.0,False,3.0
20230100,2024-02-08,Thursday,20510,109,1047,4.0,400.01,0.23,1600.04,368.0092,1232.0308,273.17,139.3508,0.11310658791971753,Credit Card,In-Store,True,Bundle Deal,Windy,False,85,False,113,94,-19.0,False,2.0
20230101,2023-11-29,Wednesday,20055,107,1022,2.0,327.21,0.0,654.42,0.0,654.42,187.99,278.44,0.42547599400996294,Digital Wallet,In-Store,False,None,Cloudy,True,107,False,245,230,-15.0,False,4.0
20230102,2023-11-11,Saturday,20099,132,1002,2.0,1281.93,0.09,2563.86,230.7474,2333.1126,759.3,814.5126,0.3491098543636514,Credit Card,Mobile App,True,Bundle Deal,Cloudy,False,479,False,261,181,-80.0,False,4.0
20230103,2024-12-16,Monday,20565,121,1044,3.0,68.26,0.07,204.78,14.3346,190.4454,46.06,52.2654,0.2744377128562833,Credit Card,Online,True,Bundle Deal,Sunny,False,456,False,173,174,1.0,False,3.0
20230104,2024-11-16,Saturday,20940,140,1002,1.0,1229.32,0.0,1229.32,0.0,1229.32,759.3,470.02,0.38234145706569483,Gift Card,In-Store,False,None,Cloudy,False,435,False,423,586,163.0,False,5.0
20230105,2023-12-14,Thursday,20255,119,1005,1.0,1104.21,0.3,1104.21,331.263,772.947,774.22,-1.273,-0.0016469434514913839,Debit Card,Curbside Pickup,True,BOGO,Cloudy,False,380,False,306,243,-63.0,False,3.0
20230106,2024-11-29,Friday,20304,136,1018,1.0,348.64,0.0,348.64,0.0,348.64,198.14,150.5,0.43167737494263425,Digital Wallet,Online,False,None,Cloudy,True,219,False,419,462,43.0,False,1.0
20230107,2023-04-01,Saturday,20185,119,1035,3.0,699.85,0.18,2099.55,377.919,1721.631,403.28,511.791,0.2972710180056006,Gift Card,Online,True,Clearance,Cloudy,False,415,False,285,345,60.0,False,4.0
20230108,2023-09-23,Saturday,20438,141,1001,4.0,651.95,0.0,2607.8,0.0,2607.8,419.73,928.88,0.3561929595827901,EBT,In-Store,False,None,Sunny,False,82,False,170,166,-4.0,False,3.0
20230109,2023-09-12,Tuesday,20817,105,1006,3.0,273.17,0.0,819.51,0.0,819.51,163.55,328.86,0.4012885748801112,Credit Card,Online,False,None,Snowy,False,493,False,149,96,-53.0,False,5.0
20230110,2023-10-30,Monday,20413,105,1009,2.0,1771.59,0.0,3543.18,0.0,3543.18,1077.88,1387.42,0.3915748000383835,Gift Card,Mobile App,False,None,Cloudy,False,508,False,391,510,119.0,False,4.0
20230111,2024-06-22,Saturday,20211,125,1029,1.0,2252.14,0.0,2252.14,0.0,2252.14,1429.66,822.48,0.3651993215341852,Digital Wallet,Mobile App,False,None,Snowy,False,431,False,340,321,-19.0,True,5.0
20230112,2023-12-27,Wednesday,20716,113,1027,2.0,58.42,0.16,116.84,18.6944,98.1456,37.44,23.2656,0.2370518902528489,Debit Card,Curbside Pickup,True,Loyalty Reward,Windy,False,15,True,281,226,-55.0,False,4.0
20230113,2024-05-30,Thursday,20561,115,1008,2.0,668.7,0.09,1337.4,120.366,1217.034,397.4,422.234,0.34693689740796074,Digital Wallet,In-Store,True,Loyalty Reward,Sunny,False,147,False,215,306,91.0,False,1.0
20230114,2023-05-17,Wednesday,20740,148,1045,5.0,220.33,0.31,1101.65,341.5115,760.1385,159.92,-39.4615,-0.05191356575150435,Digital Wallet,Curbside Pickup,True,Percentage Discount,Cloudy,False,156,False,478,503,25.0,False,3.0
20230115,2023-12-01,Friday,20531,142,1025,1.0,534.66,0.0,534.66,0.0,534.66,301.28,233.38,0.4365017020162346,Cash,In-Store,False,None,Stormy,False,285,False,308,217,-91.0,False,1.0
20230116,2023-07-17,Monday,20389,130,1022,1.0,334.86,0.0,334.86,0.0,334.86,187.99,146.87,0.43860120647434747,Cash,In-Store,False,None,Rainy,False,200,False,175,122,-53.0,True,5.0
20230117,2024-09-19,Thursday,20482,113,1004,3.0,714.64,0.0,2143.92,0.0,2143.92,445.03,808.83,0.37726687562968775,Gift Card,Curbside Pickup,False,None,Sunny,False,79,False,47,68,21.0,False,1.0
20230118,2024-04-23,Tuesday,21172,125,1025,1.0,559.37,0.12,559.37,67.1244,492.2456,301.28,190.9656,0.38794780491689523,Digital Wallet,Curbside Pickup,True,Loyalty Reward,Snowy,False,167,False,196,167,-29.0,False,2.0
20230119,2024-12-17,Tuesday,20762,136,1015,5.0,248.7,0.25,1243.5,310.875,932.625,149.38,185.725,0.19914220613858735,Credit Card,Online,True,Loyalty Reward,Sunny,False,455,False,292,288,-4.0,False,5.0
20230120,2023-12-14,Thursday,20742,106,1019,2.0,1354.56,0.0,2709.12,0.0,2709.12,867.36,974.4,0.35967399007795886,EBT,Online,False,None,Sunny,False,22,True,209,145,-64.0,False,5.0
20230121,2023-01-14,Saturday,20502,138,1038,2.0,141.5,0.07,283.0,19.81,263.19,88.81,85.57,0.3251263345871803,EBT,Curbside Pickup,True,Clearance,Stormy,False,121,False,450,480,30.0,False,2.0
20230122,2023-12-26,Tuesday,20509,145,1020,1.0,348.37,0.0,348.37,0.0,348.37,190.07,158.3,0.454401928983552,Digital Wallet,Curbside Pickup,False,None,Cloudy,False,369,False,83,73,-10.0,False,3.0
20230123,2023-08-04,Friday,20227,121,1036,2.0,1065.59,0.0,2131.18,0.0,2131.18,738.32,654.54,0.30712562993271325,EBT,In-Store,False,None,Sunny,False,346,False,171,220,49.0,False,3.0
20230124,2024-07-13,Saturday,20870,120,1003,1.0,1779.55,0.2,1779.55,355.91,1423.64,1394.94,28.7,0.02015959090781365,Gift Card,Online,True,Loyalty Reward,Stormy,False,354,False,477,405,-72.0,False,2.0
20230125,2024-07-31,Wednesday,20499,132,1012,4.0,232.52,0.24,930.08,223.2192,706.8608,173.37,13.3808,0.018929893976296353,Debit Card,Online,True,Bundle Deal,Rainy,False,239,False,452,399,-53.0,False,5.0
20230126,2023-04-16,Sunday,20695,134,1013,2.0,168.11,0.0,336.22,0.0,336.22,118.75,98.72,0.2936172744036643,Gift Card,Mobile App,False,None,Rainy,False,92,False,458,641,183.0,False,2.0
20230127,2024-04-16,Tuesday,20336,143,1006,1.0,288.07,0.16,288.07,46.0912,241.9788,163.55,78.4288,0.32411434390120114,Credit Card,Online,True,Percentage Discount,Sunny,False,70,False,200,265,65.0,False,4.0
20230128,2024-09-01,Sunday,21018,124,1039,2.0,99.74,0.0,199.48,0.0,199.48,71.53,56.42,0.28283537196711445,EBT,Online,False,None,Sunny,False,196,False,245,232,-13.0,False,5.0
20230129,2024-01-13,Saturday,21113,104,1045,2.0,239.96,0.0,479.92,0.0,479.92,159.92,160.08,0.33355559259876655,Credit Card,Mobile App,False,None,Cloudy,False,194,False,148,144,-4.0,False,3.0
20230130,2023-11-30,Thursday,20347,109,1035,2.0,707.66,0.0,1415.32,0.0,1415.32,403.28,608.76,0.43012180990871324,Digital Wallet,In-Store,False,None,Stormy,False,484,False,199,287,88.0,False,1.0
20230131,2024-11-25,Monday,20736,138,1006,1.0,260.06,0.29,260.06,75.4174,184.6426,163.55,21.0926,0.11423474322826911,Debit Card,Mobile App,True,Manufacturer Rebate,Sunny,False,188,False,385,432,47.0,False,1.0
20230132,2023-07-06,Thursday,20947,104,1025,3.0,520.06,0.0,1560.18,0.0,1560.18,301.28,656.34,0.42068222897358,Digital Wallet,Mobile App,False,None,Stormy,False,294,False,264,320,56.0,False,3.0
20230133,2023-07-22,Saturday,20893,120,1010,4.0,389.13,0.21,1556.52,326.8692,1229.6508,261.42,183.9708,0.14961223137495608,Gift Card,Curbside Pickup,True,BOGO,Cloudy,False,319,False,291,277,-14.0,False,2.0
20230134,2024-12-09,Monday,20093,118,1022,2.0,325.07,0.13,650.14,84.5182,565.6218,187.99,189.6418,0.33528021727592533,Debit Card,Curbside Pickup,True,Bundle Deal,Sunny,False,330,False,259,194,-65.0,False,3.0
20230135,2024-05-03,Friday,20424,109,1044,4.0,66.77,0.14,267.08,37.3912,229.6888,46.06,45.4488,0.197871206606504,Debit Card,Mobile App,True,Bundle Deal,Rainy,False,309,False,262,181,-81.0,False,2.0
20230136,2023-11-23,Thursday,20883,108,1019,2.0,1272.71,0.0,2545.42,0.0,2545.42,867.36,810.7,0.3184936081275389,Credit Card,Curbside Pickup,False,None,Sunny,False,223,False,79,68,-11.0,False,4.0
20230137,2023-02-01,Wednesday,20375,103,1022,2.0,322.02,0.0,644.04,0.0,644.04,187.99,268.06,0.4162163840755232,Digital Wallet,Mobile App,False,None,Cloudy,False,294,False,296,338,42.0,False,2.0
20230138,2024-12-11,Wednesday,20764,127,1006,7.0,291.92,0.0,2043.44,0.0,2043.44,163.55,898.59,0.4397437654151822,Debit Card,In-Store,False,None,Snowy,False,201,False,408,315,-93.0,True,2.0
20230139,2023-03-08,Wednesday,20224,126,1027,2.0,62.64,0.0,125.28,0.0,125.28,37.44,50.4,0.4022988505747127,Credit Card,Mobile App,False,None,Stormy,False,505,False,122,117,-5.0,False,3.0
20230140,2024-11-07,Thursday,20396,148,1004,3.0,715.13,0.0,2145.39,0.0,2145.39,445.03,810.3,0.377693566204746,EBT,Online,False,None,Sunny,False,478,False,239,334,95.0,False,3.0
20230141,2024-10-28,Monday,20349,137,1030,1.0,837.16,0.0,837.16,0.0,837.16,569.19,267.97,0.32009412776530166,Cash,Mobile App,False,None,Stormy,False,243,False,20,25,5.0,False,4.0
20230142,2024-01-14,Sunday,21082,105,1019,2.0,1250.68,0.1,2501.36,250.136,2251.224,867.36,516.504,0.22943252204134287,EBT,Curbside Pickup,True,Bundle Deal,Cloudy,False,504,False,94,68,-26.0,False,2.0
20230143,2023-01-21,Saturday,20719,106,1010,3.0,391.41,0.0,1174.23,0.0,1174.23,261.42,389.97,0.3321069977772668,Digital Wallet,Online,False,None,Rainy,False,79,False,196,135,-61.0,False,1.0
20230144,2023-04-05,Wednesday,20745,131,1030,1.0,883.66,0.32,883.66,282.7712,600.8888,569.19,31.6988,0.052753188277098684,Debit Card,Mobile App,True,Clearance,Cloudy,False,359,False,51,35,-16.0,False,3.0
20230145,2024-03-02,Saturday,21132,134,1003,2.0,1867.36,0.0,3734.72,0.0,3734.72,1394.94,944.84,0.2529881758204095,EBT,Online,False,None,Sunny,False,346,False,439,334,-105.0,False,5.0
20230146,2023-04-23,Sunday,20475,115,1040,7.0,90.44,0.0,633.08,0.0,633.08,47.28,302.12,0.4772224679345421,Gift Card,In-Store,False,None,Cloudy,False,157,False,391,394,3.0,False,4.0
20230147,2024-11-11,Monday,21161,112,1004,4.0,680.45,0.0,2721.8,0.0,2721.8,445.03,941.68,0.3459769270335808,Cash,In-Store,False,None,Snowy,False,168,False,386,262,-124.0,False,5.0
20230148,2023-12-29,Friday,20020,149,1031,4.0,563.46,0.0,2253.84,0.0,2253.84,402.09,645.48,0.2863912256415718,Digital Wallet,Online,False,None,Stormy,False,482,False,49,49,0.0,False,5.0
20230149,2023-12-15,Friday,20966,142,1030,2.0,883.59,0.34,1767.18,600.8412,1166.3388,569.19,27.9588,0.02397142236886905,Cash,Mobile App,True,Bundle Deal,Cloudy,False,147,False,394,555,161.0,False,4.0
20230150,2024-11-20,Wednesday,21061,137,1032,1.0,943.44,0.26,943.44,245.2944,698.1456,572.31,125.8356,0.18024263133650073,EBT,Curbside Pickup,True,Clearance,Sunny,False,100,False,440,544,104.0,False,3.0
20230151,2023-08-23,Wednesday,21196,141,1045,5.0,217.27,0.0,1086.35,0.0,1086.35,159.92,286.75,0.26395728816679725,EBT,Curbside Pickup,False,None,Windy,False,446,False,395,492,97.0,False,4.0
20230152,2024-07-05,Friday,20942,142,1050,1.0,1230.77,0.0,1230.77,0.0,1230.77,742.28,488.49,0.39689787693882694,Debit Card,In-Store,False,None,Stormy,False,342,False,343,461,118.0,False,4.0
20230153,2023-03-17,Friday,20761,108,1041,4.0,619.36,0.0,2477.44,0.0,2477.44,486.05,533.24,0.21523831051407905,Credit Card,Mobile App,False,None,Sunny,False,217,False,266,239,-27.0,True,2.0
20230154,2023-06-26,Monday,20132,111,1021,6.0,75.76,0.21,454.56,95.4576,359.1024,45.04,88.8624,0.24745699276863653,Debit Card,In-Store,True,Manufacturer Rebate,Stormy,False,105,False,284,354,70.0,False,3.0
20230155,2023-12-17,Sunday,20691,113,1039,7.0,97.75,0.0,684.25,0.0,684.25,71.53,183.54,0.268235294117647,Gift Card,Curbside Pickup,False,None,Windy,False,98,False,307,234,-73.0,False,2.0
20230156,2024-07-09,Tuesday,21045,115,1006,3.0,272.7,0.0,818.1,0.0,818.1,163.55,327.45,0.40025669233590017,Credit Card,In-Store,False,None,Snowy,False,283,False,270,385,115.0,False,2.0
20230157,2023-08-24,Thursday,20381,118,1011,2.0,882.17,0.08,1764.34,141.1472,1623.1928,618.67,385.8528,0.23771224219328715,Credit Card,Curbside Pickup,True,Clearance,Sunny,False,503,False,26,34,8.0,False,4.0
20230158,2023-12-23,Saturday,20621,117,1018,4.0,334.36,0.09,1337.44,120.3696,1217.0704,198.14,424.5104,0.3487969142951797,EBT,Mobile App,True,BOGO,Rainy,False,474,False,219,170,-49.0,False,5.0
20230159,2024-04-13,Saturday,20047,106,1049,5.0,154.84,0.0,774.2,0.0,774.2,117.26,187.9,0.2427021441487987,Gift Card,In-Store,False,None,Cloudy,False,246,False,115,112,-3.0,True,4.0
20230160,2023-03-10,Friday,20181,103,1021,1.0,80.04,0.0,80.04,0.0,80.04,45.04,35.0,0.4372813593203399,Gift Card,Curbside Pickup,False,None,Cloudy,False,278,False,151,213,62.0,False,3.0
20230161,2023-01-15,Sunday,20551,117,1026,4.0,232.56,0.09,930.24,83.7216,846.5184,130.01,326.4784,0.3856719475914523,Gift Card,Curbside Pickup,True,Clearance,Rainy,False,187,False,410,399,-11.0,False,2.0
20230162,2023-01-31,Tuesday,20732,102,1048,2.0,266.83,0.0,533.66,0.0,533.66,184.37,164.92,0.30903571562418014,Gift Card,Curbside Pickup,False,None,Cloudy,False,181,False,110,155,45.0,False,2.0
20230163,2024-12-03,Tuesday,21106,103,1032,1.0,953.53,0.0,953.53,0.0,953.53,572.31,381.22,0.39979864293729617,Digital Wallet,Online,False,None,Sunny,False,296,False,433,497,64.0,True,4.0
20230164,2023-09-13,Wednesday,21143,110,1012,4.0,242.55,0.0,970.2,0.0,970.2,173.37,276.72,0.28521954236239955,EBT,In-Store,False,None,Cloudy,False,234,False,322,242,-80.0,False,5.0
20230165,2024-07-21,Sunday,20250,137,1031,1.0,511.47,0.0,511.47,0.0,511.47,402.09,109.38,0.21385418499618755,Cash,In-Store,False,None,Sunny,False,401,False,357,503,146.0,False,4.0
20230166,2023-12-13,Wednesday,21179,150,1023,4.0,131.83,0.0,527.32,0.0,527.32,70.74,244.36,0.46339983311841015,EBT,In-Store,False,None,Stormy,False,455,False,366,237,-129.0,False,5.0
20230167,2023-05-17,Wednesday,20689,110,1041,2.0,627.16,0.0,1254.32,0.0,1254.32,486.05,282.22,0.22499840551055547,EBT,Mobile App,False,None,Cloudy,False,518,False,160,166,6.0,True,1.0
20230168,2024-08-18,Sunday,21039,139,1027,6.0,59.66,0.0,357.96,0.0,357.96,37.44,133.32,0.3724438484746899,Gift Card,In-Store,False,None,Cloudy,False,501,False,192,231,39.0,False,2.0
20230169,2024-07-26,Friday,20958,120,1001,1.0,614.56,0.08,614.56,49.1648,565.3952,419.73,145.6652,0.2576343060570729,Digital Wallet,Curbside Pickup,True,Loyalty Reward,Sunny,False,357,False,61,75,14.0,False,5.0
20230170,2023-04-01,Saturday,20141,105,1017,4.0,123.64,0.0,494.56,0.0,494.56,93.3,121.36,0.24538984147525075,Digital Wallet,In-Store,False,None,Stormy,False,95,False,309,274,-35.0,False,4.0
20230171,2024-11-20,Wednesday,20848,134,1017,7.0,131.5,0.0,920.5,0.0,920.5,93.3,267.4,0.29049429657794673,Credit Card,Mobile App,False,None,Snowy,False,120,False,46,52,6.0,False,3.0
20230172,2024-02-27,Tuesday,20491,149,1020,1.0,357.52,0.23,357.52,82.2296,275.2904,190.07,85.2204,0.3095654625079552,Digital Wallet,In-Store,True,BOGO,Rainy,False,432,False,427,430,3.0,False,5.0
20230173,2023-11-02,Thursday,20175,101,1019,2.0,1349.5,0.06,2699.0,161.94,2537.06,867.36,802.34,0.3162479405295893,Cash,Curbside Pickup,True,Loyalty Reward,Sunny,False,130,False,375,508,133.0,False,5.0
20230174,2023-10-24,Tuesday,20369,102,1035,1.0,750.96,0.0,750.96,0.0,750.96,403.28,347.68,0.46298071801427515,Digital Wallet,Curbside Pickup,False,None,Cloudy,False,472,False,365,408,43.0,False,4.0
20230175,2023-07-21,Friday,20023,143,1041,3.0,655.34,0.27,1966.02,530.8254,1435.1946,486.05,-22.9554,-0.015994625397838233,EBT,In-Store,True,Clearance,Cloudy,False,283,False,180,222,42.0,False,5.0
20230176,2023-09-26,Tuesday,21120,127,1040,3.0,92.16,0.0,276.48,0.0,276.48,47.28,134.64,0.4869791666666667,Gift Card,In-Store,False,None,Cloudy,False,264,False,241,325,84.0,False,4.0
20230177,2024-12-12,Thursday,20343,139,1036,1.0,1146.47,0.0,1146.47,0.0,1146.47,738.32,408.15,0.35600582658072166,Cash,In-Store,False,None,Cloudy,False,303,False,34,22,-12.0,False,5.0
20230178,2024-09-22,Sunday,20348,144,1034,1.0,1620.05,0.0,1620.05,0.0,1620.05,1145.68,474.37,0.2928119502484491,Debit Card,Curbside Pickup,False,None,Cloudy,False,114,False,335,226,-109.0,False,2.0
20230179,2023-12-20,Wednesday,21076,141,1047,4.0,389.54,0.09,1558.16,140.2344,1417.9256,273.17,325.2456,0.22938128770649177,Cash,Mobile App,True,Percentage Discount,Sunny,False,501,False,139,154,15.0,False,2.0
20230180,2024-05-04,Saturday,20790,111,1016,4.0,375.8,0.09,1503.2,135.288,1367.912,263.25,314.912,0.2302136394738843,EBT,Online,True,BOGO,Stormy,False,125,False,68,59,-9.0,False,1.0
20230181,2023-02-07,Tuesday,20928,137,1017,4.0,127.41,0.0,509.64,0.0,509.64,93.3,136.44,0.26771838945137744,Gift Card,Mobile App,False,None,Cloudy,False,160,False,389,472,83.0,False,4.0
20230182,2024-11-18,Monday,20636,110,1018,4.0,342.46,0.0,1369.84,0.0,1369.84,198.14,577.28,0.421421479880862,Digital Wallet,Online,False,None,Cloudy,False,26,False,95,123,28.0,False,3.0
20230183,2024-10-07,Monday,20941,121,1004,2.0,688.77,0.0,1377.54,0.0,1377.54,445.03,487.48,0.3538772013879815,Credit Card,Online,False,None,Cloudy,False,520,False,181,210,29.0,False,2.0
20230184,2024-01-05,Friday,20852,136,1029,1.0,2298.69,0.0,2298.69,0.0,2298.69,1429.66,869.03,0.3780544571038287,Digital Wallet,Mobile App,False,None,Rainy,False,355,False,42,32,-10.0,False,1.0
20230185,2024-07-18,Thursday,20842,104,1011,1.0,880.23,0.0,880.23,0.0,880.23,618.67,261.56,0.29714960862501855,Credit Card,In-Store,False,None,Cloudy,False,404,False,289,293,4.0,False,2.0
20230186,2023-11-05,Sunday,20789,148,1033,2.0,846.99,0.06,1693.98,101.6388,1592.3412,465.85,660.6412,0.41488670895408597,EBT,Online,True,Percentage Discount,Rainy,False,70,False,23,17,-6.0,False,1.0
20230187,2023-02-13,Monday,20384,115,1037,1.0,411.24,0.0,411.24,0.0,411.24,270.26,140.98,0.34281684661025197,Credit Card,Online,False,None,Stormy,False,520,False,377,380,3.0,False,2.0
20230188,2024-05-20,Monday,20224,126,1024,1.0,492.11,0.15,492.11,73.8165,418.2935,283.62,134.6735,0.32195934194530873,Cash,In-Store,True,Clearance,Sunny,False,148,False,421,447,26.0,False,3.0
20230189,2024-12-12,Thursday,20022,122,1018,2.0,331.67,0.0,663.34,0.0,663.34,198.14,267.06,0.40259896885458446,EBT,Curbside Pickup,False,None,Sunny,False,500,False,418,258,-160.0,False,5.0
20230190,2024-12-09,Monday,20039,139,1009,1.0,1760.04,0.21,1760.04,369.6084,1390.4316,1077.88,312.5516,0.22478746886937825,Cash,Mobile App,True,Loyalty Reward,Stormy,False,373,False,244,169,-75.0,False,5.0
20230191,2023-01-14,Saturday,20551,132,1049,2.0,157.33,0.0,314.66,0.0,314.66,117.26,80.14,0.2546875993135448,Credit Card,Curbside Pickup,False,None,Sunny,False,206,False,343,329,-14.0,False,5.0
20230192,2023-06-24,Saturday,21092,101,1035,2.0,722.14,0.22,1444.28,317.7416,1126.5384,403.28,319.9784,0.28403683354246956,Credit Card,In-Store,True,Loyalty Reward,Cloudy,False,400,False,217,190,-27.0,False,5.0
20230193,2024-12-03,Tuesday,21120,127,1029,2.0,2266.37,0.0,4532.74,0.0,4532.74,1429.66,1673.42,0.36918508451841486,EBT,In-Store,False,None,Rainy,False,515,False,160,154,-6.0,False,4.0
20230194,2024-11-11,Monday,20121,116,1010,1.0,406.39,0.0,406.39,0.0,406.39,261.42,144.97,0.3567262973990501,Credit Card,Mobile App,False,None,Rainy,False,408,False,81,72,-9.0,False,1.0
20230195,2023-12-15,Friday,20411,134,1023,7.0,129.41,0.16,905.87,144.9392,760.9308,70.74,265.7508,0.34924437281287607,Cash,Online,True,Percentage Discount,Stormy,False,414,False,295,204,-91.0,False,1.0
20230196,2024-03-09,Saturday,20699,110,1036,1.0,1099.22,0.0,1099.22,0.0,1099.22,738.32,360.9,0.3283237204563235,Gift Card,Online,False,None,Cloudy,False,226,False,336,307,-29.0,False,5.0
20230197,2023-05-17,Wednesday,20797,107,1030,2.0,851.05,0.1,1702.1,170.21,1531.89,569.19,393.51,0.25687875761314444,Credit Card,Mobile App,True,Bundle Deal,Rainy,False,312,False,221,223,2.0,False,3.0
20230198,2024-09-21,Saturday,20931,146,1032,1.0,971.55,0.0,971.55,0.0,971.55,572.31,399.24,0.41093098656785554,Gift Card,Mobile App,False,None,Rainy,False,442,False,112,140,28.0,False,3.0
20230199,2023-12-11,Monday,20550,136,1018,3.0,357.69,0.29,1073.07,311.1903,761.8797,198.14,167.4597,0.21979808623329905,Digital Wallet,Curbside Pickup,True,Percentage Discount,Sunny,False,486,False,468,482,14.0,False,3.0
20230200,2023-09-03,Sunday,21037,131,1044,4.0,73.33,0.31,293.32,90.9292,202.3908,46.06,18.1508,0.08968194206456026,Cash,Mobile App,True,Percentage Discount,Cloudy,False,473,False,428,472,44.0,False,4.0
20230201,2024-09-01,Sunday,20543,134,1024,2.0,496.77,0.0,993.54,0.0,993.54,283.62,426.3,0.4290718038528896,Gift Card,Mobile App,False,None,Windy,False,449,False,79,97,18.0,False,1.0
20230202,2024-11-19,Tuesday,20362,106,1032,2.0,922.21,0.0,1844.42,0.0,1844.42,572.31,699.8,0.37941466694136916,Credit Card,Mobile App,False,None,Cloudy,False,281,False,470,341,-129.0,False,2.0
20230203,2023-06-20,Tuesday,20938,131,1045,6.0,218.43,0.0,1310.58,0.0,1310.58,159.92,351.06,0.2678661356040837,Gift Card,Curbside Pickup,False,None,Cloudy,False,68,False,124,121,-3.0,False,3.0
20230204,2024-01-07,Sunday,20634,113,1031,4.0,536.39,0.0,2145.56,0.0,2145.56,402.09,537.2,0.250377523816626,Cash,Online,False,None,Rainy,False,201,False,344,450,106.0,False,3.0
20230205,2023-07-29,Saturday,20518,105,1049,6.0,152.53,0.0,915.18,0.0,915.18,117.26,211.62,0.23123320002622433,Gift Card,Online,False,None,Sunny,False,27,False,54,66,12.0,False,5.0
20230206,2023-09-06,Wednesday,20857,122,1010,2.0,374.9,0.0,749.8,0.0,749.8,261.42,226.96,0.3026940517471325,Gift Card,Curbside Pickup,False,None,Cloudy,False,318,False,170,128,-42.0,False,3.0
20230207,2023-03-21,Tuesday,20282,127,1042,3.0,422.29,0.0,1266.87,0.0,1266.87,233.03,567.78,0.4481754244713349,Digital Wallet,Curbside Pickup,False,None,Snowy,False,5,True,165,113,-52.0,False,4.0
20230208,2023-04-20,Thursday,20640,102,1018,1.0,327.8,0.0,327.8,0.0,327.8,198.14,129.66,0.3955460646735815,EBT,Online,False,None,Rainy,False,384,False,246,204,-42.0,False,5.0
20230209,2024-03-19,Tuesday,20190,141,1040,3.0,93.3,0.05,279.9,13.995,265.905,47.28,124.065,0.4665764088678287,Credit Card,Online,True,Clearance,Cloudy,False,466,False,243,224,-19.0,False,1.0
20230210,2023-04-01,Saturday,20799,121,1020,3.0,325.41,0.05,976.23,48.8115,927.4185,190.07,357.2085,0.3851643028470965,EBT,Mobile App,True,Clearance,Cloudy,False,520,False,254,326,72.0,True,3.0
20230211,2023-04-08,Saturday,20029,126,1041,3.0,623.56,0.16,1870.68,299.3088,1571.3712,486.05,113.2212,0.07205248511618371,EBT,Curbside Pickup,True,Manufacturer Rebate,Rainy,False,368,False,233,254,21.0,False,1.0
20230212,2023-07-05,Wednesday,20960,140,1007,2.0,1042.2,0.0,2084.4,0.0,2084.4,637.12,810.16,0.3886777969679524,Debit Card,Mobile App,False,None,Stormy,False,34,False,246,348,102.0,False,4.0
20230213,2024-10-25,Friday,20750,145,1008,1.0,628.48,0.0,628.48,0.0,628.48,397.4,231.08,0.36768075356415486,Gift Card,In-Store,False,None,Sunny,False,444,False,333,451,118.0,False,2.0
20230214,2024-11-20,Wednesday,20207,133,1023,5.0,131.93,0.0,659.65,0.0,659.65,70.74,305.95,0.4638065640870159,Credit Card,Mobile App,False,None,Stormy,False,4,True,41,45,4.0,False,2.0
20230215,2024-06-29,Saturday,20831,142,1034,1.0,1498.28,0.0,1498.28,0.0,1498.28,1145.68,352.6,0.23533651920869259,Debit Card,In-Store,False,None,Stormy,False,142,False,436,522,86.0,False,5.0
20230216,2023-04-30,Sunday,21042,148,1009,1.0,1711.54,0.0,1711.54,0.0,1711.54,1077.88,633.66,0.37022798181754435,Cash,Mobile App,False,None,Cloudy,False,261,False,118,105,-13.0,False,2.0
20230217,2024-06-12,Wednesday,20327,135,1029,1.0,2225.88,0.0,2225.88,0.0,2225.88,1429.66,796.22,0.3577102089959926,Credit Card,Curbside Pickup,False,None,Cloudy,False,354,False,248,198,-50.0,False,3.0
20230218,2024-09-15,Sunday,20318,120,1019,2.0,1274.32,0.19,2548.64,484.2416,2064.3984,867.36,329.6784,0.15969708172608543,Credit Card,Curbside Pickup,True,Loyalty Reward,Windy,False,390,False,52,55,3.0,False,3.0
20230219,2023-11-23,Thursday,20035,140,1040,6.0,93.79,0.0,562.74,0.0,562.74,47.28,279.06,0.4958950847638341,Cash,Curbside Pickup,False,None,Snowy,False,450,False,208,253,45.0,False,5.0
20230220,2024-09-18,Wednesday,20537,123,1012,4.0,244.26,0.0,977.04,0.0,977.04,173.37,283.56,0.2902235323016457,Gift Card,Curbside Pickup,False,None,Rainy,False,277,False,266,177,-89.0,False,1.0
20230221,2023-09-14,Thursday,20036,127,1040,1.0,87.5,0.23,87.5,20.125,67.375,47.28,20.095,0.2982560296846011,EBT,Curbside Pickup,True,BOGO,Cloudy,False,64,False,255,240,-15.0,False,4.0
20230222,2024-04-06,Saturday,20676,125,1029,2.0,2152.94,0.12,4305.88,516.7056,3789.1744,1429.66,929.8544,0.24539762540357068,EBT,Online,True,Manufacturer Rebate,Windy,False,388,False,377,282,-95.0,False,1.0
20230223,2023-09-22,Friday,20157,112,1029,1.0,2186.49,0.0,2186.49,0.0,2186.49,1429.66,756.83,0.34613924600615587,Debit Card,Curbside Pickup,False,None,Snowy,False,76,False,260,236,-24.0,False,3.0
20230224,2023-08-09,Wednesday,20752,108,1007,2.0,1061.09,0.0,2122.18,0.0,2122.18,637.12,847.94,0.3995608289589007,Cash,In-Store,False,None,Rainy,False,496,False,239,318,79.0,False,2.0
20230225,2023-07-11,Tuesday,20160,109,1003,1.0,1833.28,0.0,1833.28,0.0,1833.28,1394.94,438.34,0.23910150113457843,Debit Card,Curbside Pickup,False,None,Sunny,False,190,False,37,44,7.0,True,3.0
20230226,2024-08-16,Friday,20291,126,1047,4.0,393.09,0.0,1572.36,0.0,1572.36,273.17,479.68,0.30507008573100297,Gift Card,Curbside Pickup,False,None,Stormy,False,367,False,20,16,-4.0,False,5.0
20230227,2024-11-19,Tuesday,20021,116,1047,3.0,394.19,0.0,1182.57,0.0,1182.57,273.17,363.06,0.3070093102311068,EBT,Curbside Pickup,False,None,Windy,False,370,False,459,514,55.0,False,3.0
20230228,2024-05-16,Thursday,20364,144,1030,1.0,855.57,0.0,855.57,0.0,855.57,569.19,286.38,0.3347242189417581,EBT,Online,False,None,Stormy,False,200,False,181,158,-23.0,False,4.0
20230229,2023-07-26,Wednesday,20598,102,1049,6.0,149.22,0.0,895.32,0.0,895.32,117.26,191.76,0.21418040477147823,Cash,In-Store,False,None,Sunny,False,505,False,248,296,48.0,False,3.0
20230230,2024-09-20,Friday,21092,101,1025,2.0,531.22,0.0,1062.44,0.0,1062.44,301.28,459.88,0.4328526787395054,Credit Card,In-Store,False,None,Stormy,False,21,True,179,166,-13.0,False,4.0
20230231,2023-06-11,Sunday,21164,125,1035,2.0,781.01,0.0,1562.02,0.0,1562.02,403.28,755.46,0.4836429751219575,Gift Card,In-Store,False,None,Rainy,False,383,False,422,332,-90.0,True,5.0
20230232,2023-10-20,Friday,20050,114,1023,5.0,125.43,0.0,627.15,0.0,627.15,70.74,273.45,0.4360200908873476,Digital Wallet,Curbside Pickup,False,None,Rainy,False,375,False,439,512,73.0,False,1.0
20230233,2024-11-09,Saturday,21098,136,1043,1.0,118.97,0.33,118.97,39.2601,79.7099,75.88,3.8299,0.04804798400198732,Credit Card,In-Store,True,Percentage Discount,Cloudy,False,298,False,201,172,-29.0,False,4.0
20230234,2024-12-18,Wednesday,20104,114,1047,4.0,412.21,0.0,1648.84,0.0,1648.84,273.17,556.16,0.3373038014604206,Cash,Mobile App,False,None,Rainy,False,3,True,263,287,24.0,False,3.0
20230235,2023-12-31,Sunday,21109,117,1008,2.0,649.54,0.0,1299.08,0.0,1299.08,397.4,504.28,0.3881824060104074,EBT,In-Store,False,None,Stormy,True,473,False,462,511,49.0,False,4.0
20230236,2024-05-12,Sunday,20689,110,1039,2.0,97.1,0.17,194.2,33.014,161.186,71.53,18.126,0.11245393520529065,Cash,In-Store,True,Manufacturer Rebate,Cloudy,False,430,False,297,334,37.0,False,5.0
20230237,2023-11-05,Sunday,21123,139,1029,1.0,2287.22,0.0,2287.22,0.0,2287.22,1429.66,857.56,0.3749355112319758,Digital Wallet,In-Store,False,None,Windy,False,507,False,184,202,18.0,False,3.0
20230238,2024-08-24,Saturday,20506,131,1024,3.0,478.07,0.0,1434.21,0.0,1434.21,283.62,583.35,0.4067395988035225,Digital Wallet,Online,False,None,Rainy,False,167,False,184,131,-53.0,False,2.0
20230239,2023-10-10,Tuesday,20491,149,1012,2.0,256.21,0.3,512.42,153.726,358.694,173.37,11.954,0.033326456533981474,Gift Card,In-Store,True,BOGO,Cloudy,False,274,False,32,42,10.0,False,3.0
20230240,2024-12-29,Sunday,20092,135,1014,2.0,238.14,0.0,476.28,0.0,476.28,172.18,131.92,0.2769799277735785,Cash,Mobile App,False,None,Stormy,False,495,False,469,503,34.0,False,4.0
20230241,2024-11-19,Tuesday,20326,109,1010,4.0,394.76,0.23,1579.04,363.1792,1215.8608,261.42,170.1808,0.13996733836636552,Credit Card,Online,True,Manufacturer Rebate,Sunny,False,368,False,400,405,5.0,False,5.0
20230242,2023-12-31,Sunday,21069,104,1035,3.0,728.44,0.16,2185.32,349.6512,1835.6688,403.28,625.8288,0.3409268600087337,Gift Card,Curbside Pickup,True,Bundle Deal,Cloudy,True,502,False,372,231,-141.0,False,4.0
20230243,2023-06-07,Wednesday,20045,116,1041,1.0,630.93,0.0,630.93,0.0,630.93,486.05,144.88,0.22962927741587807,Gift Card,Online,False,None,Cloudy,False,512,False,240,188,-52.0,False,2.0
20230244,2024-01-05,Friday,20764,102,1034,2.0,1648.41,0.0,3296.82,0.0,3296.82,1145.68,1005.46,0.3049787370860405,Digital Wallet,Curbside Pickup,False,None,Stormy,False,331,False,37,24,-13.0,False,5.0
20230245,2023-10-13,Friday,20162,112,1036,2.0,1106.67,0.0,2213.34,0.0,2213.34,738.32,736.7,0.3328453829958343,Digital Wallet,Mobile App,False,None,Cloudy,False,202,False,174,195,21.0,False,3.0
20230246,2024-12-21,Saturday,20267,114,1004,3.0,731.51,0.0,2194.53,0.0,2194.53,445.03,859.44,0.3916282757583628,Debit Card,Curbside Pickup,False,None,Cloudy,False,317,False,435,360,-75.0,False,5.0
20230247,2023-12-18,Monday,20682,139,1016,4.0,363.08,0.0,1452.32,0.0,1452.32,263.25,399.32,0.2749531783628952,Digital Wallet,In-Store,False,None,Sunny,False,405,False,457,588,131.0,False,1.0
20230248,2024-11-26,Tuesday,20538,108,1036,2.0,1069.35,0.24,2138.7,513.288,1625.412,738.32,148.772,0.09152879393040024,EBT,Curbside Pickup,True,Manufacturer Rebate,Cloudy,False,288,False,202,149,-53.0,False,1.0
20230249,2023-08-06,Sunday,20858,150,1006,4.0,278.69,0.0,1114.76,0.0,1114.76,163.55,460.56,0.4131472245146937,EBT,In-Store,False,None,Cloudy,False,360,False,142,130,-12.0,False,1.0
20230250,2023-09-25,Monday,20253,144,1044,7.0,71.0,0.0,497.0,0.0,497.0,46.06,174.58,0.35126760563380277,Credit Card,Mobile App,False,None,Sunny,False,507,False,320,461,141.0,False,2.0
20230251,2024-10-03,Thursday,20377,141,1035,4.0,707.31,0.09,2829.24,254.6316,2574.6084,403.28,961.4884,0.3734503468566326,Gift Card,Online,True,BOGO,Sunny,False,393,False,275,240,-35.0,False,2.0
20230252,2023-04-22,Saturday,20359,131,1042,4.0,420.84,0.0,1683.36,0.0,1683.36,233.03,751.24,0.446274118429807,EBT,Curbside Pickup,False,None,Snowy,False,393,False,254,264,10.0,False,1.0
20230253,2024-11-18,Monday,20125,124,1013,2.0,178.57,0.0,357.14,0.0,357.14,118.75,119.64,0.33499467995743964,Gift Card,Mobile App,False,None,Sunny,False,357,False,321,408,87.0,False,3.0
20230254,2024-10-31,Thursday,20039,139,1029,2.0,2173.21,0.0,4346.42,0.0,4346.42,1429.66,1487.1,0.3421436492561694,Credit Card,In-Store,False,None,Sunny,False,101,False,219,285,66.0,False,4.0
20230255,2023-02-15,Wednesday,20993,131,1019,1.0,1212.07,0.07,1212.07,84.8449,1127.2251,867.36,259.8651,0.23053523204903786,Cash,Mobile App,True,Percentage Discount,Sunny,False,491,False,332,308,-24.0,False,1.0
20230256,2024-02-04,Sunday,20862,141,1048,2.0,282.88,0.0,565.76,0.0,565.76,184.37,197.02,0.348239536199095,Debit Card,Mobile App,False,None,Windy,False,280,False,479,689,210.0,False,5.0
20230257,2023-12-05,Tuesday,20831,142,1037,1.0,378.72,0.0,378.72,0.0,378.72,270.26,108.46,0.2863857203210816,Cash,Online,False,None,Cloudy,False,292,False,381,546,165.0,True,1.0
20230258,2024-11-21,Thursday,20280,150,1015,7.0,241.39,0.0,1689.73,0.0,1689.73,149.38,644.07,0.38116740544347333,EBT,Mobile App,False,None,Stormy,False,106,False,94,60,-34.0,False,4.0
20230259,2023-06-11,Sunday,20331,149,1006,7.0,279.55,0.0,1956.85,0.0,1956.85,163.55,812.0,0.41495260239670895,Credit Card,Curbside Pickup,False,None,Snowy,False,31,False,94,105,11.0,False,5.0
20230260,2023-05-16,Tuesday,21054,133,1030,2.0,882.34,0.0,1764.68,0.0,1764.68,569.19,626.3,0.354908538658567,Gift Card,In-Store,False,None,Cloudy,False,451,False,263,291,28.0,False,4.0
20230261,2023-12-07,Thursday,20027,147,1039,7.0,102.35,0.0,716.45,0.0,716.45,71.53,215.74,0.30112359550561785,Digital Wallet,In-Store,False,None,Sunny,False,46,False,417,278,-139.0,False,5.0
20230262,2024-03-26,Tuesday,20662,146,1018,1.0,361.68,0.0,361.68,0.0,361.68,198.14,163.54,0.4521676620216767,Cash,Online,False,None,Sunny,False,135,False,331,328,-3.0,False,2.0
20230263,2023-11-29,Wednesday,21009,111,1034,1.0,1570.0,0.0,1570.0,0.0,1570.0,1145.68,424.32,0.27026751592356685,Digital Wallet,In-Store,False,None,Windy,True,190,False,347,329,-18.0,False,4.0
20230264,2024-09-16,Monday,20932,137,1027,7.0,59.66,0.0,417.62,0.0,417.62,37.44,155.54,0.37244384847469,Gift Card,In-Store,False,None,Rainy,False,275,False,291,192,-99.0,False,3.0
20230265,2024-11-25,Monday,20011,124,1016,1.0,393.32,0.0,393.32,0.0,393.32,263.25,130.07,0.33069765076782265,Digital Wallet,Online,False,None,Stormy,False,210,False,58,57,-1.0,False,1.0
20230266,2023-04-15,Saturday,20446,124,1001,4.0,674.13,0.0,2696.52,0.0,2696.52,419.73,1017.6,0.37737528369898976,Credit Card,Online,False,None,Windy,False,293,False,187,214,27.0,False,2.0
20230267,2024-05-20,Monday,20028,147,1020,3.0,341.15,0.0,1023.45,0.0,1023.45,190.07,453.24,0.4428550490986369,Digital Wallet,Mobile App,False,None,Sunny,False,184,False,402,389,-13.0,False,2.0
20230268,2024-07-19,Friday,20479,111,1042,4.0,418.22,0.0,1672.88,0.0,1672.88,233.03,740.76,0.44280522213189233,EBT,Curbside Pickup,False,None,Stormy,False,485,False,347,277,-70.0,False,4.0
20230269,2023-01-28,Saturday,20648,130,1001,4.0,615.35,0.23,2461.4,566.122,1895.278,419.73,216.358,0.11415634012530085,Cash,Mobile App,True,Loyalty Reward,Snowy,False,166,False,140,152,12.0,False,5.0
20230270,2023-02-25,Saturday,20984,106,1036,1.0,1148.04,0.0,1148.04,0.0,1148.04,738.32,409.72,0.3568865196334622,Credit Card,Curbside Pickup,False,None,Snowy,False,318,False,411,547,136.0,False,3.0
20230271,2024-02-27,Tuesday,20738,125,1034,1.0,1609.88,0.33,1609.88,531.2604,1078.6196,1145.68,-67.0604,-0.06217242853736393,EBT,Mobile App,True,Percentage Discount,Windy,False,129,False,385,503,118.0,False,1.0
20230272,2023-11-18,Saturday,20556,129,1019,2.0,1308.08,0.0,2616.16,0.0,2616.16,867.36,881.44,0.3369212892177848,Cash,Curbside Pickup,False,None,Snowy,False,88,False,424,398,-26.0,False,4.0
20230273,2023-05-11,Thursday,20093,118,1025,1.0,566.12,0.0,566.12,0.0,566.12,301.28,264.84,0.4678160107397725,Digital Wallet,Curbside Pickup,False,None,Sunny,False,338,False,287,365,78.0,True,2.0
20230274,2023-01-17,Tuesday,20948,134,1041,3.0,619.87,0.0,1859.61,0.0,1859.61,486.05,401.46,0.2158839756723184,Debit Card,Online,False,None,Stormy,False,462,False,148,189,41.0,False,3.0
20230275,2023-08-09,Wednesday,20470,104,1021,6.0,77.06,0.16,462.36,73.9776,388.3824,45.04,118.1424,0.30419092111280016,Gift Card,In-Store,True,Manufacturer Rebate,Snowy,False,197,False,112,102,-10.0,False,1.0
20230276,2023-03-03,Friday,20376,129,1023,6.0,135.05,0.0,810.3,0.0,810.3,70.74,385.86,0.4761940022213996,EBT,Curbside Pickup,False,None,Windy,False,20,True,137,161,24.0,False,5.0
20230277,2023-07-14,Friday,20639,120,1046,2.0,523.31,0.0,1046.62,0.0,1046.62,345.33,355.96,0.3401043358621085,Gift Card,Online,False,None,Rainy,False,285,False,208,242,34.0,False,5.0
20230278,2023-10-05,Thursday,20658,124,1022,1.0,327.86,0.24,327.86,78.6864,249.1736,187.99,61.1836,0.24554607711250312,Credit Card,Mobile App,True,Loyalty Reward,Stormy,False,141,False,171,163,-8.0,False,5.0
20230279,2023-12-29,Friday,20662,146,1033,2.0,889.23,0.0,1778.46,0.0,1778.46,465.85,846.76,0.47611978903095936,Gift Card,Curbside Pickup,False,None,Windy,False,68,False,123,117,-6.0,False,3.0
20230280,2024-06-09,Sunday,20769,122,1007,1.0,1102.85,0.12,1102.85,132.342,970.508,637.12,333.388,0.343519064242644,Digital Wallet,Online,True,Bundle Deal,Sunny,False,341,False,230,320,90.0,False,3.0
20230281,2023-07-18,Tuesday,20029,125,1038,5.0,142.52,0.06,712.6,42.756,669.844,88.81,225.794,0.33708445548515775,Gift Card,Mobile App,True,Bundle Deal,Sunny,False,424,False,191,262,71.0,True,5.0
20230282,2023-12-01,Friday,20446,124,1035,4.0,754.15,0.09,3016.6,271.494,2745.106,403.28,1131.986,0.4123651327125437,EBT,Online,True,Loyalty Reward,Rainy,False,475,False,322,277,-45.0,False,5.0
20230283,2024-09-13,Friday,21063,136,1011,2.0,908.92,0.0,1817.84,0.0,1817.84,618.67,580.5,0.3193350349865775,EBT,Online,False,None,Cloudy,False,74,False,152,130,-22.0,False,4.0
20230284,2024-03-26,Tuesday,20623,130,1041,3.0,648.52,0.1,1945.56,194.556,1751.004,486.05,292.854,0.16724918960779064,Digital Wallet,Mobile App,True,Manufacturer Rebate,Cloudy,False,299,False,54,59,5.0,False,2.0
20230285,2023-08-14,Monday,20152,109,1024,3.0,517.14,0.33,1551.42,511.9686,1039.4514,283.62,188.5914,0.18143359083454977,Gift Card,Mobile App,True,Bundle Deal,Snowy,False,193,False,61,56,-5.0,False,2.0
20230286,2024-12-28,Saturday,21165,147,1001,1.0,656.61,0.28,656.61,183.8508,472.7592,419.73,53.0292,0.11216957808541843,Credit Card,Curbside Pickup,True,Loyalty Reward,Windy,False,324,False,180,137,-43.0,False,2.0
20230287,2024-08-03,Saturday,20610,124,1041,4.0,668.44,0.28,2673.76,748.6528,1925.1072,486.05,-19.0928,-0.009917785357615476,Cash,Curbside Pickup,True,Percentage Discount,Rainy,False,73,False,154,160,6.0,False,4.0
20230288,2024-04-21,Sunday,20834,137,1030,1.0,908.59,0.27,908.59,245.3193,663.2707,569.19,94.0807,0.14184359417655562,Gift Card,Curbside Pickup,True,BOGO,Cloudy,False,194,False,304,183,-121.0,False,4.0
20230289,2023-04-22,Saturday,20125,124,1037,1.0,397.62,0.0,397.62,0.0,397.62,270.26,127.36,0.32030581962677934,Credit Card,Online,False,None,Snowy,False,221,False,282,256,-26.0,True,4.0
20230290,2024-07-30,Tuesday,20731,139,1030,2.0,881.73,0.0,1763.46,0.0,1763.46,569.19,625.08,0.3544622503487462,EBT,Mobile App,False,None,Stormy,False,462,False,92,80,-12.0,False,2.0
20230291,2024-11-16,Saturday,21182,132,1037,3.0,396.05,0.34,1188.15,403.971,784.179,270.26,-26.601,-0.03392210196906559,EBT,Mobile App,True,BOGO,Cloudy,False,20,True,326,405,79.0,False,4.0
20230292,2024-04-27,Saturday,20975,104,1031,4.0,515.84,0.17,2063.36,350.7712,1712.5888,402.09,104.2288,0.060860376991838376,Digital Wallet,In-Store,True,Clearance,Cloudy,False,97,False,79,109,30.0,False,2.0
20230293,2023-06-16,Friday,20481,143,1034,1.0,1571.48,0.0,1571.48,0.0,1571.48,1145.68,425.8,0.2709547687530226,EBT,Curbside Pickup,False,None,Cloudy,False,191,False,296,194,-102.0,False,4.0
20230294,2024-10-10,Thursday,20738,125,1036,2.0,1140.37,0.16,2280.74,364.9184,1915.8216,738.32,439.1816,0.2292392986904416,Gift Card,Mobile App,True,Loyalty Reward,Sunny,False,430,False,149,167,18.0,True,1.0
20230295,2024-12-13,Friday,20442,143,1028,4.0,837.19,0.1,3348.76,334.876,3013.884,494.36,1036.444,0.3438898112866985,Cash,Mobile App,True,Loyalty Reward,Sunny,False,214,False,376,383,7.0,False,5.0
20230296,2024-04-08,Monday,20378,103,1034,1.0,1615.11,0.16,1615.11,258.4176,1356.6924,1145.68,211.0124,0.15553444539086372,Debit Card,Online,True,Loyalty Reward,Cloudy,False,513,False,189,225,36.0,False,5.0
20230297,2024-02-13,Tuesday,20445,142,1049,2.0,151.36,0.1,302.72,30.272,272.448,117.26,37.928,0.13921188630490963,Cash,In-Store,True,Loyalty Reward,Snowy,False,94,False,320,361,41.0,False,1.0
20230298,2023-04-10,Monday,20347,126,1007,1.0,1065.81,0.0,1065.81,0.0,1065.81,637.12,428.69,0.40221990786350287,EBT,Online,False,None,Sunny,False,247,False,251,156,-95.0,False,5.0
20230299,2023-04-30,Sunday,20757,141,1040,5.0,90.01,0.0,450.05,0.0,450.05,47.28,213.65,0.47472503055216086,Gift Card,Curbside Pickup,False,None,Sunny,False,85,False,415,332,-83.0,True,5.0
20230300,2023-01-07,Saturday,20859,127,1004,4.0,675.68,0.0,2702.72,0.0,2702.72,445.03,922.6,0.34135981529718207,Cash,In-Store,False,None,Cloudy,False,353,False,462,398,-64.0,False,4.0
20230301,2023-08-05,Saturday,20153,113,1039,2.0,102.68,0.0,205.36,0.0,205.36,71.53,62.3,0.30336969224776006,Gift Card,Online,False,None,Cloudy,False,59,False,20,13,-7.0,False,5.0
20230302,2024-01-11,Thursday,20626,115,1040,3.0,84.64,0.0,253.92,0.0,253.92,47.28,112.08,0.44139886578449905,Cash,Online,False,None,Cloudy,False,392,False,145,154,9.0,False,2.0
20230303,2024-08-21,Wednesday,21096,132,1035,2.0,730.97,0.34,1461.94,497.0596,964.8804,403.28,158.3204,0.1640829267544455,Credit Card,Curbside Pickup,True,Percentage Discount,Rainy,False,128,False,193,248,55.0,False,2.0
20230304,2023-07-16,Sunday,20207,133,1043,5.0,117.78,0.0,588.9,0.0,588.9,75.88,209.5,0.3557480047546273,Gift Card,Mobile App,False,None,Stormy,False,394,False,269,203,-66.0,False,2.0
20230305,2023-06-06,Tuesday,20126,116,1029,1.0,2144.34,0.08,2144.34,171.5472,1972.7928,1429.66,543.1328,0.27531162928007447,Cash,In-Store,True,Bundle Deal,Cloudy,False,494,False,93,130,37.0,False,1.0
20230306,2024-05-05,Sunday,20813,128,1049,2.0,151.51,0.26,303.02,78.7852,224.2348,117.26,-10.2852,-0.04586799194415868,Credit Card,Online,True,Clearance,Windy,False,101,False,456,486,30.0,False,5.0
20230307,2024-11-25,Monday,20433,119,1021,5.0,75.06,0.0,375.3,0.0,375.3,45.04,150.1,0.3999467092992273,Gift Card,In-Store,False,None,Cloudy,False,334,False,59,72,13.0,False,2.0
20230308,2023-07-26,Wednesday,20682,139,1045,7.0,224.46,0.12,1571.22,188.5464,1382.6736,159.92,263.2336,0.19038014467044156,Credit Card,Mobile App,True,Percentage Discount,Cloudy,False,379,False,160,195,35.0,False,3.0
20230309,2024-03-12,Tuesday,20873,111,1021,4.0,79.64,0.14,318.56,44.5984,273.9616,45.04,93.8016,0.34238959036594907,Gift Card,In-Store,True,Manufacturer Rebate,Cloudy,False,323,False,165,175,10.0,False,2.0
20230310,2023-08-16,Wednesday,20489,116,1036,1.0,1054.38,0.09,1054.38,94.8942,959.4858,738.32,221.1658,0.2305045056425015,Gift Card,Mobile App,True,BOGO,Sunny,False,71,False,55,67,12.0,False,5.0
20230311,2024-11-05,Tuesday,20179,109,1007,1.0,1090.02,0.0,1090.02,0.0,1090.02,637.12,452.9,0.4154969633584705,Cash,Online,False,None,Stormy,False,104,False,478,675,197.0,False,1.0
20230312,2023-11-22,Wednesday,20309,126,1049,3.0,157.8,0.06,473.4,28.404,444.996,117.26,93.216,0.20947604023406952,Cash,Curbside Pickup,True,Bundle Deal,Rainy,False,151,False,239,337,98.0,False,2.0
20230313,2024-04-17,Wednesday,20998,109,1038,1.0,143.79,0.0,143.79,0.0,143.79,88.81,54.98,0.38236316850963203,Gift Card,Mobile App,False,None,Stormy,False,453,False,259,316,57.0,False,5.0
20230314,2024-11-04,Monday,20155,122,1018,4.0,356.26,0.0,1425.04,0.0,1425.04,198.14,632.48,0.4438331555605457,Debit Card,Mobile App,False,None,Snowy,False,490,False,110,87,-23.0,False,3.0
20230315,2024-11-20,Wednesday,20294,148,1044,5.0,71.79,0.0,358.95,0.0,358.95,46.06,128.65,0.3584064632957237,Gift Card,In-Store,False,None,Sunny,False,236,False,115,124,9.0,False,3.0
20230316,2023-05-10,Wednesday,20857,122,1050,2.0,1282.51,0.0,2565.02,0.0,2565.02,742.28,1080.46,0.42122868437673,Debit Card,In-Store,False,None,Sunny,False,330,False,84,95,11.0,False,3.0
20230317,2023-12-02,Saturday,20134,118,1031,1.0,534.65,0.12,534.65,64.158,470.492,402.09,68.402,0.14538398102411942,Debit Card,Mobile App,True,BOGO,Rainy,False,517,False,37,49,12.0,False,1.0
20230318,2024-11-07,Thursday,21183,115,1042,4.0,421.88,0.2,1687.52,337.504,1350.016,233.03,417.896,0.3095489238646061,Digital Wallet,Mobile App,True,BOGO,Sunny,False,94,False,262,239,-23.0,False,5.0
20230319,2023-11-10,Friday,20924,145,1045,7.0,235.49,0.06,1648.43,98.9058,1549.5242,159.92,430.0842,0.27755887904170856,EBT,Curbside Pickup,True,BOGO,Sunny,False,110,False,357,459,102.0,False,4.0
20230320,2023-10-27,Friday,20641,129,1039,6.0,98.43,0.0,590.58,0.0,590.58,71.53,161.4,0.27329066341562536,EBT,Online,False,None,Snowy,False,201,False,203,197,-6.0,False,1.0
20230321,2023-09-25,Monday,21125,140,1029,2.0,2121.37,0.23,4242.74,975.8302,3266.9098,1429.66,407.5898,0.12476310181566683,Debit Card,In-Store,True,Clearance,Rainy,False,469,False,442,330,-112.0,False,5.0
20230322,2024-03-22,Friday,20196,146,1015,5.0,237.73,0.0,1188.65,0.0,1188.65,149.38,441.75,0.3716400959071215,Gift Card,Curbside Pickup,False,None,Windy,False,418,False,152,217,65.0,False,5.0
20230323,2024-12-17,Tuesday,20801,111,1012,3.0,257.97,0.0,773.91,0.0,773.91,173.37,253.8,0.32794510989649966,Credit Card,Mobile App,False,None,Snowy,False,165,False,469,512,43.0,False,5.0
20230324,2024-09-09,Monday,20442,143,1024,4.0,487.81,0.0,1951.24,0.0,1951.24,283.62,816.76,0.418585104856399,Digital Wallet,In-Store,False,None,Cloudy,False,512,False,73,51,-22.0,False,4.0
20230325,2024-02-24,Saturday,20473,101,1012,6.0,234.72,0.0,1408.32,0.0,1408.32,173.37,368.1,0.2613752556237218,Cash,In-Store,False,None,Sunny,False,406,False,132,99,-33.0,False,4.0
20230326,2024-01-19,Friday,21194,142,1013,3.0,188.43,0.0,565.29,0.0,565.29,118.75,209.04,0.36979249588706675,Debit Card,In-Store,False,None,Rainy,False,278,False,203,255,52.0,False,1.0
20230327,2024-03-24,Sunday,21052,141,1028,3.0,793.62,0.0,2380.86,0.0,2380.86,494.36,897.78,0.37708223079055475,Gift Card,Curbside Pickup,False,None,Rainy,False,4,True,370,338,-32.0,False,5.0
20230328,2023-12-18,Monday,20208,101,1006,4.0,289.93,0.19,1159.72,220.3468,939.3732,163.55,285.1732,0.3035781731903784,Credit Card,Online,True,Percentage Discount,Windy,False,54,False,207,167,-40.0,False,5.0
20230329,2024-02-28,Wednesday,20602,148,1042,1.0,431.63,0.09,431.63,38.8467,392.7833,233.03,159.7533,0.40672121243443904,EBT,Mobile App,True,Percentage Discount,Stormy,False,353,False,33,41,8.0,False,4.0
20230330,2024-09-22,Sunday,20356,137,1028,2.0,774.9,0.21,1549.8,325.458,1224.342,494.36,235.622,0.19244786179025145,Gift Card,Mobile App,True,BOGO,Cloudy,False,216,False,417,466,49.0,False,5.0
20230331,2024-08-16,Friday,20573,128,1022,2.0,315.38,0.0,630.76,0.0,630.76,187.99,254.78,0.4039254232988775,EBT,In-Store,False,None,Sunny,False,118,False,123,78,-45.0,True,2.0
20230332,2023-12-24,Sunday,20207,133,1015,4.0,255.87,0.0,1023.48,0.0,1023.48,149.38,425.96,0.4161879079219917,Digital Wallet,Curbside Pickup,False,None,Snowy,True,164,False,246,232,-14.0,False,4.0
20230333,2024-10-25,Friday,20455,148,1007,2.0,1039.27,0.32,2078.54,665.1328,1413.4072,637.12,139.1672,0.09846221244663257,Credit Card,Online,True,Percentage Discount,Windy,False,186,False,177,213,36.0,False,1.0
20230334,2024-09-14,Saturday,20692,143,1008,1.0,618.5,0.0,618.5,0.0,618.5,397.4,221.1,0.35747776879547294,EBT,Mobile App,False,None,Cloudy,False,446,False,377,394,17.0,False,5.0
20230335,2023-11-04,Saturday,20790,143,1045,1.0,216.22,0.0,216.22,0.0,216.22,159.92,56.3,0.2603829432984923,Credit Card,Mobile App,False,None,Sunny,False,464,False,204,243,39.0,False,2.0
20230336,2023-12-10,Sunday,20321,145,1001,2.0,611.66,0.24,1223.32,293.5968,929.7232,419.73,90.2632,0.09708610046517058,Cash,In-Store,True,Clearance,Rainy,False,503,False,36,32,-4.0,False,4.0
20230337,2023-09-03,Sunday,20769,133,1049,5.0,150.57,0.0,752.85,0.0,752.85,117.26,166.55,0.2212260078368863,Credit Card,Mobile App,False,None,Windy,False,125,False,109,88,-21.0,False,2.0
20230338,2023-09-05,Tuesday,20736,138,1014,1.0,235.54,0.22,235.54,51.8188,183.7212,172.18,11.5412,0.06281909763271741,Digital Wallet,Mobile App,True,Loyalty Reward,Windy,False,141,False,78,87,9.0,False,4.0
20230339,2024-07-17,Wednesday,20544,147,1015,4.0,261.0,0.0,1044.0,0.0,1044.0,149.38,446.48,0.42766283524904214,Credit Card,Curbside Pickup,False,None,Rainy,False,74,False,158,98,-60.0,False,4.0
20230340,2024-05-09,Thursday,20902,119,1012,1.0,238.52,0.0,238.52,0.0,238.52,173.37,65.15,0.2731427133992957,Gift Card,In-Store,False,None,Sunny,False,398,False,129,95,-34.0,False,2.0
20230341,2024-11-27,Wednesday,20925,106,1032,2.0,899.98,0.33,1799.96,593.9868,1205.9732,572.31,61.3532,0.05087443070874213,Cash,Mobile App,True,Loyalty Reward,Cloudy,False,251,False,371,283,-88.0,False,1.0
20230342,2024-06-18,Tuesday,20612,112,1008,1.0,629.88,0.35,629.88,220.458,409.422,397.4,12.022,0.02936334637611083,Credit Card,Mobile App,True,Percentage Discount,Rainy,False,410,False,441,617,176.0,False,4.0
20230343,2024-01-12,Friday,20463,104,1020,2.0,340.59,0.0,681.18,0.0,681.18,190.07,301.04,0.44193898822631317,Credit Card,Mobile App,False,None,Sunny,False,169,False,281,246,-35.0,False,5.0
20230344,2024-12-04,Wednesday,20205,129,1008,3.0,637.8,0.31,1913.4,593.154,1320.246,397.4,128.046,0.09698647070318718,Debit Card,Online,True,Percentage Discount,Sunny,False,325,False,135,177,42.0,False,2.0
20230345,2023-12-31,Sunday,20115,110,1041,4.0,676.87,0.0,2707.48,0.0,2707.48,486.05,763.28,0.28191528653951275,Debit Card,Online,False,None,Cloudy,True,324,False,52,42,-10.0,False,5.0
20230346,2023-03-16,Thursday,20409,142,1042,2.0,425.46,0.0,850.92,0.0,850.92,233.03,384.86,0.45228693649226714,EBT,Online,False,None,Snowy,False,320,False,263,294,31.0,True,5.0
20230347,2023-12-28,Thursday,20915,127,1008,2.0,679.32,0.0,1358.64,0.0,1358.64,397.4,563.84,0.41500323853265036,Digital Wallet,Online,False,None,Cloudy,False,176,False,94,103,9.0,False,1.0
20230348,2024-10-10,Thursday,21076,141,1031,3.0,574.11,0.0,1722.33,0.0,1722.33,402.09,516.06,0.29962899095992057,Credit Card,Curbside Pickup,False,None,Snowy,False,402,False,158,108,-50.0,True,4.0
20230349,2024-12-21,Saturday,21060,122,1034,1.0,1512.5,0.0,1512.5,0.0,1512.5,1145.68,366.82,0.24252561983471072,Debit Card,In-Store,False,None,Cloudy,False,12,True,191,219,28.0,False,5.0
20230350,2024-08-28,Wednesday,20414,128,1020,1.0,330.37,0.27,330.37,89.1999,241.1701,190.07,51.1001,0.2118840602545672,EBT,Online,True,Manufacturer Rebate,Cloudy,False,456,False,129,141,12.0,False,4.0
20230351,2023-01-06,Friday,21068,103,1013,5.0,188.84,0.0,944.2,0.0,944.2,118.75,350.45,0.37116077102308836,Gift Card,Mobile App,False,None,Windy,False,259,False,126,98,-28.0,False,2.0
20230352,2024-12-17,Tuesday,20116,128,1045,5.0,228.94,0.0,1144.7,0.0,1144.7,159.92,345.1,0.30147636935441613,Digital Wallet,In-Store,False,None,Rainy,False,411,False,234,156,-78.0,False,2.0
20230353,2024-05-08,Wednesday,20395,129,1027,1.0,61.83,0.2,61.83,12.366,49.464,37.44,12.024,0.24308588064046582,Gift Card,In-Store,True,Loyalty Reward,Windy,False,2,True,49,45,-4.0,False,2.0
20230354,2024-10-14,Monday,20590,109,1006,1.0,265.41,0.0,265.41,0.0,265.41,163.55,101.86,0.38378358012132174,Cash,Mobile App,False,None,Snowy,False,73,False,88,61,-27.0,False,3.0
20230355,2023-04-30,Sunday,20124,130,1028,1.0,790.32,0.0,790.32,0.0,790.32,494.36,295.96,0.37448122279582957,Credit Card,Curbside Pickup,False,None,Windy,False,200,False,125,97,-28.0,False,4.0
20230356,2023-06-17,Saturday,20193,106,1037,1.0,397.32,0.05,397.32,19.866,377.454,270.26,107.194,0.283992221568721,Debit Card,Curbside Pickup,True,Loyalty Reward,Windy,False,307,False,73,78,5.0,False,3.0
20230357,2024-01-29,Monday,20065,119,1040,6.0,83.78,0.0,502.68,0.0,502.68,47.28,219.0,0.435664836476486,Credit Card,Curbside Pickup,False,None,Sunny,False,207,False,41,46,5.0,False,3.0
20230358,2023-12-19,Tuesday,20762,136,1033,2.0,796.38,0.0,1592.76,0.0,1592.76,465.85,661.06,0.4150405585273362,Digital Wallet,Curbside Pickup,False,None,Windy,False,171,False,84,59,-25.0,False,5.0
20230359,2023-11-14,Tuesday,20789,148,1017,1.0,135.54,0.0,135.54,0.0,135.54,93.3,42.24,0.3116423196104471,Cash,Online,False,None,Sunny,False,395,False,278,176,-102.0,False,2.0
20230360,2024-02-10,Saturday,20174,124,1050,2.0,1269.39,0.08,2538.78,203.1024,2335.6776,742.28,851.1176,0.3643985796669883,Credit Card,In-Store,True,Manufacturer Rebate,Rainy,False,463,False,432,576,144.0,False,4.0
20230361,2024-05-30,Thursday,21057,105,1025,4.0,570.07,0.0,2280.28,0.0,2280.28,301.28,1075.16,0.4715034995702283,Cash,Online,False,None,Windy,False,200,False,203,235,32.0,False,2.0
20230362,2024-12-24,Tuesday,20280,150,1005,2.0,1084.7,0.0,2169.4,0.0,2169.4,774.22,620.96,0.2862358255738914,Debit Card,Online,False,None,Snowy,True,348,False,125,101,-24.0,False,2.0
20230363,2023-09-18,Monday,20088,107,1045,5.0,218.99,0.31,1094.95,339.4345,755.5155,159.92,-44.0845,-0.058350225772998615,Digital Wallet,Online,True,Manufacturer Rebate,Stormy,False,353,False,307,193,-114.0,False,1.0
20230364,2023-06-20,Tuesday,20494,109,1002,1.0,1235.33,0.0,1235.33,0.0,1235.33,759.3,476.03,0.3853464256514454,Debit Card,In-Store,False,None,Snowy,False,24,True,152,140,-12.0,False,3.0
20230365,2024-10-16,Wednesday,20621,117,1015,6.0,260.77,0.28,1564.62,438.0936,1126.5264,149.38,230.2464,0.20438615553084227,Debit Card,In-Store,True,BOGO,Sunny,False,486,False,66,70,4.0,False,4.0
20230366,2024-08-30,Friday,21006,116,1001,3.0,638.32,0.0,1914.96,0.0,1914.96,419.73,655.77,0.3424457952124326,Credit Card,Online,False,None,Sunny,False,246,False,259,326,67.0,False,2.0
20230367,2024-01-18,Thursday,20637,105,1024,2.0,488.76,0.12,977.52,117.3024,860.2176,283.62,292.9776,0.3405854518670624,Gift Card,Mobile App,True,Percentage Discount,Stormy,False,454,False,383,430,47.0,True,3.0
20230368,2024-06-29,Saturday,20213,143,1021,4.0,78.96,0.0,315.84,0.0,315.84,45.04,135.68,0.42958459979736574,EBT,Curbside Pickup,False,None,Stormy,False,204,False,400,465,65.0,False,1.0
20230369,2023-12-30,Saturday,20934,130,1015,2.0,244.2,0.32,488.4,156.288,332.112,149.38,33.352,0.10042395336512977,Credit Card,Mobile App,True,Loyalty Reward,Stormy,False,390,False,138,194,56.0,False,3.0
20230370,2024-11-02,Saturday,21108,146,1005,2.0,1105.39,0.17,2210.78,375.8326,1834.9474,774.22,286.5074,0.15613929859787803,Credit Card,In-Store,True,Bundle Deal,Windy,False,414,False,198,280,82.0,False,3.0
20230371,2023-02-18,Saturday,20834,149,1026,3.0,238.61,0.0,715.83,0.0,715.83,130.01,325.8,0.45513599597669846,Gift Card,Curbside Pickup,False,None,Rainy,False,468,False,423,316,-107.0,False,1.0
20230372,2024-02-12,Monday,20710,138,1023,7.0,128.08,0.0,896.56,0.0,896.56,70.74,401.38,0.447688944409744,Gift Card,Curbside Pickup,False,None,Sunny,False,216,False,221,267,46.0,False,1.0
20230373,2024-05-20,Monday,20664,140,1049,4.0,152.35,0.0,609.4,0.0,609.4,117.26,140.36,0.23032490974729236,Digital Wallet,In-Store,False,None,Stormy,False,257,False,439,346,-93.0,False,3.0
20230374,2024-03-21,Thursday,20001,129,1019,1.0,1249.26,0.05,1249.26,62.463,1186.797,867.36,319.437,0.2691589210286174,Credit Card,Online,True,Loyalty Reward,Cloudy,False,107,False,162,185,23.0,False,2.0
20230375,2024-12-09,Monday,21106,103,1029,2.0,2284.93,0.0,4569.86,0.0,4569.86,1429.66,1710.54,0.3743090597961425,Digital Wallet,In-Store,False,None,Rainy,False,357,False,432,489,57.0,False,5.0
20230376,2023-01-04,Wednesday,20621,117,1004,3.0,672.98,0.0,2018.94,0.0,2018.94,445.03,683.85,0.3387173467265001,Gift Card,Curbside Pickup,False,None,Cloudy,False,217,False,49,43,-6.0,False,1.0
20230377,2023-11-23,Thursday,20947,135,1015,5.0,239.81,0.1,1199.05,119.905,1079.145,149.38,332.245,0.30787799600609744,EBT,Online,True,Percentage Discount,Cloudy,False,427,False,355,280,-75.0,False,3.0
20230378,2024-11-29,Friday,20808,145,1013,5.0,173.34,0.27,866.7,234.009,632.691,118.75,38.941,0.06154821231849359,Credit Card,Mobile App,True,Manufacturer Rebate,Stormy,True,82,False,226,289,63.0,False,5.0
20230379,2024-03-01,Friday,20939,132,1014,5.0,215.83,0.0,1079.15,0.0,1079.15,172.18,218.25,0.20224250567576332,Cash,Curbside Pickup,False,None,Sunny,False,78,False,69,70,1.0,False,2.0
20230380,2023-02-21,Tuesday,20699,110,1034,2.0,1520.01,0.34,3040.02,1033.6068,2006.4132,1145.68,-284.9468,-0.1420180050649588,Gift Card,In-Store,True,Loyalty Reward,Cloudy,False,216,False,50,32,-18.0,False,5.0
20230381,2024-03-24,Sunday,20191,147,1025,1.0,547.62,0.0,547.62,0.0,547.62,301.28,246.34,0.44983747854351563,Debit Card,In-Store,False,None,Cloudy,False,152,False,99,107,8.0,False,1.0
20230382,2023-04-08,Saturday,20598,102,1007,2.0,1031.5,0.0,2063.0,0.0,2063.0,637.12,788.76,0.38233640329617063,Credit Card,Curbside Pickup,False,None,Snowy,False,72,False,349,293,-56.0,False,1.0
20230383,2023-07-07,Friday,20213,143,1043,4.0,112.33,0.0,449.32,0.0,449.32,75.88,145.8,0.32449034095967244,EBT,Curbside Pickup,False,None,Stormy,False,377,False,348,252,-96.0,False,3.0
20230384,2023-12-17,Sunday,20871,136,1001,3.0,656.36,0.0,1969.08,0.0,1969.08,419.73,709.89,0.3605186178316777,Gift Card,Curbside Pickup,False,None,Sunny,False,38,False,419,379,-40.0,False,3.0
20230385,2023-12-14,Thursday,20253,116,1045,3.0,217.08,0.34,651.24,221.4216,429.8184,159.92,-49.9416,-0.11619232680592546,Credit Card,Mobile App,True,BOGO,Cloudy,False,93,False,163,124,-39.0,False,3.0
20230386,2023-07-10,Monday,20506,121,1009,1.0,1795.54,0.11,1795.54,197.5094,1598.0306,1077.88,520.1506,0.3254947683730211,Gift Card,In-Store,True,Manufacturer Rebate,Stormy,False,322,False,205,212,7.0,True,3.0
20230387,2023-04-21,Friday,20565,121,1013,7.0,185.6,0.14,1299.2,181.888,1117.312,118.75,286.062,0.2560269647153167,Credit Card,Online,True,BOGO,Cloudy,False,173,False,118,148,30.0,False,1.0
20230388,2023-11-07,Tuesday,20037,101,1010,1.0,400.6,0.0,400.6,0.0,400.6,261.42,139.18,0.3474288567149276,Gift Card,Online,False,None,Cloudy,False,171,False,72,92,20.0,False,4.0
20230389,2023-04-06,Thursday,20768,139,1017,5.0,122.84,0.0,614.2,0.0,614.2,93.3,147.7,0.24047541517421042,EBT,Mobile App,False,None,Stormy,False,234,False,326,225,-101.0,False,5.0
20230390,2023-12-29,Friday,20890,113,1025,1.0,531.95,0.0,531.95,0.0,531.95,301.28,230.67,0.4336309803552966,Digital Wallet,Curbside Pickup,False,None,Snowy,False,479,False,81,58,-23.0,False,3.0
20230391,2024-07-21,Sunday,20929,135,1008,4.0,635.26,0.0,2541.04,0.0,2541.04,397.4,951.44,0.37442936750306965,Gift Card,Mobile App,False,None,Windy,False,325,False,170,200,30.0,False,3.0
20230392,2023-09-03,Sunday,20462,118,1023,7.0,129.64,0.11,907.48,99.8228,807.6572,70.74,312.4772,0.3868933502976262,Credit Card,Online,True,BOGO,Sunny,False,341,False,205,289,84.0,False,1.0
20230393,2024-10-08,Tuesday,20881,138,1035,4.0,759.27,0.33,3037.08,1002.2364,2034.8436,403.28,421.7236,0.2072511125670789,Gift Card,Mobile App,True,Bundle Deal,Sunny,False,106,False,292,382,90.0,False,4.0
20230394,2023-03-31,Friday,20075,141,1050,1.0,1291.26,0.0,1291.26,0.0,1291.26,742.28,548.98,0.4251506280687081,EBT,In-Store,False,None,Stormy,False,47,False,348,228,-120.0,False,4.0
20230395,2023-04-14,Friday,20268,116,1025,1.0,517.05,0.0,517.05,0.0,517.05,301.28,215.77,0.4173097379363698,Digital Wallet,In-Store,False,None,Stormy,False,181,False,312,294,-18.0,False,3.0
20230396,2023-01-07,Saturday,20499,132,1048,2.0,263.35,0.28,526.7,147.476,379.224,184.37,10.484,0.02764592958251597,Credit Card,In-Store,True,Clearance,Sunny,False,106,False,55,75,20.0,False,5.0
20230397,2024-02-16,Friday,20831,142,1014,2.0,215.37,0.0,430.74,0.0,430.74,172.18,86.38,0.20053860797696985,Gift Card,In-Store,False,None,Rainy,False,394,False,261,293,32.0,False,2.0
20230398,2024-02-21,Wednesday,20079,102,1049,6.0,162.52,0.27,975.12,263.2824,711.8376,117.26,8.2776,0.01162849503875604,Gift Card,Mobile App,True,Bundle Deal,Sunny,False,255,False,329,362,33.0,True,3.0
20230399,2023-10-08,Sunday,21090,126,1049,7.0,148.94,0.24,1042.58,250.2192,792.3608,117.26,-28.4592,-0.035916971157583924,Cash,Mobile App,True,Percentage Discount,Windy,False,183,False,99,135,36.0,False,5.0
20230400,2024-12-19,Thursday,20834,149,1026,6.0,237.68,0.34,1426.08,484.8672,941.2128,130.01,161.1528,0.1712182409758983,Cash,Online,True,Clearance,Windy,False,194,False,467,357,-110.0,False,3.0
20230401,2024-11-25,Monday,20430,134,1009,1.0,1801.82,0.25,1801.82,450.455,1351.365,1077.88,273.485,0.20237685599375438,Cash,In-Store,True,Percentage Discount,Windy,False,316,False,142,172,30.0,False,2.0
20230402,2023-04-07,Friday,20875,123,1026,4.0,237.03,0.19,948.12,180.1428,767.9772,130.01,247.9372,0.3228444802788417,EBT,Mobile App,True,Bundle Deal,Windy,False,407,False,423,504,81.0,False,4.0
20230403,2023-10-18,Wednesday,21182,132,1014,7.0,217.73,0.0,1524.11,0.0,1524.11,172.18,318.85,0.20920406007440404,Cash,In-Store,False,None,Cloudy,False,85,False,311,389,78.0,False,2.0
20230404,2023-07-27,Thursday,21121,139,1020,2.0,325.25,0.0,650.5,0.0,650.5,190.07,270.36,0.41561875480399696,Debit Card,Mobile App,False,None,Sunny,False,113,False,384,384,0.0,False,5.0
20230405,2024-07-12,Friday,21044,147,1023,5.0,131.23,0.0,656.15,0.0,656.15,70.74,302.45,0.46094642993218016,Credit Card,Mobile App,False,None,Windy,False,142,False,50,62,12.0,False,3.0
20230406,2024-11-15,Friday,20636,110,1010,3.0,395.6,0.0,1186.8,0.0,1186.8,261.42,402.54,0.339180990899899,Digital Wallet,Curbside Pickup,False,None,Cloudy,False,176,False,370,270,-100.0,False,1.0
20230407,2023-03-16,Thursday,20557,139,1036,1.0,1102.82,0.31,1102.82,341.8742,760.9458,738.32,22.6258,0.029733786558779764,Cash,Curbside Pickup,True,BOGO,Rainy,False,380,False,314,366,52.0,False,4.0
20230408,2024-06-05,Wednesday,20696,149,1014,1.0,228.32,0.0,228.32,0.0,228.32,172.18,56.14,0.24588297126839517,Credit Card,In-Store,False,None,Sunny,False,29,False,458,394,-64.0,False,4.0
20230409,2024-03-08,Friday,21074,128,1032,2.0,956.76,0.0,1913.52,0.0,1913.52,572.31,768.9,0.4018249090681049,Debit Card,In-Store,False,None,Rainy,False,219,False,286,341,55.0,False,4.0
20230410,2023-03-24,Friday,20628,111,1009,2.0,1829.98,0.11,3659.96,402.5956,3257.3644,1077.88,1101.6044,0.3381888744163839,EBT,Mobile App,True,Percentage Discount,Rainy,False,111,False,237,296,59.0,False,4.0
20230411,2024-09-18,Wednesday,20813,128,1031,3.0,549.03,0.0,1647.09,0.0,1647.09,402.09,440.82,0.2676356483252281,Debit Card,Curbside Pickup,False,None,Sunny,False,301,False,172,130,-42.0,False,1.0
20230412,2024-10-02,Wednesday,20888,140,1040,2.0,89.83,0.0,179.66,0.0,179.66,47.28,85.1,0.4736724924858065,Credit Card,In-Store,False,None,Windy,False,307,False,268,337,69.0,False,5.0
20230413,2024-04-14,Sunday,20581,126,1016,4.0,380.92,0.23,1523.68,350.4464,1173.2336,263.25,120.2336,0.10248052902678548,Cash,Mobile App,True,Manufacturer Rebate,Snowy,False,379,False,28,26,-2.0,False,3.0
20230414,2024-11-24,Sunday,21166,111,1039,3.0,103.95,0.17,311.85,53.0145,258.8355,71.53,44.2455,0.17094061672374933,Digital Wallet,In-Store,True,Loyalty Reward,Snowy,False,87,False,33,28,-5.0,False,1.0
20230415,2024-11-23,Saturday,21170,143,1020,2.0,360.43,0.19,720.86,136.9634,583.8966,190.07,203.7566,0.3489600727252052,Digital Wallet,Curbside Pickup,True,BOGO,Cloudy,False,433,False,402,554,152.0,False,4.0
20230416,2024-11-09,Saturday,20159,147,1006,2.0,279.09,0.3,558.18,167.454,390.726,163.55,63.626,0.1628404559717039,Digital Wallet,In-Store,True,Percentage Discount,Snowy,False,5,True,175,204,29.0,False,4.0
20230417,2023-02-19,Sunday,20051,128,1026,4.0,225.34,0.14,901.36,126.1904,775.1696,130.01,255.1296,0.32912745804273025,Gift Card,Online,True,Manufacturer Rebate,Windy,False,421,False,416,477,61.0,False,2.0
20230418,2023-02-22,Wednesday,20609,111,1001,3.0,639.19,0.0,1917.57,0.0,1917.57,419.73,658.38,0.3433407906882148,Gift Card,Mobile App,False,None,Sunny,False,139,False,232,244,12.0,False,5.0
20230419,2024-05-17,Friday,20461,136,1019,1.0,1297.79,0.17,1297.79,220.6243,1077.1657,867.36,209.8057,0.19477569699814987,Gift Card,Mobile App,True,Loyalty Reward,Windy,False,511,False,56,77,21.0,False,4.0
20230420,2023-07-13,Thursday,21180,123,1049,1.0,159.89,0.0,159.89,0.0,159.89,117.26,42.63,0.26662080180123826,Gift Card,Online,False,None,Sunny,False,342,False,150,129,-21.0,False,3.0
20230421,2023-06-22,Thursday,20935,132,1023,5.0,135.44,0.15,677.2,101.58,575.62,70.74,221.92,0.3855321218859665,Gift Card,Mobile App,True,Percentage Discount,Cloudy,False,468,False,123,176,53.0,True,4.0
20230422,2024-10-11,Friday,21028,130,1047,2.0,375.14,0.0,750.28,0.0,750.28,273.17,203.94,0.27181852108546134,EBT,Mobile App,False,None,Stormy,False,147,False,51,56,5.0,False,1.0
20230423,2023-05-26,Friday,20971,140,1009,1.0,1703.45,0.0,1703.45,0.0,1703.45,1077.88,625.57,0.3672370776952654,Credit Card,Mobile App,False,None,Sunny,False,257,False,394,287,-107.0,False,5.0
20230424,2023-06-06,Tuesday,20374,115,1020,3.0,345.99,0.26,1037.97,269.8722,768.0978,190.07,197.8878,0.25763359822147647,Digital Wallet,Curbside Pickup,True,Bundle Deal,Snowy,False,496,False,233,197,-36.0,False,2.0
20230425,2024-10-21,Monday,20244,115,1046,1.0,541.98,0.0,541.98,0.0,541.98,345.33,196.65,0.3628362670209233,Digital Wallet,In-Store,False,None,Rainy,False,2,True,265,266,1.0,False,3.0
20230426,2023-10-19,Thursday,20819,142,1015,1.0,241.15,0.0,241.15,0.0,241.15,149.38,91.77,0.3805515239477504,Digital Wallet,Curbside Pickup,False,None,Cloudy,False,107,False,471,338,-133.0,False,1.0
20230427,2023-07-28,Friday,20506,131,1040,1.0,85.17,0.0,85.17,0.0,85.17,47.28,37.89,0.4448749559704121,Credit Card,Curbside Pickup,False,None,Stormy,False,18,True,227,218,-9.0,True,1.0
20230428,2023-12-28,Thursday,20879,129,1001,1.0,627.89,0.0,627.89,0.0,627.89,419.73,208.16,0.33152303747471684,Debit Card,Online,False,None,Sunny,False,316,False,251,344,93.0,False,1.0
20230429,2023-11-06,Monday,20143,138,1022,2.0,310.23,0.0,620.46,0.0,620.46,187.99,244.48,0.39403023563162815,Debit Card,Mobile App,False,None,Snowy,False,290,False,382,463,81.0,False,5.0
20230430,2023-01-24,Tuesday,20925,106,1046,1.0,522.71,0.21,522.71,109.7691,412.9409,345.33,67.6109,0.1637302093350406,Credit Card,In-Store,True,BOGO,Cloudy,False,68,False,331,417,86.0,False,1.0
20230431,2023-12-27,Wednesday,20749,105,1050,1.0,1250.42,0.28,1250.42,350.1176,900.3024,742.28,158.0224,0.17552146923078296,EBT,In-Store,True,BOGO,Cloudy,False,78,False,395,350,-45.0,False,5.0
20230432,2024-12-28,Saturday,20578,142,1028,4.0,815.89,0.0,3263.56,0.0,3263.56,494.36,1286.12,0.39408498694676974,Credit Card,In-Store,False,None,Sunny,False,134,False,165,165,0.0,False,5.0
20230433,2024-01-07,Sunday,20632,103,1009,2.0,1838.74,0.08,3677.48,294.1984,3383.2816,1077.88,1227.5216,0.3628198137571522,Digital Wallet,Curbside Pickup,True,Clearance,Rainy,False,507,False,325,405,80.0,False,1.0
20230434,2024-05-10,Friday,20592,103,1042,4.0,401.28,0.2,1605.12,321.024,1284.096,233.03,351.976,0.2741041168261563,Digital Wallet,Mobile App,True,Bundle Deal,Rainy,False,386,False,145,191,46.0,False,3.0
20230435,2024-12-02,Monday,20183,141,1009,1.0,1851.91,0.2,1851.91,370.382,1481.528,1077.88,403.648,0.27245384494926855,Gift Card,In-Store,True,BOGO,Stormy,False,372,False,333,435,102.0,False,4.0
20230436,2024-04-08,Monday,20088,107,1018,1.0,355.04,0.0,355.04,0.0,355.04,198.14,156.9,0.4419220369535828,Gift Card,Online,False,None,Cloudy,False,178,False,472,294,-178.0,False,2.0
20230437,2023-11-13,Monday,20347,109,1014,4.0,216.44,0.12,865.76,103.8912,761.8688,172.18,73.1488,0.09601233178206003,Digital Wallet,In-Store,True,Loyalty Reward,Snowy,False,465,False,258,309,51.0,True,4.0
20230438,2023-12-04,Monday,20496,138,1013,6.0,177.15,0.0,1062.9,0.0,1062.9,118.75,350.4,0.3296641264465143,Gift Card,Online,False,None,Cloudy,False,28,False,211,243,32.0,False,1.0
20230439,2024-07-06,Saturday,20246,101,1050,2.0,1248.45,0.21,2496.9,524.349,1972.551,742.28,487.991,0.24739081524381373,Gift Card,Mobile App,True,Clearance,Sunny,False,308,False,401,284,-117.0,False,3.0
20230440,2024-07-15,Monday,20085,136,1047,1.0,372.38,0.0,372.38,0.0,372.38,273.17,99.21,0.26642139749718025,Cash,Curbside Pickup,False,None,Sunny,False,324,False,402,293,-109.0,False,5.0
20230441,2023-10-24,Tuesday,20244,145,1046,3.0,553.78,0.0,1661.34,0.0,1661.34,345.33,625.35,0.3764130159991332,Cash,Mobile App,False,None,Rainy,False,32,False,131,126,-5.0,False,2.0
20230442,2024-12-12,Thursday,20660,146,1031,3.0,552.91,0.0,1658.73,0.0,1658.73,402.09,452.46,0.2727749543325315,Digital Wallet,Curbside Pickup,False,None,Rainy,False,139,False,354,242,-112.0,False,5.0
20230443,2024-12-09,Monday,20791,119,1008,2.0,604.56,0.13,1209.12,157.1856,1051.9344,397.4,257.1344,0.24443957722078483,Debit Card,In-Store,True,BOGO,Sunny,False,271,False,250,290,40.0,False,1.0
20230444,2024-11-12,Tuesday,21098,136,1044,6.0,72.89,0.27,437.34,118.0818,319.2582,46.06,42.8982,0.13436835764907518,Credit Card,In-Store,True,Percentage Discount,Windy,False,128,False,446,625,179.0,False,1.0
20230445,2023-07-29,Saturday,20754,124,1022,4.0,309.73,0.0,1238.92,0.0,1238.92,187.99,486.96,0.39305201304361864,EBT,In-Store,False,None,Cloudy,False,189,False,441,339,-102.0,False,5.0
20230446,2023-09-06,Wednesday,20656,141,1003,2.0,1961.45,0.0,3922.9,0.0,3922.9,1394.94,1133.02,0.2888220449157511,Credit Card,Curbside Pickup,False,None,Cloudy,False,178,False,188,146,-42.0,False,1.0
20230447,2023-04-01,Saturday,20167,101,1027,7.0,56.01,0.0,392.07,0.0,392.07,37.44,129.99,0.33154793786823783,EBT,In-Store,False,None,Sunny,False,201,False,253,288,35.0,False,4.0
20230448,2024-08-21,Wednesday,20656,141,1021,2.0,78.07,0.3,156.14,46.842,109.298,45.04,19.218,0.1758312137459057,Debit Card,Curbside Pickup,True,Manufacturer Rebate,Cloudy,False,254,False,169,143,-26.0,False,1.0
20230449,2024-12-07,Saturday,20376,129,1038,6.0,155.65,0.26,933.9,242.814,691.086,88.81,158.226,0.22895269185021835,Digital Wallet,In-Store,True,Bundle Deal,Sunny,False,22,True,270,382,112.0,False,5.0
20230450,2024-12-14,Saturday,20647,119,1023,7.0,129.56,0.0,906.92,0.0,906.92,70.74,411.74,0.45399814757641255,Debit Card,Curbside Pickup,False,None,Rainy,False,509,False,121,88,-33.0,True,2.0
20230451,2023-12-28,Thursday,20824,135,1005,2.0,1086.91,0.28,2173.82,608.6696,1565.1504,774.22,16.7104,0.010676545845051016,Gift Card,Mobile App,True,Percentage Discount,Cloudy,False,419,False,369,262,-107.0,False,2.0
20230452,2023-05-26,Friday,20034,110,1018,4.0,339.35,0.0,1357.4,0.0,1357.4,198.14,564.84,0.4161190511271549,Credit Card,Online,False,None,Stormy,False,504,False,439,631,192.0,False,2.0
20230453,2024-11-23,Saturday,20665,104,1041,3.0,616.87,0.0,1850.61,0.0,1850.61,486.05,392.46,0.21207061455412,Digital Wallet,In-Store,False,None,Stormy,False,272,False,264,161,-103.0,False,2.0
20230454,2024-12-01,Sunday,20393,110,1021,2.0,77.54,0.0,155.08,0.0,155.08,45.04,65.0,0.4191385091565644,Debit Card,Online,False,None,Snowy,False,40,False,263,221,-42.0,False,3.0
20230455,2023-09-03,Sunday,20222,143,1041,4.0,636.34,0.0,2545.36,0.0,2545.36,486.05,601.16,0.23617877235440177,Digital Wallet,Mobile App,False,None,Snowy,False,467,False,334,322,-12.0,False,2.0
20230456,2023-08-20,Sunday,20341,101,1037,1.0,405.02,0.19,405.02,76.9538,328.0662,270.26,57.8062,0.17620285174150824,Credit Card,Online,True,Clearance,Sunny,False,332,False,68,41,-27.0,False,1.0
20230457,2023-07-11,Tuesday,20343,139,1031,1.0,574.54,0.27,574.54,155.1258,419.4142,402.09,17.3242,0.04130570686447899,Digital Wallet,Curbside Pickup,True,Manufacturer Rebate,Windy,False,460,False,454,423,-31.0,False,3.0
20230458,2024-12-03,Tuesday,20212,146,1016,4.0,373.09,0.34,1492.36,507.4024,984.9576,263.25,-68.0424,-0.06908155234296384,EBT,Mobile App,True,BOGO,Stormy,False,353,False,125,155,30.0,False,2.0
20230459,2024-11-28,Thursday,21166,111,1045,1.0,215.08,0.11,215.08,23.6588,191.4212,159.92,31.5012,0.16456484443729333,Gift Card,Online,True,Loyalty Reward,Sunny,True,119,False,146,108,-38.0,False,4.0
20230460,2024-01-08,Monday,20629,125,1041,4.0,634.2,0.0,2536.8,0.0,2536.8,486.05,592.6,0.23360138757489754,Digital Wallet,Mobile App,False,None,Windy,False,135,False,472,370,-102.0,False,2.0
20230461,2023-12-30,Saturday,20469,123,1049,7.0,160.97,0.32,1126.79,360.5728,766.2172,117.26,-54.6028,-0.07126282208230252,EBT,Mobile App,True,Loyalty Reward,Stormy,False,114,False,66,80,14.0,False,4.0
20230462,2024-01-23,Tuesday,20899,124,1032,2.0,937.37,0.0,1874.74,0.0,1874.74,572.31,730.12,0.389451337252099,EBT,In-Store,False,None,Sunny,False,22,True,465,388,-77.0,False,3.0
20230463,2024-03-18,Monday,20886,115,1033,1.0,791.23,0.32,791.23,253.1936,538.0364,465.85,72.1864,0.13416638725558333,Debit Card,In-Store,True,Bundle Deal,Cloudy,False,249,False,38,44,6.0,True,3.0
20230464,2023-03-18,Saturday,20670,137,1006,5.0,273.36,0.0,1366.8,0.0,1366.8,163.55,549.05,0.40170471173544053,Debit Card,Online,False,None,Snowy,False,38,False,469,404,-65.0,False,2.0
20230465,2024-02-05,Monday,20963,136,1013,4.0,179.68,0.31,718.72,222.8032,495.9168,118.75,20.9168,0.04217804276846443,Cash,Curbside Pickup,True,Loyalty Reward,Cloudy,False,417,False,394,444,50.0,True,1.0
20230466,2024-11-19,Tuesday,20449,114,1006,1.0,269.45,0.0,269.45,0.0,269.45,163.55,105.9,0.39302282427166446,Digital Wallet,Online,False,None,Windy,False,36,False,129,100,-29.0,False,4.0
20230467,2023-06-02,Friday,20979,146,1025,3.0,544.28,0.0,1632.84,0.0,1632.84,301.28,729.0,0.44646138017197035,Credit Card,Online,False,None,Windy,False,441,False,472,653,181.0,False,2.0
20230468,2024-06-11,Tuesday,20977,147,1022,3.0,320.36,0.0,961.08,0.0,961.08,187.99,397.11,0.4131914096641279,Digital Wallet,In-Store,False,None,Rainy,False,130,False,449,630,181.0,False,4.0
20230469,2023-12-07,Thursday,20090,111,1031,1.0,556.79,0.0,556.79,0.0,556.79,402.09,154.7,0.2778426336679897,Debit Card,Curbside Pickup,False,None,Windy,False,377,False,445,573,128.0,False,1.0
20230470,2023-11-04,Saturday,20565,121,1006,1.0,265.82,0.17,265.82,45.1894,220.6306,163.55,57.0806,0.25871569945420075,Debit Card,Curbside Pickup,True,Percentage Discount,Cloudy,False,3,True,266,345,79.0,False,5.0
20230471,2023-03-02,Thursday,20640,121,1027,7.0,60.33,0.0,422.31,0.0,422.31,37.44,160.23,0.37941322725012433,Credit Card,Curbside Pickup,False,None,Snowy,False,150,False,279,224,-55.0,False,3.0
20230472,2023-07-28,Friday,20219,121,1013,3.0,182.13,0.0,546.39,0.0,546.39,118.75,190.14,0.3479931916762752,Gift Card,Online,False,None,Cloudy,False,462,False,202,252,50.0,False,4.0
20230473,2024-04-12,Friday,20208,101,1021,5.0,76.97,0.0,384.85,0.0,384.85,45.04,159.65,0.41483694946082894,Debit Card,Mobile App,False,None,Cloudy,False,360,False,240,196,-44.0,False,5.0
20230474,2023-12-01,Friday,21089,125,1029,1.0,2106.31,0.0,2106.31,0.0,2106.31,1429.66,676.65,0.32124900893030933,EBT,In-Store,False,None,Windy,False,493,False,425,397,-28.0,False,4.0
20230475,2024-12-05,Thursday,20339,147,1050,2.0,1358.98,0.14,2717.96,380.5144,2337.4456,742.28,852.8856,0.3648793366570756,EBT,Online,True,Bundle Deal,Cloudy,False,348,False,164,135,-29.0,True,4.0
20230476,2023-10-22,Sunday,20026,113,1007,2.0,1152.82,0.0,2305.64,0.0,2305.64,637.12,1031.4,0.44733783244565495,Cash,Mobile App,False,None,Rainy,False,308,False,110,101,-9.0,False,1.0
20230477,2024-06-18,Tuesday,20626,115,1003,1.0,1879.96,0.19,1879.96,357.1924,1522.7676,1394.94,127.8276,0.08394426043737735,Cash,Online,True,Manufacturer Rebate,Snowy,False,428,False,402,365,-37.0,False,5.0
20230478,2024-03-17,Sunday,20194,133,1027,7.0,56.59,0.0,396.13,0.0,396.13,37.44,134.05,0.33839901042587034,Digital Wallet,Mobile App,False,None,Cloudy,False,195,False,77,55,-22.0,False,2.0
20230479,2023-06-24,Saturday,20284,113,1046,4.0,521.85,0.0,2087.4,0.0,2087.4,345.33,706.08,0.3382581201494683,EBT,In-Store,False,None,Stormy,False,73,False,191,206,15.0,False,4.0
20230480,2024-03-20,Wednesday,20868,147,1016,3.0,365.5,0.22,1096.5,241.23,855.27,263.25,65.52,0.07660738714090286,Digital Wallet,Curbside Pickup,True,Manufacturer Rebate,Cloudy,False,428,False,179,231,52.0,False,2.0
20230481,2024-11-04,Monday,20774,121,1002,1.0,1303.29,0.0,1303.29,0.0,1303.29,759.3,543.99,0.4173975093801073,Credit Card,Mobile App,False,None,Sunny,False,379,False,87,91,4.0,False,2.0
20230482,2024-05-17,Friday,20597,103,1041,3.0,608.67,0.17,1826.01,310.4217,1515.5883,486.05,57.4383,0.037898352738669074,EBT,Online,True,Clearance,Sunny,False,8,True,79,66,-13.0,False,5.0
20230483,2023-06-27,Tuesday,21111,141,1039,1.0,93.74,0.0,93.74,0.0,93.74,71.53,22.21,0.23693193940687002,Debit Card,In-Store,False,None,Cloudy,False,61,False,85,112,27.0,False,5.0
20230484,2023-03-09,Thursday,20297,124,1035,4.0,768.05,0.0,3072.2,0.0,3072.2,403.28,1459.08,0.47493001757698067,Cash,In-Store,False,None,Windy,False,461,False,61,41,-20.0,False,1.0
20230485,2023-09-07,Thursday,20184,142,1037,2.0,372.82,0.24,745.64,178.9536,566.6864,270.26,26.1664,0.046174392044700675,Cash,Curbside Pickup,True,Manufacturer Rebate,Snowy,False,336,False,315,346,31.0,False,3.0
20230486,2024-11-12,Tuesday,21048,105,1028,2.0,779.61,0.0,1559.22,0.0,1559.22,494.36,570.5,0.3658880722412488,Debit Card,In-Store,False,None,Sunny,False,257,False,354,236,-118.0,False,4.0
20230487,2023-09-19,Tuesday,20220,115,1047,2.0,396.97,0.0,793.94,0.0,793.94,273.17,247.6,0.31186235735697915,Gift Card,Curbside Pickup,False,None,Windy,False,467,False,161,109,-52.0,False,4.0
20230488,2024-07-29,Monday,20396,148,1017,1.0,135.66,0.07,135.66,9.4962,126.1638,93.3,32.8638,0.2604851787913807,EBT,Mobile App,True,Manufacturer Rebate,Snowy,False,383,False,42,57,15.0,False,2.0
20230489,2024-11-28,Thursday,21131,130,1001,2.0,669.27,0.0,1338.54,0.0,1338.54,419.73,499.08,0.37285400511004524,EBT,Mobile App,False,None,Rainy,True,426,False,50,52,2.0,False,5.0
20230490,2023-01-14,Saturday,20253,116,1013,1.0,175.69,0.19,175.69,33.3811,142.3089,118.75,23.5589,0.1655476221093691,Credit Card,Curbside Pickup,True,BOGO,Windy,False,397,False,292,422,130.0,False,3.0
20230491,2023-02-20,Monday,20018,130,1009,1.0,1787.02,0.0,1787.02,0.0,1787.02,1077.88,709.14,0.3968282391915031,Cash,Mobile App,False,None,Cloudy,False,61,False,447,347,-100.0,False,3.0
20230492,2024-01-29,Monday,20109,138,1002,2.0,1316.56,0.13,2633.12,342.3056,2290.8144,759.3,772.2144,0.3370916474071404,Debit Card,Curbside Pickup,True,Percentage Discount,Windy,False,394,False,70,69,-1.0,True,2.0
20230493,2024-09-14,Saturday,20320,111,1044,2.0,73.02,0.0,146.04,0.0,146.04,46.06,53.92,0.3692139139961654,Digital Wallet,Online,False,None,Cloudy,False,7,True,98,132,34.0,False,3.0
20230494,2024-08-24,Saturday,21134,113,1038,4.0,152.77,0.35,611.08,213.878,397.202,88.81,41.962,0.10564397963756474,Gift Card,Online,True,BOGO,Rainy,False,184,False,420,412,-8.0,False,2.0
20230495,2023-12-29,Friday,21144,103,1049,4.0,166.68,0.0,666.72,0.0,666.72,117.26,197.68,0.2964962802975762,Cash,Mobile App,False,None,Sunny,False,122,False,151,107,-44.0,False,1.0
20230496,2024-12-01,Sunday,20360,124,1036,1.0,1117.72,0.08,1117.72,89.4176,1028.3024,738.32,289.9824,0.28200109228569337,Digital Wallet,Mobile App,True,Manufacturer Rebate,Sunny,False,63,False,470,637,167.0,False,2.0
20230497,2023-07-14,Friday,20296,126,1009,1.0,1849.99,0.08,1849.99,147.9992,1701.9908,1077.88,624.1108,0.3666945790776307,Cash,Online,True,Manufacturer Rebate,Sunny,False,309,False,185,263,78.0,False,4.0
20230498,2023-05-16,Tuesday,20726,102,1033,1.0,888.86,0.24,888.86,213.3264,675.5336,465.85,209.6836,0.3103969957971002,EBT,Mobile App,True,Loyalty Reward,Snowy,False,183,False,471,420,-51.0,False,5.0
20230499,2023-08-02,Wednesday,20590,109,1047,3.0,392.08,0.0,1176.24,0.0,1176.24,273.17,356.73,0.3032799428688023,Cash,In-Store,False,None,Cloudy,False,520,False,437,495,58.0,False,4.0
20230500,2024-03-24,Sunday,20138,119,1023,4.0,131.39,0.12,525.56,63.0672,462.4928,70.74,179.5328,0.38818507012433484,Debit Card,Online,True,Loyalty Reward,Rainy,False,253,False,299,236,-63.0,False,3.0
20230501,2024-05-28,Tuesday,20895,103,1022,2.0,315.55,0.0,631.1,0.0,631.1,187.99,255.12,0.4042465536365077,Cash,In-Store,False,None,Rainy,False,142,False,242,252,10.0,False,2.0
20230502,2024-09-28,Saturday,20032,101,1018,1.0,362.54,0.25,362.54,90.635,271.905,198.14,73.765,0.2712896048252148,Gift Card,Curbside Pickup,True,Percentage Discount,Cloudy,False,53,False,84,74,-10.0,False,2.0
20230503,2023-04-28,Friday,20573,128,1007,1.0,1074.86,0.0,1074.86,0.0,1074.86,637.12,437.74,0.40725303760489734,Debit Card,In-Store,False,None,Cloudy,False,477,False,358,273,-85.0,False,3.0
20230504,2024-03-05,Tuesday,20217,139,1028,4.0,826.17,0.0,3304.68,0.0,3304.68,494.36,1327.24,0.40162436302455906,Gift Card,In-Store,False,None,Stormy,False,461,False,124,143,19.0,True,2.0
20230505,2024-12-29,Sunday,21030,104,1038,3.0,150.56,0.0,451.68,0.0,451.68,88.81,185.25,0.4101354941551541,Gift Card,Mobile App,False,None,Cloudy,False,25,False,30,42,12.0,False,4.0
20230506,2023-05-21,Sunday,20806,129,1023,3.0,130.76,0.0,392.28,0.0,392.28,70.74,180.06,0.45900887121443873,EBT,In-Store,False,None,Windy,False,46,False,336,375,39.0,False,4.0
20230507,2024-02-27,Tuesday,20734,129,1041,3.0,670.94,0.0,2012.82,0.0,2012.82,486.05,554.67,0.275568605240409,Cash,Mobile App,False,None,Windy,False,443,False,36,32,-4.0,False,3.0
20230508,2023-12-22,Friday,20545,132,1032,1.0,947.85,0.0,947.85,0.0,947.85,572.31,375.54,0.39620193068523507,Credit Card,Online,False,None,Snowy,False,157,False,291,406,115.0,False,3.0
20230509,2024-01-30,Tuesday,20460,139,1024,3.0,464.14,0.0,1392.42,0.0,1392.42,283.62,541.56,0.3889343732494506,EBT,Mobile App,False,None,Stormy,False,65,False,65,49,-16.0,False,4.0
20230510,2024-12-09,Monday,20027,147,1041,2.0,635.57,0.28,1271.14,355.9192,915.2208,486.05,-56.8792,-0.062148063068496656,Digital Wallet,In-Store,True,Manufacturer Rebate,Snowy,False,507,False,467,450,-17.0,False,3.0
20230511,2023-12-24,Sunday,20539,130,1002,2.0,1262.18,0.0,2524.36,0.0,2524.36,759.3,1005.76,0.3984217781932847,Credit Card,Mobile App,False,None,Rainy,True,164,False,330,253,-77.0,False,4.0
20230512,2024-08-13,Tuesday,20810,118,1029,2.0,2049.12,0.0,4098.24,0.0,4098.24,1429.66,1238.92,0.3023053798703833,Digital Wallet,Mobile App,False,None,Cloudy,False,70,False,113,134,21.0,True,5.0
20230513,2023-09-14,Thursday,20694,123,1047,1.0,397.37,0.0,397.37,0.0,397.37,273.17,124.2,0.3125550494501346,Credit Card,Online,False,None,Cloudy,False,389,False,435,291,-144.0,False,1.0
20230514,2024-11-30,Saturday,20555,141,1003,1.0,1829.2,0.0,1829.2,0.0,1829.2,1394.94,434.26,0.2374043297616444,Cash,Curbside Pickup,False,None,Windy,False,220,False,250,246,-4.0,False,2.0
20230515,2023-01-25,Wednesday,20410,137,1034,1.0,1669.9,0.15,1669.9,250.485,1419.415,1145.68,273.735,0.19285057576536807,Digital Wallet,Curbside Pickup,True,Clearance,Snowy,False,404,False,241,229,-12.0,False,1.0
20230516,2024-04-02,Tuesday,20976,106,1035,4.0,759.96,0.0,3039.84,0.0,3039.84,403.28,1426.72,0.4693404916048214,Gift Card,In-Store,False,None,Snowy,False,277,False,119,119,0.0,False,3.0
20230517,2023-02-04,Saturday,20028,147,1007,1.0,1023.75,0.0,1023.75,0.0,1023.75,637.12,386.63,0.37766056166056167,Digital Wallet,Curbside Pickup,False,None,Stormy,False,62,False,196,168,-28.0,False,1.0
20230518,2023-08-05,Saturday,20299,138,1010,2.0,392.42,0.0,784.84,0.0,784.84,261.42,262.0,0.3338260027521533,Credit Card,Curbside Pickup,False,None,Windy,False,277,False,470,586,116.0,False,5.0
20230519,2024-01-10,Wednesday,20615,148,1009,1.0,1707.84,0.11,1707.84,187.8624,1519.9776,1077.88,442.0976,0.2908579705385131,Cash,Curbside Pickup,True,Bundle Deal,Sunny,False,122,False,42,48,6.0,False,1.0
20230520,2023-07-29,Saturday,20556,129,1011,1.0,861.37,0.0,861.37,0.0,861.37,618.67,242.7,0.2817604513739741,EBT,Mobile App,False,None,Rainy,False,172,False,127,170,43.0,False,2.0
20230521,2024-12-10,Tuesday,20538,122,1028,4.0,792.63,0.0,3170.52,0.0,3170.52,494.36,1193.08,0.37630420246521074,Cash,In-Store,False,None,Rainy,False,234,False,261,218,-43.0,False,3.0
20230522,2024-05-04,Saturday,20181,103,1043,4.0,116.83,0.0,467.32,0.0,467.32,75.88,163.8,0.35050928699820255,Digital Wallet,Online,False,None,Sunny,False,97,False,270,205,-65.0,False,1.0
20230523,2024-11-12,Tuesday,20252,104,1048,5.0,292.25,0.0,1461.25,0.0,1461.25,184.37,539.4,0.3691360136869119,Debit Card,Mobile App,False,None,Stormy,False,273,False,215,146,-69.0,False,4.0
20230524,2024-03-21,Thursday,20716,113,1031,1.0,525.95,0.0,525.95,0.0,525.95,402.09,123.86,0.23549767088126258,Debit Card,In-Store,False,None,Rainy,False,236,False,21,28,7.0,False,1.0
20230525,2024-12-31,Tuesday,20116,128,1019,1.0,1330.18,0.27,1330.18,359.1486,971.0314,867.36,103.6714,0.10676420968467143,Gift Card,Online,True,BOGO,Windy,True,444,False,97,69,-28.0,False,4.0
20230526,2023-12-03,Sunday,20316,131,1042,1.0,423.92,0.0,423.92,0.0,423.92,233.03,190.89,0.4502972258916777,EBT,Curbside Pickup,False,None,Sunny,False,350,False,188,194,6.0,False,1.0
20230527,2024-11-26,Tuesday,21089,125,1025,2.0,513.39,0.0,1026.78,0.0,1026.78,301.28,424.22,0.41315569060558255,Cash,Online,False,None,Snowy,False,146,False,376,257,-119.0,False,4.0
20230528,2023-10-07,Saturday,20125,124,1010,2.0,397.76,0.0,795.52,0.0,795.52,261.42,272.68,0.3427695092518101,Cash,Mobile App,False,None,Stormy,False,442,False,460,580,120.0,False,2.0
20230529,2024-08-13,Tuesday,20025,112,1032,1.0,973.39,0.0,973.39,0.0,973.39,572.31,401.08,0.4120445042583138,Credit Card,Mobile App,False,None,Stormy,False,357,False,298,249,-49.0,True,1.0
20230530,2024-06-14,Friday,20734,129,1026,1.0,215.35,0.0,215.35,0.0,215.35,130.01,85.34,0.3962851172509868,Gift Card,Online,False,None,Snowy,False,199,False,59,51,-8.0,False,1.0
20230531,2023-09-12,Tuesday,21175,111,1017,7.0,122.95,0.06,860.65,51.639,809.011,93.3,155.911,0.19271802237546826,EBT,Online,True,Percentage Discount,Cloudy,False,319,False,86,66,-20.0,False,3.0
20230532,2023-12-18,Monday,20040,133,1037,1.0,382.55,0.0,382.55,0.0,382.55,270.26,112.29,0.293530257482682,Credit Card,In-Store,False,None,Rainy,False,510,False,184,144,-40.0,False,2.0
20230533,2024-01-23,Tuesday,20725,140,1026,5.0,214.33,0.33,1071.65,353.6445,718.0055,130.01,67.9555,0.09464481818036218,Cash,Mobile App,True,Bundle Deal,Sunny,False,375,False,145,140,-5.0,False,5.0
20230534,2024-08-04,Sunday,20486,119,1046,4.0,575.84,0.0,2303.36,0.0,2303.36,345.33,922.04,0.4003021672686858,Credit Card,Mobile App,False,None,Sunny,False,10,True,178,228,50.0,False,2.0
20230535,2023-10-12,Thursday,20778,112,1013,6.0,168.46,0.08,1010.76,80.8608,929.8992,118.75,217.3992,0.23378792023909684,EBT,Mobile App,True,Clearance,Snowy,False,165,False,457,403,-54.0,False,2.0
20230536,2024-07-04,Thursday,20045,110,1044,3.0,73.41,0.0,220.23,0.0,220.23,46.06,82.05,0.37256504563410975,Credit Card,Mobile App,False,None,Windy,True,89,False,475,502,27.0,False,1.0
20230537,2023-10-18,Wednesday,20502,106,1018,3.0,364.36,0.0,1093.08,0.0,1093.08,198.14,498.66,0.45619716763640356,Debit Card,Mobile App,False,None,Windy,False,44,False,310,305,-5.0,False,5.0
20230538,2024-04-13,Saturday,20399,103,1041,3.0,644.64,0.32,1933.92,618.8544,1315.0656,486.05,-143.0844,-0.10880400186880426,Digital Wallet,Mobile App,True,BOGO,Snowy,False,508,False,112,97,-15.0,True,3.0
20230539,2024-02-12,Monday,20887,138,1023,3.0,134.14,0.15,402.42,60.363,342.057,70.74,129.837,0.3795770880291881,Credit Card,Mobile App,True,BOGO,Windy,False,102,False,159,134,-25.0,False,2.0
20230540,2023-01-17,Tuesday,20209,103,1005,1.0,1081.32,0.32,1081.32,346.0224,735.2976,774.22,-38.9224,-0.05293421330356601,Gift Card,Online,True,Loyalty Reward,Cloudy,False,295,False,386,238,-148.0,False,4.0
20230541,2024-10-15,Tuesday,20131,149,1050,2.0,1336.06,0.0,2672.12,0.0,2672.12,742.28,1187.56,0.4444261485262638,Debit Card,Mobile App,False,None,Cloudy,False,115,False,224,178,-46.0,False,4.0
20230542,2023-03-02,Thursday,20317,136,1007,1.0,1072.98,0.27,1072.98,289.7046,783.2754,637.12,146.1554,0.18659516180388147,Debit Card,In-Store,True,Percentage Discount,Stormy,False,299,False,448,381,-67.0,False,5.0
20230543,2024-12-02,Monday,20029,126,1006,5.0,262.1,0.0,1310.5,0.0,1310.5,163.55,492.75,0.37600152613506294,Cash,In-Store,False,None,Snowy,False,36,False,71,90,19.0,False,2.0
20230544,2023-09-13,Wednesday,20543,134,1013,2.0,181.05,0.0,362.1,0.0,362.1,118.75,124.6,0.3441038387185861,Debit Card,In-Store,False,None,Sunny,False,29,False,172,198,26.0,False,2.0
20230545,2024-04-29,Monday,20112,124,1038,5.0,153.87,0.0,769.35,0.0,769.35,88.81,325.3,0.42282446220835773,Cash,Curbside Pickup,False,None,Sunny,False,419,False,52,31,-21.0,True,3.0
20230546,2023-11-23,Thursday,21036,123,1012,4.0,241.6,0.0,966.4,0.0,966.4,173.37,272.92,0.282408940397351,EBT,In-Store,False,None,Stormy,False,403,False,452,538,86.0,False,2.0
20230547,2023-05-16,Tuesday,20825,102,1026,7.0,228.49,0.0,1599.43,0.0,1599.43,130.01,689.36,0.43100354501291094,Digital Wallet,Curbside Pickup,False,None,Sunny,False,443,False,230,203,-27.0,False,3.0
20230548,2024-11-24,Sunday,21113,104,1007,1.0,1049.8,0.0,1049.8,0.0,1049.8,637.12,412.68,0.393103448275862,Digital Wallet,Curbside Pickup,False,None,Snowy,False,15,True,225,175,-50.0,False,5.0
20230549,2023-07-13,Thursday,20903,136,1030,1.0,932.13,0.28,932.13,260.9964,671.1336,569.19,101.9436,0.15189762515242844,Debit Card,Curbside Pickup,True,Bundle Deal,Windy,False,345,False,206,190,-16.0,False,2.0
20230550,2024-11-15,Friday,20136,141,1019,2.0,1355.54,0.0,2711.08,0.0,2711.08,867.36,976.36,0.3601369196039954,Cash,Curbside Pickup,False,None,Cloudy,False,207,False,398,506,108.0,False,5.0
20230551,2023-09-29,Friday,20810,118,1012,4.0,243.54,0.27,974.16,263.0232,711.1368,173.37,17.6568,0.024828978053167795,Gift Card,Curbside Pickup,True,Clearance,Sunny,False,11,True,462,646,184.0,False,4.0
20230552,2024-04-14,Sunday,20854,124,1023,1.0,124.97,0.0,124.97,0.0,124.97,70.74,54.23,0.4339441465951829,Digital Wallet,In-Store,False,None,Cloudy,False,413,False,74,96,22.0,False,1.0
20230553,2024-02-29,Thursday,20639,117,1025,2.0,565.39,0.0,1130.78,0.0,1130.78,301.28,528.22,0.46712888448681444,Debit Card,In-Store,False,None,Stormy,False,309,False,28,38,10.0,False,5.0
20230554,2023-12-02,Saturday,20741,145,1017,3.0,126.8,0.11,380.4,41.844,338.556,93.3,58.656,0.1732534647148478,EBT,Curbside Pickup,True,Loyalty Reward,Stormy,False,512,False,408,550,142.0,False,5.0
20230555,2023-05-17,Wednesday,20893,148,1008,1.0,604.43,0.0,604.43,0.0,604.43,397.4,207.03,0.3425210528928081,Digital Wallet,In-Store,False,None,Windy,False,85,False,210,262,52.0,False,5.0
20230556,2023-03-23,Thursday,21182,132,1032,1.0,891.89,0.0,891.89,0.0,891.89,572.31,319.58,0.35831772976488135,Digital Wallet,Mobile App,False,None,Stormy,False,373,False,450,491,41.0,False,3.0
20230557,2023-09-19,Tuesday,21124,125,1032,1.0,920.08,0.3,920.08,276.024,644.056,572.31,71.746,0.11139714558982462,EBT,Curbside Pickup,True,Clearance,Windy,False,448,False,106,119,13.0,False,5.0
20230558,2023-10-29,Sunday,20761,108,1020,1.0,343.18,0.0,343.18,0.0,343.18,190.07,153.11,0.44615070808322166,EBT,In-Store,False,None,Cloudy,False,166,False,204,267,63.0,False,4.0
20230559,2024-04-17,Wednesday,21111,141,1019,2.0,1289.95,0.0,2579.9,0.0,2579.9,867.36,845.18,0.32760184503275325,EBT,Online,False,None,Cloudy,False,17,True,73,102,29.0,False,5.0
20230560,2023-04-27,Thursday,20075,114,1038,5.0,148.0,0.0,740.0,0.0,740.0,88.81,295.95,0.3999324324324324,Debit Card,In-Store,False,None,Sunny,False,141,False,479,290,-189.0,False,3.0
20230561,2023-04-02,Sunday,20378,124,1003,1.0,1908.21,0.25,1908.21,477.0525,1431.1575,1394.94,36.2175,0.02530643901876626,EBT,Mobile App,True,Clearance,Windy,False,273,False,244,230,-14.0,False,2.0
20230562,2023-06-02,Friday,20556,129,1001,4.0,656.1,0.3,2624.4,787.32,1837.08,419.73,158.16,0.0860931478215428,Credit Card,Online,True,Loyalty Reward,Sunny,False,121,False,307,409,102.0,False,3.0
20230563,2023-10-12,Thursday,20623,130,1007,2.0,1092.85,0.0,2185.7,0.0,2185.7,637.12,911.46,0.41701056869652736,Credit Card,Mobile App,False,None,Windy,False,278,False,302,343,41.0,False,1.0
20230564,2024-02-18,Sunday,20751,117,1050,2.0,1259.37,0.0,2518.74,0.0,2518.74,742.28,1034.18,0.4105941859818798,Digital Wallet,In-Store,False,None,Windy,False,190,False,87,119,32.0,False,4.0
20230565,2023-11-08,Wednesday,21112,106,1043,4.0,121.82,0.23,487.28,112.0744,375.2056,75.88,71.6856,0.19105684989776278,EBT,Online,True,BOGO,Snowy,False,102,False,41,26,-15.0,False,5.0
20230566,2023-03-21,Tuesday,20400,147,1050,2.0,1330.95,0.0,2661.9,0.0,2661.9,742.28,1177.34,0.44229309891430935,Digital Wallet,In-Store,False,None,Windy,False,443,False,283,379,96.0,False,1.0
20230567,2023-11-29,Wednesday,20659,105,1041,4.0,670.91,0.2,2683.64,536.728,2146.912,486.05,202.712,0.09442026501319094,Credit Card,Mobile App,True,Manufacturer Rebate,Cloudy,True,478,False,27,16,-11.0,False,4.0
20230568,2023-08-09,Wednesday,20062,142,1023,3.0,124.26,0.0,372.78,0.0,372.78,70.74,160.56,0.4307098020280059,Gift Card,Mobile App,False,None,Sunny,False,455,False,174,234,60.0,False,5.0
20230569,2024-05-31,Friday,21187,122,1009,1.0,1702.76,0.23,1702.76,391.6348,1311.1252,1077.88,233.2452,0.17789696971730834,Debit Card,Mobile App,True,Clearance,Cloudy,False,5,True,366,345,-21.0,False,2.0
20230570,2024-06-20,Thursday,21008,118,1021,5.0,83.96,0.0,419.8,0.0,419.8,45.04,194.6,0.4635540733682706,EBT,Mobile App,False,None,Snowy,False,238,False,386,295,-91.0,False,5.0
20230571,2023-04-12,Wednesday,20899,124,1020,4.0,359.66,0.0,1438.64,0.0,1438.64,190.07,678.36,0.47152866596229775,Cash,Curbside Pickup,False,None,Sunny,False,80,False,114,121,7.0,False,4.0
20230572,2023-06-03,Saturday,20947,150,1004,3.0,656.3,0.0,1968.9,0.0,1968.9,445.03,633.81,0.32191071156483314,Credit Card,Online,False,None,Sunny,False,219,False,75,70,-5.0,False,5.0
20230573,2023-11-22,Wednesday,20580,102,1019,2.0,1256.54,0.11,2513.08,276.4388,2236.6412,867.36,501.9212,0.2244084567520262,Debit Card,Online,True,Bundle Deal,Snowy,False,448,False,447,580,133.0,False,5.0
20230574,2024-12-14,Saturday,20213,143,1046,2.0,553.78,0.18,1107.56,199.3608,908.1992,345.33,217.5392,0.23952806829162593,EBT,In-Store,True,Bundle Deal,Stormy,False,320,False,298,266,-32.0,False,3.0
20230575,2023-04-28,Friday,20897,140,1009,2.0,1863.84,0.0,3727.68,0.0,3727.68,1077.88,1571.92,0.4216885569576787,Credit Card,Online,False,None,Snowy,False,345,False,161,186,25.0,False,2.0
20230576,2023-01-30,Monday,20110,111,1015,5.0,241.86,0.0,1209.3,0.0,1209.3,149.38,462.4,0.38236996609608875,Digital Wallet,In-Store,False,None,Snowy,False,66,False,281,251,-30.0,False,4.0
20230577,2023-11-15,Wednesday,20531,142,1045,1.0,239.48,0.1,239.48,23.948,215.532,159.92,55.612,0.2580220106527105,Credit Card,Mobile App,True,BOGO,Cloudy,False,210,False,50,47,-3.0,False,4.0
20230578,2023-09-05,Tuesday,20555,141,1031,4.0,535.84,0.0,2143.36,0.0,2143.36,402.09,535.0,0.24960809196775166,Credit Card,Mobile App,False,None,Snowy,False,511,False,37,30,-7.0,False,3.0
20230579,2023-02-12,Sunday,20565,121,1019,2.0,1322.81,0.0,2645.62,0.0,2645.62,867.36,910.9,0.3443049266334545,Debit Card,Online,False,None,Sunny,False,168,False,233,239,6.0,False,3.0
20230580,2023-09-11,Monday,20890,113,1038,7.0,152.72,0.0,1069.04,0.0,1069.04,88.81,447.37,0.41847826086956513,Cash,In-Store,False,None,Cloudy,False,420,False,117,71,-46.0,False,4.0
20230581,2023-06-24,Saturday,20646,117,1017,6.0,124.15,0.0,744.9,0.0,744.9,93.3,185.1,0.248489730165123,Debit Card,Online,False,None,Sunny,False,62,False,350,385,35.0,False,3.0
20230582,2024-09-09,Monday,20416,119,1038,7.0,151.86,0.0,1063.02,0.0,1063.02,88.81,441.35,0.41518503885157376,Gift Card,Mobile App,False,None,Windy,False,300,False,84,100,16.0,False,5.0
20230583,2023-10-02,Monday,20262,133,1017,2.0,122.66,0.0,245.32,0.0,245.32,93.3,58.72,0.2393608348279798,Debit Card,Mobile App,False,None,Sunny,False,385,False,66,59,-7.0,False,3.0
20230584,2023-11-23,Thursday,20798,137,1005,2.0,1153.54,0.0,2307.08,0.0,2307.08,774.22,758.64,0.32883124989163787,EBT,Online,False,None,Snowy,False,233,False,293,361,68.0,False,5.0
20230585,2023-02-08,Wednesday,20931,102,1021,4.0,77.06,0.0,308.24,0.0,308.24,45.04,128.08,0.41552037373475215,Credit Card,Online,False,None,Cloudy,False,470,False,371,241,-130.0,False,4.0
20230586,2024-01-10,Wednesday,20698,119,1018,4.0,361.1,0.0,1444.4,0.0,1444.4,198.14,651.84,0.4512877319302133,Credit Card,Mobile App,False,None,Snowy,False,337,False,213,297,84.0,False,2.0
20230587,2024-10-15,Tuesday,20471,133,1001,4.0,669.77,0.0,2679.08,0.0,2679.08,419.73,1000.16,0.3733221852277647,EBT,Online,False,None,Sunny,False,514,False,165,236,71.0,False,1.0
20230588,2023-12-30,Saturday,21152,134,1038,2.0,140.41,0.2,280.82,56.164,224.656,88.81,47.036,0.2093689908126202,Cash,In-Store,True,Bundle Deal,Cloudy,False,53,False,373,225,-148.0,False,3.0
20230589,2024-09-14,Saturday,20448,132,1016,1.0,388.86,0.0,388.86,0.0,388.86,263.25,125.61,0.32302113871316157,Cash,Mobile App,False,None,Sunny,False,349,False,342,488,146.0,False,1.0
20230590,2023-02-27,Monday,20753,110,1032,1.0,893.03,0.0,893.03,0.0,893.03,572.31,320.72,0.35913687110175474,Credit Card,In-Store,False,None,Windy,False,305,False,371,455,84.0,False,1.0
20230591,2024-06-26,Wednesday,20627,115,1046,4.0,538.62,0.0,2154.48,0.0,2154.48,345.33,773.16,0.3588615350339758,Cash,Curbside Pickup,False,None,Rainy,False,27,False,446,471,25.0,False,5.0
20230592,2024-07-19,Friday,20831,142,1024,3.0,486.29,0.0,1458.87,0.0,1458.87,283.62,608.01,0.41676777231693024,EBT,Online,False,None,Stormy,False,294,False,207,138,-69.0,False,2.0
20230593,2024-12-08,Sunday,21116,107,1036,2.0,1147.07,0.0,2294.14,0.0,2294.14,738.32,817.5,0.35634268178925427,EBT,Curbside Pickup,False,None,Cloudy,False,158,False,118,79,-39.0,False,5.0
20230594,2023-04-10,Monday,20991,110,1021,5.0,81.59,0.0,407.95,0.0,407.95,45.04,182.75,0.4479715651427872,EBT,Curbside Pickup,False,None,Sunny,False,118,False,161,219,58.0,False,5.0
20230595,2024-12-12,Thursday,20588,114,1023,1.0,125.0,0.0,125.0,0.0,125.0,70.74,54.26,0.43408,Gift Card,Curbside Pickup,False,None,Cloudy,False,260,False,31,27,-4.0,False,5.0
20230596,2024-11-18,Monday,20860,129,1014,7.0,216.55,0.0,1515.85,0.0,1515.85,172.18,310.59,0.20489494343107836,Digital Wallet,Online,False,None,Cloudy,False,13,True,211,231,20.0,False,4.0
20230597,2024-03-08,Friday,20764,146,1020,3.0,332.32,0.0,996.96,0.0,996.96,190.07,426.75,0.42805127587867114,EBT,In-Store,False,None,Sunny,False,490,False,388,462,74.0,False,3.0
20230598,2024-11-27,Wednesday,20596,134,1001,4.0,613.7,0.0,2454.8,0.0,2454.8,419.73,775.88,0.31606648199445986,Credit Card,In-Store,False,None,Sunny,False,7,True,375,407,32.0,False,4.0
20230599,2023-07-10,Monday,20531,120,1046,2.0,542.44,0.0,1084.88,0.0,1084.88,345.33,394.22,0.3633765946464126,Debit Card,Mobile App,False,None,Rainy,False,195,False,138,183,45.0,False,4.0
20230600,2024-04-23,Tuesday,20246,101,1032,1.0,887.45,0.0,887.45,0.0,887.45,572.31,315.14,0.3551073299904221,Digital Wallet,In-Store,False,None,Cloudy,False,143,False,143,108,-35.0,False,2.0
20230601,2024-11-14,Thursday,20245,142,1027,7.0,62.76,0.0,439.32,0.0,439.32,37.44,177.24,0.40344168260038243,Gift Card,In-Store,False,None,Windy,False,296,False,171,207,36.0,False,5.0
20230602,2024-08-12,Monday,20698,119,1004,2.0,697.18,0.0,1394.36,0.0,1394.36,445.03,504.3,0.3616713043977165,Credit Card,In-Store,False,None,Sunny,False,424,False,243,157,-86.0,False,3.0
20230603,2023-12-06,Wednesday,20318,120,1006,5.0,272.18,0.17,1360.9,231.353,1129.547,163.55,311.797,0.27603720783641583,Digital Wallet,Curbside Pickup,True,Percentage Discount,Stormy,False,154,False,108,143,35.0,False,4.0
20230604,2024-07-17,Wednesday,20663,141,1015,7.0,243.45,0.11,1704.15,187.4565,1516.6935,149.38,471.0335,0.31056604383153225,Credit Card,Curbside Pickup,True,BOGO,Sunny,False,169,False,179,129,-50.0,False,3.0
20230605,2024-01-02,Tuesday,20136,141,1001,4.0,628.99,0.12,2515.96,301.9152,2214.0448,419.73,535.1248,0.2416955609931651,Cash,Curbside Pickup,True,Clearance,Snowy,False,157,False,73,59,-14.0,False,4.0
20230606,2024-09-05,Thursday,21147,141,1021,4.0,77.48,0.0,309.92,0.0,309.92,45.04,129.76,0.4186886938564791,Gift Card,Online,False,None,Sunny,False,56,False,375,350,-25.0,False,4.0
20230607,2023-09-19,Tuesday,20635,101,1017,7.0,133.31,0.0,933.17,0.0,933.17,93.3,280.07,0.3001275223164054,Cash,Curbside Pickup,False,None,Rainy,False,506,False,82,87,5.0,False,1.0
20230608,2024-03-12,Tuesday,21097,135,1035,3.0,726.6,0.26,2179.8,566.748,1613.052,403.28,403.212,0.24996838291635992,Cash,Mobile App,True,Clearance,Rainy,False,411,False,271,291,20.0,False,3.0
20230609,2024-11-23,Saturday,21001,133,1031,3.0,527.86,0.0,1583.58,0.0,1583.58,402.09,377.31,0.23826393361876252,Cash,Curbside Pickup,False,None,Sunny,False,225,False,35,43,8.0,False,1.0
20230610,2024-11-03,Sunday,20484,101,1014,7.0,231.21,0.05,1618.47,80.9235,1537.5465,172.18,332.2865,0.2161147646591501,EBT,Curbside Pickup,True,Manufacturer Rebate,Cloudy,False,48,False,411,328,-83.0,False,4.0
20230611,2024-12-22,Sunday,21198,132,1002,2.0,1218.94,0.0,2437.88,0.0,2437.88,759.3,919.28,0.3770817267461894,Credit Card,Online,False,None,Rainy,False,273,False,256,239,-17.0,False,4.0
20230612,2024-02-27,Tuesday,20689,110,1044,2.0,73.18,0.0,146.36,0.0,146.36,46.06,54.24,0.37059305821262645,Credit Card,Mobile App,False,None,Windy,False,287,False,160,135,-25.0,False,5.0
20230613,2024-03-11,Monday,20239,145,1029,2.0,2181.92,0.0,4363.84,0.0,4363.84,1429.66,1504.52,0.34476974407860966,EBT,Mobile App,False,None,Stormy,False,93,False,435,463,28.0,False,1.0
20230614,2023-08-19,Saturday,20348,137,1005,1.0,1187.84,0.0,1187.84,0.0,1187.84,774.22,413.62,0.348211880387931,Cash,Online,False,None,Rainy,False,220,False,253,177,-76.0,False,2.0
20230615,2024-04-01,Monday,20325,109,1029,2.0,2165.44,0.0,4330.88,0.0,4330.88,1429.66,1471.56,0.33978313876163735,Cash,Mobile App,False,None,Sunny,False,405,False,338,452,114.0,False,2.0
20230616,2024-11-25,Monday,21009,111,1044,6.0,71.42,0.23,428.52,98.5596,329.9604,46.06,53.6004,0.1624449479392072,Debit Card,Curbside Pickup,True,Bundle Deal,Snowy,False,468,False,224,175,-49.0,False,1.0
20230617,2023-09-13,Wednesday,20830,134,1025,2.0,556.76,0.0,1113.52,0.0,1113.52,301.28,510.96,0.4588691716358934,Cash,Curbside Pickup,False,None,Cloudy,False,407,False,121,156,35.0,False,2.0
20230618,2023-07-24,Monday,20371,120,1023,5.0,127.97,0.0,639.85,0.0,639.85,70.74,286.15,0.44721419082597486,EBT,Curbside Pickup,False,None,Snowy,False,178,False,442,494,52.0,False,2.0
20230619,2023-06-09,Friday,20898,101,1038,4.0,145.92,0.22,583.68,128.4096,455.2704,88.81,100.0304,0.2197164586144849,Gift Card,Online,True,Clearance,Cloudy,False,298,False,270,238,-32.0,False,5.0
20230620,2023-02-21,Tuesday,20207,133,1010,1.0,386.98,0.08,386.98,30.9584,356.0216,261.42,94.6016,0.2657187092019136,Debit Card,Curbside Pickup,True,Clearance,Cloudy,False,374,False,351,380,29.0,False,5.0
20230621,2024-11-01,Friday,20112,124,1018,2.0,332.36,0.34,664.72,226.0048,438.7152,198.14,42.4352,0.09672607650703693,Digital Wallet,Curbside Pickup,True,Manufacturer Rebate,Rainy,False,499,False,308,344,36.0,False,5.0
20230622,2023-05-18,Thursday,20942,142,1002,1.0,1334.97,0.16,1334.97,213.5952,1121.3748,759.3,362.0748,0.3228847304219785,EBT,In-Store,True,Loyalty Reward,Stormy,False,163,False,443,386,-57.0,False,5.0
20230623,2024-11-16,Saturday,20923,115,1040,1.0,84.25,0.0,84.25,0.0,84.25,47.28,36.97,0.43881305637982193,Digital Wallet,Mobile App,False,None,Rainy,False,313,False,247,177,-70.0,False,3.0
20230624,2023-09-09,Saturday,20988,110,1010,1.0,417.91,0.0,417.91,0.0,417.91,261.42,156.49,0.3744586154913737,Digital Wallet,Online,False,None,Rainy,False,136,False,288,210,-78.0,False,2.0
20230625,2023-09-26,Tuesday,20632,103,1019,2.0,1220.16,0.0,2440.32,0.0,2440.32,867.36,705.6,0.2891424075531078,EBT,Curbside Pickup,False,None,Cloudy,False,112,False,197,214,17.0,False,4.0
20230626,2024-10-01,Tuesday,20229,135,1045,4.0,230.02,0.0,920.08,0.0,920.08,159.92,280.4,0.30475610816450754,EBT,In-Store,False,None,Cloudy,False,356,False,329,336,7.0,False,4.0
20230627,2023-05-29,Monday,20462,118,1029,2.0,2087.78,0.0,4175.56,0.0,4175.56,1429.66,1316.24,0.31522478422055966,EBT,Mobile App,False,None,Sunny,False,303,False,236,229,-7.0,False,3.0
20230628,2023-11-25,Saturday,20065,119,1032,1.0,989.49,0.25,989.49,247.3725,742.1175,572.31,169.8075,0.22881484401055102,EBT,Mobile App,True,Loyalty Reward,Sunny,False,170,False,20,22,2.0,False,3.0
20230629,2023-04-07,Friday,20811,149,1001,3.0,630.52,0.0,1891.56,0.0,1891.56,419.73,632.37,0.3343113620503711,EBT,In-Store,False,None,Snowy,False,223,False,193,119,-74.0,False,1.0
20230630,2024-09-25,Wednesday,20620,120,1027,2.0,59.94,0.28,119.88,33.5664,86.3136,37.44,11.4336,0.13246579913246578,Cash,In-Store,True,Percentage Discount,Sunny,False,397,False,416,577,161.0,False,4.0
20230631,2024-06-02,Sunday,21007,102,1036,2.0,1099.96,0.0,2199.92,0.0,2199.92,738.32,723.28,0.32877559183970323,Digital Wallet,In-Store,False,None,Rainy,False,243,False,421,464,43.0,False,1.0
20230632,2023-11-15,Wednesday,20291,126,1004,3.0,666.34,0.34,1999.02,679.6668,1319.3532,445.03,-15.7368,-0.011927662736559022,Digital Wallet,Curbside Pickup,True,Clearance,Stormy,False,355,False,237,227,-10.0,False,4.0
20230633,2024-04-21,Sunday,20243,122,1005,2.0,1196.46,0.0,2392.92,0.0,2392.92,774.22,844.48,0.35290774451297996,Digital Wallet,Curbside Pickup,False,None,Cloudy,False,303,False,464,407,-57.0,False,1.0
20230634,2023-11-15,Wednesday,20431,106,1014,7.0,217.59,0.11,1523.13,167.5443,1355.5857,172.18,150.3257,0.11089354217885308,Digital Wallet,In-Store,True,Loyalty Reward,Cloudy,False,135,False,117,147,30.0,True,3.0
20230635,2024-07-14,Sunday,21187,122,1012,1.0,234.61,0.0,234.61,0.0,234.61,173.37,61.24,0.26102894164784113,EBT,Mobile App,False,None,Stormy,False,101,False,55,75,20.0,False,3.0
20230636,2024-08-26,Monday,20035,140,1016,2.0,377.62,0.15,755.24,113.286,641.954,263.25,115.454,0.17984777725506806,Digital Wallet,In-Store,True,Percentage Discount,Cloudy,False,1,True,370,303,-67.0,True,4.0
20230637,2024-06-06,Thursday,20688,110,1027,5.0,62.76,0.0,313.8,0.0,313.8,37.44,126.6,0.4034416826003825,EBT,In-Store,False,None,Sunny,False,407,False,405,294,-111.0,False,4.0
20230638,2024-11-21,Thursday,20587,109,1013,4.0,185.06,0.0,740.24,0.0,740.24,118.75,265.24,0.35831622176591377,Digital Wallet,Mobile App,False,None,Cloudy,False,355,False,440,446,6.0,False,5.0
20230639,2023-12-13,Wednesday,20107,137,1002,1.0,1249.4,0.0,1249.4,0.0,1249.4,759.3,490.1,0.3922682887786138,Debit Card,Curbside Pickup,False,None,Stormy,False,508,False,226,255,29.0,False,5.0
20230640,2023-09-14,Thursday,20925,106,1013,7.0,185.25,0.0,1296.75,0.0,1296.75,118.75,465.5,0.358974358974359,Credit Card,Curbside Pickup,False,None,Sunny,False,256,False,268,303,35.0,False,5.0
20230641,2024-02-18,Sunday,20916,148,1034,2.0,1533.56,0.0,3067.12,0.0,3067.12,1145.68,775.76,0.25292782806019976,Cash,Online,False,None,Windy,False,55,False,403,577,174.0,False,2.0
20230642,2024-08-31,Saturday,20603,112,1022,3.0,330.99,0.0,992.97,0.0,992.97,187.99,429.0,0.43203722166832836,EBT,Online,False,None,Rainy,False,478,False,115,132,17.0,False,5.0
20230643,2023-11-24,Friday,20006,150,1008,4.0,648.1,0.0,2592.4,0.0,2592.4,397.4,1002.8,0.3868230211387132,Gift Card,In-Store,False,None,Cloudy,False,382,False,420,295,-125.0,True,2.0
20230644,2023-06-18,Sunday,20809,137,1044,2.0,72.53,0.24,145.06,34.8144,110.2456,46.06,18.1256,0.16441109667868825,Gift Card,Curbside Pickup,True,Manufacturer Rebate,Snowy,False,486,False,459,594,135.0,False,3.0
20230645,2024-04-12,Friday,20392,137,1038,6.0,156.11,0.0,936.66,0.0,936.66,88.81,403.8,0.4311062712190123,Credit Card,Mobile App,False,None,Snowy,False,363,False,334,412,78.0,True,4.0
20230646,2024-10-26,Saturday,21183,111,1010,3.0,418.61,0.33,1255.83,414.4239,841.4061,261.42,57.1461,0.06791738258137175,EBT,In-Store,True,Clearance,Windy,False,167,False,466,347,-119.0,False,3.0
20230647,2024-08-21,Wednesday,20201,128,1017,5.0,125.48,0.0,627.4,0.0,627.4,93.3,160.9,0.2564552119859738,Digital Wallet,Online,False,None,Sunny,False,65,False,370,449,79.0,False,2.0
20230648,2024-05-02,Thursday,20467,132,1009,1.0,1754.48,0.0,1754.48,0.0,1754.48,1077.88,676.6,0.3856413296247321,Digital Wallet,Curbside Pickup,False,None,Rainy,False,436,False,374,523,149.0,False,5.0
20230649,2023-12-31,Sunday,20342,142,1046,4.0,540.32,0.0,2161.28,0.0,2161.28,345.33,779.96,0.36087873852531843,Gift Card,Online,False,None,Sunny,True,11,True,29,30,1.0,False,4.0
20230650,2024-06-16,Sunday,20359,131,1017,1.0,123.74,0.19,123.74,23.5106,100.2294,93.3,6.9294,0.06913540338463565,Gift Card,Curbside Pickup,True,Manufacturer Rebate,Windy,False,226,False,120,162,42.0,False,4.0
20230651,2023-06-29,Thursday,20446,124,1015,1.0,246.94,0.07,246.94,17.2858,229.6542,149.38,80.2742,0.3495437923626043,EBT,Mobile App,True,Clearance,Sunny,False,293,False,435,284,-151.0,False,3.0
20230652,2023-08-21,Monday,20716,113,1001,1.0,650.37,0.0,650.37,0.0,650.37,419.73,230.64,0.35462890354721155,Cash,In-Store,False,None,Sunny,False,231,False,163,164,1.0,False,3.0
20230653,2023-06-20,Tuesday,20237,106,1002,1.0,1253.65,0.0,1253.65,0.0,1253.65,759.3,494.35,0.3943285606030392,Credit Card,Mobile App,False,None,Windy,False,356,False,80,116,36.0,False,1.0
20230654,2023-12-24,Sunday,20121,143,1040,7.0,93.36,0.0,653.52,0.0,653.52,47.28,322.56,0.49357326478149094,Debit Card,Online,False,None,Sunny,True,366,False,244,172,-72.0,False,3.0
20230655,2023-01-10,Tuesday,21012,125,1010,1.0,371.53,0.12,371.53,44.5836,326.9464,261.42,65.5264,0.2004193959621515,Gift Card,Online,True,Clearance,Rainy,False,507,False,113,162,49.0,False,3.0
20230656,2023-12-30,Saturday,20535,141,1010,2.0,407.76,0.29,815.52,236.5008,579.0192,261.42,56.1792,0.09702476187318128,EBT,In-Store,True,BOGO,Stormy,False,169,False,472,378,-94.0,False,4.0
20230657,2023-12-23,Saturday,20266,132,1048,4.0,265.92,0.0,1063.68,0.0,1063.68,184.37,326.2,0.30667117930204574,Debit Card,Online,False,None,Snowy,False,2,True,381,255,-126.0,False,2.0
20230658,2024-05-10,Friday,21171,106,1022,4.0,330.44,0.0,1321.76,0.0,1321.76,187.99,569.8,0.43109187749667105,Credit Card,Mobile App,False,None,Cloudy,False,266,False,99,101,2.0,True,1.0
20230659,2023-02-18,Saturday,20955,102,1040,7.0,94.44,0.0,661.08,0.0,661.08,47.28,330.12,0.4993646759847521,Gift Card,Curbside Pickup,False,None,Stormy,False,518,False,149,165,16.0,False,1.0
20230660,2023-03-27,Monday,20286,107,1027,5.0,61.84,0.0,309.2,0.0,309.2,37.44,122.0,0.39456662354463146,Debit Card,Online,False,None,Windy,False,31,False,286,363,77.0,False,1.0
20230661,2023-07-15,Saturday,21027,102,1021,1.0,76.27,0.0,76.27,0.0,76.27,45.04,31.23,0.4094663694768585,Digital Wallet,In-Store,False,None,Stormy,False,99,False,182,211,29.0,False,3.0
20230662,2023-06-21,Wednesday,20039,139,1032,1.0,907.12,0.05,907.12,45.356,861.764,572.31,289.454,0.3358854628413348,Gift Card,Mobile App,True,Manufacturer Rebate,Cloudy,False,372,False,289,285,-4.0,False,4.0
20230663,2024-08-09,Friday,21147,141,1036,2.0,1103.73,0.0,2207.46,0.0,2207.46,738.32,730.82,0.33106828662807025,EBT,Online,False,None,Rainy,False,116,False,102,92,-10.0,False,3.0
20230664,2023-12-29,Friday,20247,135,1049,1.0,154.9,0.0,154.9,0.0,154.9,117.26,37.64,0.24299548095545512,EBT,Mobile App,False,None,Windy,False,448,False,478,675,197.0,False,1.0
20230665,2023-10-02,Monday,21106,103,1038,2.0,153.81,0.0,307.62,0.0,307.62,88.81,130.0,0.4225993108380469,Cash,Mobile App,False,None,Windy,False,304,False,56,51,-5.0,False,1.0
20230666,2024-07-24,Wednesday,20920,138,1022,2.0,312.63,0.0,625.26,0.0,625.26,187.99,249.28,0.3986821482263378,Debit Card,Mobile App,False,None,Cloudy,False,393,False,44,41,-3.0,False,2.0
20230667,2023-12-08,Friday,20685,119,1021,6.0,83.34,0.0,500.04,0.0,500.04,45.04,229.8,0.4595632349412047,Gift Card,Mobile App,False,None,Cloudy,False,260,False,110,102,-8.0,False,3.0
20230668,2023-12-16,Saturday,20637,105,1048,2.0,290.03,0.0,580.06,0.0,580.06,184.37,211.32,0.3643071406406233,Credit Card,Curbside Pickup,False,None,Cloudy,False,426,False,269,303,34.0,False,3.0
20230669,2024-08-29,Thursday,20158,128,1036,1.0,1049.48,0.0,1049.48,0.0,1049.48,738.32,311.16,0.29648969013225596,Cash,Mobile App,False,None,Stormy,False,309,False,267,284,17.0,False,3.0
20230670,2024-05-26,Sunday,20955,116,1034,2.0,1526.55,0.0,3053.1,0.0,3053.1,1145.68,761.74,0.24949723232124718,Cash,Online,False,None,Rainy,False,133,False,30,43,13.0,False,4.0
20230671,2024-11-12,Tuesday,20617,137,1022,1.0,317.35,0.0,317.35,0.0,317.35,187.99,129.36,0.4076256499133449,Digital Wallet,In-Store,False,None,Windy,False,30,False,42,36,-6.0,False,3.0
20230672,2024-11-15,Friday,20173,144,1048,4.0,269.45,0.11,1077.8,118.558,959.242,184.37,221.762,0.23118462285846528,EBT,In-Store,True,Manufacturer Rebate,Cloudy,False,159,False,287,289,2.0,False,5.0
20230673,2023-08-26,Saturday,20983,140,1029,1.0,2278.66,0.0,2278.66,0.0,2278.66,1429.66,849.0,0.37258739785663497,Debit Card,In-Store,False,None,Cloudy,False,157,False,146,175,29.0,False,4.0
20230674,2023-01-16,Monday,20099,115,1048,5.0,288.4,0.0,1442.0,0.0,1442.0,184.37,520.15,0.3607142857142857,Credit Card,Mobile App,False,None,Stormy,False,229,False,145,119,-26.0,False,1.0
20230675,2023-05-15,Monday,20191,104,1015,5.0,251.59,0.0,1257.95,0.0,1257.95,149.38,511.05,0.40625621050121236,Cash,In-Store,False,None,Sunny,False,440,False,311,327,16.0,False,1.0
20230676,2024-02-20,Tuesday,20591,130,1015,4.0,247.74,0.09,990.96,89.1864,901.7736,149.38,304.2536,0.33739466313939553,Debit Card,In-Store,True,Bundle Deal,Windy,False,395,False,192,123,-69.0,False,4.0
20230677,2024-11-28,Thursday,20692,150,1042,1.0,446.03,0.0,446.03,0.0,446.03,233.03,213.0,0.47754635338430146,Debit Card,Online,False,None,Windy,True,279,False,35,28,-7.0,False,1.0
20230678,2023-01-23,Monday,20955,116,1033,1.0,796.1,0.0,796.1,0.0,796.1,465.85,330.25,0.414834819746263,Digital Wallet,Online,False,None,Rainy,False,48,False,75,79,4.0,False,5.0
20230679,2023-11-19,Sunday,20417,130,1046,4.0,575.06,0.0,2300.24,0.0,2300.24,345.33,918.92,0.3994887490001043,Gift Card,Mobile App,False,None,Stormy,False,316,False,248,288,40.0,False,3.0
20230680,2024-07-28,Sunday,20052,132,1030,2.0,941.95,0.0,1883.9,0.0,1883.9,569.19,745.52,0.39573225755082536,Debit Card,In-Store,False,None,Sunny,False,440,False,257,242,-15.0,False,1.0
20230681,2023-02-07,Tuesday,20660,146,1042,1.0,437.83,0.0,437.83,0.0,437.83,233.03,204.8,0.46776145992736906,Digital Wallet,Online,False,None,Cloudy,False,214,False,115,85,-30.0,False,2.0
20230682,2023-05-23,Tuesday,21156,119,1004,4.0,686.17,0.31,2744.68,850.8508,1893.8292,445.03,113.7092,0.06004195098480899,Cash,Curbside Pickup,True,Loyalty Reward,Cloudy,False,304,False,113,71,-42.0,False,4.0
20230683,2024-10-22,Tuesday,20271,140,1041,4.0,678.95,0.0,2715.8,0.0,2715.8,486.05,771.6,0.2841151778481479,Digital Wallet,Online,False,None,Windy,False,390,False,171,182,11.0,False,4.0
20230684,2024-01-28,Sunday,20206,126,1043,1.0,123.37,0.0,123.37,0.0,123.37,75.88,47.49,0.38493961254762105,Debit Card,Online,False,None,Sunny,False,514,False,469,524,55.0,False,5.0
20230685,2023-09-09,Saturday,20369,102,1042,2.0,442.84,0.0,885.68,0.0,885.68,233.03,419.62,0.4737828561105591,Digital Wallet,Online,False,None,Sunny,False,257,False,21,16,-5.0,False,5.0
20230686,2023-04-16,Sunday,20521,134,1038,1.0,156.95,0.0,156.95,0.0,156.95,88.81,68.14,0.4341510035043007,Digital Wallet,Mobile App,False,None,Sunny,False,224,False,237,213,-24.0,False,4.0
20230687,2023-02-23,Thursday,20358,125,1016,2.0,356.26,0.0,712.52,0.0,712.52,263.25,186.02,0.26107337337899283,Cash,Curbside Pickup,False,None,Cloudy,False,98,False,408,325,-83.0,False,5.0
20230688,2023-08-11,Friday,20992,125,1003,1.0,1946.0,0.0,1946.0,0.0,1946.0,1394.94,551.06,0.28317574511819116,Digital Wallet,In-Store,False,None,Snowy,False,278,False,230,229,-1.0,False,5.0
20230689,2023-03-12,Sunday,21050,113,1011,1.0,936.99,0.0,936.99,0.0,936.99,618.67,318.32,0.33972614435586296,Digital Wallet,Online,False,None,Sunny,False,180,False,178,166,-12.0,False,2.0
20230690,2024-04-22,Monday,20958,120,1012,4.0,237.4,0.0,949.6,0.0,949.6,173.37,256.12,0.26971356360572873,Credit Card,Mobile App,False,None,Sunny,False,151,False,107,100,-7.0,False,5.0
20230691,2023-12-07,Thursday,21197,134,1048,1.0,274.45,0.29,274.45,79.5905,194.8595,184.37,10.4895,0.05383109368545025,EBT,Mobile App,True,Manufacturer Rebate,Windy,False,393,False,143,124,-19.0,False,4.0
20230692,2024-02-16,Friday,20172,134,1006,7.0,284.5,0.0,1991.5,0.0,1991.5,163.55,846.65,0.4251318101933215,Digital Wallet,In-Store,False,None,Snowy,False,178,False,370,231,-139.0,False,5.0
20230693,2023-08-24,Thursday,20564,115,1039,7.0,102.84,0.0,719.88,0.0,719.88,71.53,219.17,0.30445352003111625,EBT,Online,False,None,Cloudy,False,78,False,436,587,151.0,True,3.0
20230694,2023-11-25,Saturday,20814,122,1034,2.0,1574.86,0.31,3149.72,976.4132,2173.3068,1145.68,-118.0532,-0.054319620221130446,Debit Card,Mobile App,True,Percentage Discount,Stormy,False,289,False,145,161,16.0,False,3.0
20230695,2023-04-13,Thursday,21012,125,1050,1.0,1277.87,0.0,1277.87,0.0,1277.87,742.28,535.59,0.4191271412585004,Debit Card,Curbside Pickup,False,None,Rainy,False,362,False,88,122,34.0,False,4.0
20230696,2023-08-26,Saturday,20777,111,1017,6.0,125.8,0.0,754.8,0.0,754.8,93.3,195.0,0.25834658187599363,Cash,Mobile App,False,None,Stormy,False,121,False,480,585,105.0,False,2.0
20230697,2023-11-23,Thursday,21103,146,1048,2.0,263.48,0.28,526.96,147.5488,379.4112,184.37,10.6712,0.028125685272337768,Gift Card,Curbside Pickup,True,Bundle Deal,Cloudy,False,272,False,195,260,65.0,False,5.0
20230698,2024-10-26,Saturday,20369,121,1024,1.0,522.44,0.0,522.44,0.0,522.44,283.62,238.82,0.45712426307327164,Digital Wallet,Mobile App,False,None,Cloudy,False,364,False,343,353,10.0,False,1.0
20230699,2024-08-20,Tuesday,20632,103,1038,5.0,148.93,0.0,744.65,0.0,744.65,88.81,300.6,0.4036795810112134,Credit Card,In-Store,False,None,Sunny,False,54,False,471,304,-167.0,False,5.0
20230700,2024-09-03,Tuesday,20302,145,1021,3.0,77.64,0.34,232.92,79.1928,153.7272,45.04,18.6072,0.12104038842833281,Credit Card,Online,True,Loyalty Reward,Rainy,False,480,False,424,356,-68.0,False,1.0
20230701,2024-12-23,Monday,20145,131,1029,2.0,2224.66,0.0,4449.32,0.0,4449.32,1429.66,1590.0,0.35735797829780724,Gift Card,In-Store,False,None,Stormy,False,91,False,243,191,-52.0,False,4.0
20230702,2023-11-15,Wednesday,20845,132,1035,2.0,759.77,0.0,1519.54,0.0,1519.54,403.28,712.98,0.4692077865669874,Debit Card,Mobile App,False,None,Sunny,False,274,False,380,459,79.0,False,1.0
20230703,2023-12-14,Thursday,20994,146,1039,5.0,103.67,0.0,518.35,0.0,518.35,71.53,160.7,0.31002218578180774,Gift Card,Online,False,None,Cloudy,False,485,False,113,107,-6.0,False,2.0
20230704,2024-11-05,Tuesday,20006,112,1049,2.0,152.66,0.26,305.32,79.3832,225.9368,117.26,-8.5832,-0.03798938464207692,Digital Wallet,In-Store,True,Clearance,Cloudy,False,398,False,114,129,15.0,False,4.0
20230705,2023-12-21,Thursday,21004,138,1050,1.0,1230.43,0.0,1230.43,0.0,1230.43,742.28,488.15,0.3967312240436271,Credit Card,Mobile App,False,None,Snowy,False,202,False,274,225,-49.0,False,3.0
20230706,2024-09-10,Tuesday,20076,123,1034,1.0,1574.89,0.0,1574.89,0.0,1574.89,1145.68,429.21,0.27253331978741374,Gift Card,Curbside Pickup,False,None,Cloudy,False,474,False,338,240,-98.0,False,4.0
20230707,2023-02-04,Saturday,20389,130,1009,2.0,1825.89,0.0,3651.78,0.0,3651.78,1077.88,1496.02,0.40966870950604906,Gift Card,Mobile App,False,None,Sunny,False,222,False,28,40,12.0,False,1.0
20230708,2024-06-29,Saturday,21077,109,1029,2.0,2142.65,0.07,4285.3,299.971,3985.329,1429.66,1126.009,0.2825385306959601,Digital Wallet,In-Store,True,Loyalty Reward,Windy,False,518,False,419,539,120.0,False,2.0
20230709,2024-11-03,Sunday,20352,144,1019,2.0,1352.1,0.0,2704.2,0.0,2704.2,867.36,969.48,0.3585089860217439,Credit Card,Mobile App,False,None,Cloudy,False,418,False,475,630,155.0,False,5.0
20230710,2023-12-09,Saturday,21130,106,1003,1.0,1769.42,0.0,1769.42,0.0,1769.42,1394.94,374.48,0.21163997242034113,Cash,Online,False,None,Sunny,False,505,False,116,78,-38.0,False,3.0
20230711,2023-07-09,Sunday,20541,148,1016,3.0,385.11,0.13,1155.33,150.1929,1005.1371,263.25,215.3871,0.21428628990015386,Gift Card,Online,True,Bundle Deal,Sunny,False,478,False,408,440,32.0,False,5.0
20230712,2024-04-23,Tuesday,21152,134,1001,2.0,665.81,0.0,1331.62,0.0,1331.62,419.73,492.16,0.3695949294843874,EBT,Online,False,None,Sunny,False,481,False,285,321,36.0,False,2.0
20230713,2023-01-28,Saturday,20915,127,1005,2.0,1078.05,0.0,2156.1,0.0,2156.1,774.22,607.66,0.28183293910301,Digital Wallet,Online,False,None,Sunny,False,14,True,337,334,-3.0,False,1.0
20230714,2023-09-17,Sunday,20367,145,1020,4.0,349.45,0.14,1397.8,195.692,1202.108,190.07,441.828,0.36754434709693307,EBT,Online,True,Percentage Discount,Sunny,False,39,False,241,209,-32.0,False,3.0
20230715,2023-12-27,Wednesday,20431,106,1045,3.0,229.03,0.0,687.09,0.0,687.09,159.92,207.33,0.3017508623324456,Digital Wallet,Online,False,None,Windy,False,498,False,212,233,21.0,False,2.0
20230716,2023-05-20,Saturday,20897,140,1023,4.0,127.49,0.0,509.96,0.0,509.96,70.74,227.0,0.44513295160404737,Cash,Mobile App,False,None,Windy,False,383,False,21,29,8.0,False,4.0
20230717,2024-12-01,Sunday,20813,128,1017,7.0,130.77,0.0,915.39,0.0,915.39,93.3,262.29,0.28653360862583166,Cash,Curbside Pickup,False,None,Cloudy,False,133,False,413,581,168.0,False,5.0
20230718,2024-11-08,Friday,20764,139,1018,4.0,353.64,0.0,1414.56,0.0,1414.56,198.14,622.0,0.439712702183011,Digital Wallet,Online,False,None,Stormy,False,493,False,457,484,27.0,False,5.0
20230719,2024-06-14,Friday,20445,112,1046,1.0,541.01,0.0,541.01,0.0,541.01,345.33,195.68,0.3616938688748822,Cash,Curbside Pickup,False,None,Stormy,False,398,False,75,96,21.0,False,3.0
20230720,2023-03-12,Sunday,20351,115,1034,2.0,1612.57,0.29,3225.14,935.2906,2289.8494,1145.68,-1.5106,-0.0006596940392674154,Gift Card,In-Store,True,Bundle Deal,Sunny,False,520,False,193,160,-33.0,False,3.0
20230721,2024-05-03,Friday,20629,132,1028,4.0,785.33,0.0,3141.32,0.0,3141.32,494.36,1163.88,0.37050666598754667,Digital Wallet,Curbside Pickup,False,None,Cloudy,False,431,False,411,523,112.0,False,2.0
20230722,2023-05-28,Sunday,20937,112,1019,2.0,1298.21,0.0,2596.42,0.0,2596.42,867.36,861.7,0.3318800502229994,EBT,Curbside Pickup,False,None,Rainy,False,123,False,245,224,-21.0,False,3.0
20230723,2024-10-19,Saturday,20617,137,1022,2.0,341.39,0.25,682.78,170.695,512.085,187.99,136.105,0.26578595350381284,Cash,Online,True,Manufacturer Rebate,Sunny,False,160,False,325,431,106.0,False,4.0
20230724,2023-03-02,Thursday,20851,143,1043,4.0,114.31,0.0,457.24,0.0,457.24,75.88,153.72,0.3361910593998776,EBT,Curbside Pickup,False,None,Windy,False,267,False,102,140,38.0,False,5.0
20230725,2024-03-29,Friday,20507,113,1023,7.0,130.02,0.27,910.14,245.7378,664.4022,70.74,169.2222,0.2546984341713499,Digital Wallet,In-Store,True,BOGO,Rainy,False,115,False,65,59,-6.0,False,4.0
20230726,2024-12-10,Tuesday,20847,104,1049,5.0,152.51,0.0,762.55,0.0,762.55,117.26,176.25,0.23113238476165485,Debit Card,Mobile App,False,None,Cloudy,False,409,False,407,257,-150.0,False,1.0
20230727,2023-01-19,Thursday,20879,129,1002,1.0,1216.97,0.25,1216.97,304.2425,912.7275,759.3,153.4275,0.168097816708711,Debit Card,Online,True,BOGO,Cloudy,False,176,False,304,305,1.0,False,1.0
20230728,2023-07-08,Saturday,20635,114,1017,7.0,124.49,0.19,871.43,165.5717,705.8583,93.3,52.7583,0.07474347188380438,Digital Wallet,Online,True,Clearance,Windy,False,357,False,111,120,9.0,False,5.0
20230729,2024-03-20,Wednesday,20795,129,1003,1.0,1767.64,0.0,1767.64,0.0,1767.64,1394.94,372.7,0.2108460998845919,Debit Card,Curbside Pickup,False,None,Cloudy,False,273,False,223,236,13.0,False,1.0
20230730,2024-12-24,Tuesday,20561,115,1041,4.0,674.57,0.0,2698.28,0.0,2698.28,486.05,754.08,0.27946691966734366,EBT,In-Store,False,None,Cloudy,True,206,False,70,86,16.0,False,5.0
20230731,2023-01-11,Wednesday,20706,145,1019,2.0,1233.44,0.0,2466.88,0.0,2466.88,867.36,732.16,0.29679595278246207,Credit Card,Online,False,None,Cloudy,False,314,False,52,32,-20.0,False,5.0
20230732,2024-11-09,Saturday,21101,145,1030,2.0,938.6,0.0,1877.2,0.0,1877.2,569.19,738.82,0.39357553803537176,Cash,Online,False,None,Cloudy,False,292,False,439,609,170.0,False,4.0
20230733,2024-04-12,Friday,20939,124,1021,7.0,83.92,0.29,587.44,170.3576,417.0824,45.04,101.8024,0.24408222451966344,EBT,Online,True,Loyalty Reward,Stormy,False,385,False,100,60,-40.0,False,5.0
20230734,2023-12-05,Tuesday,20380,108,1038,1.0,144.32,0.0,144.32,0.0,144.32,88.81,55.51,0.3846313747228381,Credit Card,Online,False,None,Sunny,False,383,False,141,110,-31.0,False,4.0
20230735,2023-11-03,Friday,20361,147,1037,4.0,413.31,0.0,1653.24,0.0,1653.24,270.26,572.2,0.3461082480462607,Gift Card,Curbside Pickup,False,None,Stormy,False,506,False,201,198,-3.0,False,3.0
20230736,2023-12-05,Tuesday,21169,137,1027,6.0,60.77,0.0,364.62,0.0,364.62,37.44,139.98,0.3839065328286984,Debit Card,In-Store,False,None,Windy,False,429,False,141,144,3.0,False,3.0
20230737,2023-06-05,Monday,20522,147,1016,4.0,365.28,0.0,1461.12,0.0,1461.12,263.25,408.12,0.279319973718791,Digital Wallet,Online,False,None,Stormy,False,1,True,198,282,84.0,False,5.0
20230738,2024-05-31,Friday,21129,123,1006,5.0,274.73,0.0,1373.65,0.0,1373.65,163.55,555.9,0.404688239362283,EBT,In-Store,False,None,Sunny,False,122,False,108,135,27.0,True,4.0
20230739,2024-12-12,Thursday,20629,125,1013,6.0,177.29,0.0,1063.74,0.0,1063.74,118.75,351.24,0.3301934683287269,Credit Card,Online,False,None,Snowy,False,255,False,187,251,64.0,False,2.0
20230740,2024-08-23,Friday,20548,136,1026,2.0,231.96,0.0,463.92,0.0,463.92,130.01,203.9,0.4395154336954648,Gift Card,Curbside Pickup,False,None,Cloudy,False,357,False,98,134,36.0,False,4.0
20230741,2023-12-30,Saturday,20982,120,1014,3.0,221.04,0.1,663.12,66.312,596.808,172.18,80.268,0.13449551614589622,Cash,In-Store,True,Manufacturer Rebate,Stormy,False,137,False,47,61,14.0,False,1.0
20230742,2023-03-31,Friday,20810,118,1031,2.0,526.21,0.22,1052.42,231.5324,820.8876,402.09,16.7076,0.020353090971285313,Gift Card,In-Store,True,Loyalty Reward,Cloudy,False,278,False,388,352,-36.0,False,3.0
20230743,2023-06-09,Friday,20978,107,1030,2.0,889.07,0.0,1778.14,0.0,1778.14,569.19,639.76,0.3597916924426648,Credit Card,In-Store,False,None,Sunny,False,12,True,285,364,79.0,False,3.0
20230744,2023-05-02,Tuesday,20407,147,1032,2.0,956.88,0.26,1913.76,497.5776,1416.1824,572.31,271.5624,0.19175665507493952,Cash,Mobile App,True,BOGO,Sunny,False,126,False,480,330,-150.0,True,2.0
20230745,2023-09-01,Friday,20384,115,1025,3.0,512.08,0.0,1536.24,0.0,1536.24,301.28,632.4,0.4116544289954696,Gift Card,In-Store,False,None,Sunny,False,6,True,132,95,-37.0,False,3.0
20230746,2024-04-16,Tuesday,20889,116,1009,1.0,1830.21,0.0,1830.21,0.0,1830.21,1077.88,752.33,0.4110621185547013,Digital Wallet,In-Store,False,None,Snowy,False,142,False,271,211,-60.0,True,1.0
20230747,2024-08-05,Monday,20248,150,1008,4.0,604.11,0.09,2416.44,217.4796,2198.9604,397.4,609.3604,0.2771129484641925,Cash,In-Store,True,BOGO,Rainy,False,484,False,170,109,-61.0,False,2.0
20230748,2023-05-08,Monday,20599,144,1038,6.0,147.02,0.16,882.12,141.1392,740.9808,88.81,208.1208,0.2808720549844207,EBT,Mobile App,True,Clearance,Rainy,False,379,False,321,424,103.0,False,2.0
20230749,2024-06-19,Wednesday,21196,141,1014,5.0,241.0,0.23,1205.0,277.15,927.85,172.18,66.95,0.07215605970792674,Debit Card,Curbside Pickup,True,Bundle Deal,Stormy,False,177,False,306,198,-108.0,False,3.0
20230750,2024-01-11,Thursday,20791,119,1015,3.0,233.21,0.06,699.63,41.9778,657.6522,149.38,209.5122,0.3185759889497823,Cash,Curbside Pickup,True,BOGO,Stormy,False,445,False,61,86,25.0,False,1.0
20230751,2024-07-30,Tuesday,20716,113,1031,2.0,522.96,0.0,1045.92,0.0,1045.92,402.09,241.74,0.23112666360715936,Digital Wallet,Online,False,None,Sunny,False,272,False,234,280,46.0,True,3.0
20230752,2023-03-22,Wednesday,20434,144,1023,4.0,128.77,0.0,515.08,0.0,515.08,70.74,232.12,0.4506484429603169,Credit Card,Mobile App,False,None,Cloudy,False,35,False,450,493,43.0,False,3.0
20230753,2023-11-23,Thursday,20585,150,1036,2.0,1058.23,0.33,2116.46,698.4318,1418.0282,738.32,-58.6118,-0.04133331057873189,Credit Card,Curbside Pickup,True,Bundle Deal,Windy,False,318,False,213,217,4.0,False,3.0
20230754,2023-02-17,Friday,20150,126,1024,4.0,490.55,0.0,1962.2,0.0,1962.2,283.62,827.72,0.42183263683620426,EBT,Mobile App,False,None,Cloudy,False,349,False,197,140,-57.0,False,2.0
20230755,2023-09-30,Saturday,20823,128,1043,4.0,125.78,0.0,503.12,0.0,503.12,75.88,199.6,0.39672443949753544,Gift Card,Curbside Pickup,False,None,Stormy,False,103,False,278,204,-74.0,False,3.0
20230756,2023-07-20,Thursday,20738,125,1015,6.0,235.93,0.0,1415.58,0.0,1415.58,149.38,519.3,0.3668460984190226,Cash,Online,False,None,Windy,False,470,False,92,98,6.0,False,2.0
20230757,2023-11-01,Wednesday,20003,122,1045,1.0,223.94,0.21,223.94,47.0274,176.9126,159.92,16.9926,0.09605081831367585,Digital Wallet,Mobile App,True,Clearance,Snowy,False,256,False,217,171,-46.0,False,2.0
20230758,2024-04-28,Sunday,20322,139,1043,3.0,120.84,0.0,362.52,0.0,362.52,75.88,134.88,0.3720622310493214,Gift Card,In-Store,False,None,Cloudy,False,404,False,300,427,127.0,False,1.0
20230759,2023-12-07,Thursday,20317,136,1015,6.0,234.49,0.0,1406.94,0.0,1406.94,149.38,510.66,0.36295790865282107,Credit Card,Mobile App,False,None,Sunny,False,130,False,31,41,10.0,False,1.0
20230760,2024-12-04,Wednesday,20722,149,1040,2.0,90.43,0.0,180.86,0.0,180.86,47.28,86.3,0.47716465774632316,Gift Card,Mobile App,False,None,Sunny,False,8,True,128,101,-27.0,False,2.0
20230761,2024-06-27,Thursday,21135,104,1041,3.0,610.76,0.09,1832.28,164.9052,1667.3748,486.05,209.2248,0.125481565392496,Gift Card,Online,True,Loyalty Reward,Cloudy,False,316,False,409,512,103.0,False,1.0
20230762,2024-12-29,Sunday,20898,101,1021,5.0,82.44,0.25,412.2,103.05,309.15,45.04,83.95,0.27155102700954226,Gift Card,Online,True,BOGO,Sunny,False,227,False,300,315,15.0,False,2.0
20230763,2023-05-13,Saturday,20394,123,1045,6.0,235.11,0.15,1410.66,211.599,1199.061,159.92,239.541,0.19977382301651053,Credit Card,Curbside Pickup,True,Bundle Deal,Windy,False,482,False,411,449,38.0,False,4.0
20230764,2024-06-13,Thursday,20447,114,1039,1.0,97.58,0.06,97.58,5.8548,91.7252,71.53,20.1952,0.22017068373794768,Credit Card,Curbside Pickup,True,Clearance,Windy,False,497,False,378,246,-132.0,False,5.0
20230765,2023-03-29,Wednesday,20563,138,1001,4.0,677.56,0.0,2710.24,0.0,2710.24,419.73,1031.32,0.3805271857842847,Digital Wallet,Mobile App,False,None,Rainy,False,471,False,51,39,-12.0,False,3.0
20230766,2024-12-11,Wednesday,20377,103,1015,3.0,256.89,0.0,770.67,0.0,770.67,149.38,322.53,0.4185059753201759,Gift Card,In-Store,False,None,Rainy,False,254,False,477,558,81.0,False,4.0
20230767,2023-06-20,Tuesday,20298,122,1021,4.0,82.1,0.0,328.4,0.0,328.4,45.04,148.24,0.4514007308160779,Digital Wallet,Online,False,None,Sunny,False,333,False,218,190,-28.0,False,4.0
20230768,2023-01-01,Sunday,20661,111,1031,4.0,574.01,0.0,2296.04,0.0,2296.04,402.09,687.68,0.29950697723036185,Debit Card,Online,False,None,Cloudy,True,16,True,328,417,89.0,False,5.0
20230769,2023-06-05,Monday,20983,103,1032,2.0,904.83,0.2,1809.66,361.932,1447.728,572.31,303.108,0.20936805808825978,EBT,Mobile App,True,Manufacturer Rebate,Sunny,False,263,False,430,509,79.0,False,1.0
20230770,2023-10-07,Saturday,20719,106,1022,2.0,333.37,0.16,666.74,106.6784,560.0616,187.99,184.0816,0.3286809879484685,Cash,Mobile App,True,Manufacturer Rebate,Stormy,False,5,True,355,370,15.0,False,1.0
20230771,2024-07-25,Thursday,20282,104,1011,2.0,878.46,0.0,1756.92,0.0,1756.92,618.67,519.58,0.2957334426154863,Digital Wallet,In-Store,False,None,Windy,False,110,False,68,60,-8.0,False,1.0
20230772,2023-05-05,Friday,20718,117,1012,6.0,252.21,0.0,1513.26,0.0,1513.26,173.37,473.04,0.31259664565243245,Digital Wallet,Curbside Pickup,False,None,Cloudy,False,31,False,304,212,-92.0,False,3.0
20230773,2023-02-16,Thursday,20491,149,1049,7.0,162.38,0.0,1136.66,0.0,1136.66,117.26,315.84,0.27786673235620135,Cash,Online,False,None,Cloudy,False,482,False,206,173,-33.0,False,2.0
20230774,2024-06-20,Thursday,20359,131,1013,1.0,184.88,0.21,184.88,38.8248,146.0552,118.75,27.3052,0.18695123487558135,Cash,Online,True,Manufacturer Rebate,Cloudy,False,186,False,223,138,-85.0,False,3.0
20230775,2023-11-21,Tuesday,21054,133,1023,1.0,132.17,0.0,132.17,0.0,132.17,70.74,61.43,0.464780207308769,EBT,Curbside Pickup,False,None,Rainy,False,245,False,357,396,39.0,False,4.0
20230776,2024-06-25,Tuesday,20009,136,1009,2.0,1857.0,0.0,3714.0,0.0,3714.0,1077.88,1558.24,0.4195584275713516,Cash,Mobile App,False,None,Sunny,False,243,False,31,29,-2.0,True,5.0
20230777,2023-05-14,Sunday,20504,123,1017,7.0,124.13,0.31,868.91,269.3621,599.5479,93.3,-53.5521,-0.0893208032252302,Gift Card,Curbside Pickup,True,BOGO,Stormy,False,64,False,127,77,-50.0,False,4.0
20230778,2024-11-12,Tuesday,21043,139,1038,5.0,140.58,0.0,702.9,0.0,702.9,88.81,258.85,0.3682600654431641,Digital Wallet,In-Store,False,None,Rainy,False,507,False,94,118,24.0,False,3.0
20230779,2024-11-18,Monday,20880,130,1046,3.0,571.81,0.13,1715.43,223.0059,1492.4241,345.33,456.4341,0.3058340454298479,Credit Card,In-Store,True,Percentage Discount,Sunny,False,121,False,23,15,-8.0,False,1.0
20230780,2024-05-08,Wednesday,20671,133,1047,3.0,373.1,0.0,1119.3,0.0,1119.3,273.17,299.79,0.26783704100777284,Cash,Curbside Pickup,False,None,Sunny,False,159,False,298,279,-19.0,False,2.0
20230781,2024-01-02,Tuesday,20072,102,1023,7.0,132.83,0.0,929.81,0.0,929.81,70.74,434.63,0.46743958443122796,EBT,In-Store,False,None,Sunny,False,224,False,400,305,-95.0,False,3.0
20230782,2023-11-30,Thursday,20666,108,1030,1.0,920.86,0.0,920.86,0.0,920.86,569.19,351.67,0.3818930130530156,Gift Card,Online,False,None,Cloudy,False,349,False,319,234,-85.0,False,1.0
20230783,2023-09-09,Saturday,20814,122,1019,1.0,1308.07,0.05,1308.07,65.4035,1242.6665,867.36,375.3065,0.3020170737683844,Digital Wallet,Mobile App,True,Clearance,Stormy,False,465,False,26,26,0.0,False,2.0
20230784,2023-03-05,Sunday,21190,117,1009,1.0,1764.73,0.21,1764.73,370.5933,1394.1367,1077.88,316.2567,0.2268476972164924,Credit Card,Mobile App,True,BOGO,Sunny,False,121,False,49,35,-14.0,False,1.0
20230785,2024-11-20,Wednesday,20413,121,1040,1.0,88.43,0.0,88.43,0.0,88.43,47.28,41.15,0.46533981680425196,Cash,Online,False,None,Cloudy,False,206,False,426,557,131.0,False,1.0
20230786,2023-06-01,Thursday,20214,124,1032,2.0,983.64,0.07,1967.28,137.7096,1829.5704,572.31,684.9504,0.3743777227703291,Credit Card,Curbside Pickup,True,Bundle Deal,Rainy,False,62,False,433,453,20.0,True,3.0
20230787,2023-11-26,Sunday,20011,111,1014,7.0,220.82,0.25,1545.74,386.435,1159.305,172.18,-45.955,-0.039640129215348784,Credit Card,Curbside Pickup,True,Percentage Discount,Snowy,False,118,False,22,26,4.0,False,5.0
20230788,2024-10-04,Friday,20650,131,1028,1.0,751.7,0.27,751.7,202.959,548.741,494.36,54.381,0.09910139756278458,EBT,In-Store,True,Loyalty Reward,Windy,False,447,False,200,146,-54.0,False,4.0
20230789,2023-11-20,Monday,20278,116,1023,4.0,127.53,0.0,510.12,0.0,510.12,70.74,227.16,0.4453069865913903,Gift Card,Online,False,None,Cloudy,False,241,False,299,309,10.0,False,3.0
20230790,2024-04-15,Monday,20911,129,1018,2.0,366.63,0.0,733.26,0.0,733.26,198.14,336.98,0.45956413823200504,EBT,Mobile App,False,None,Sunny,False,300,False,250,354,104.0,False,2.0
20230791,2024-06-13,Thursday,20418,109,1046,3.0,530.3,0.13,1590.9,206.817,1384.083,345.33,348.093,0.25149720067365894,Gift Card,Curbside Pickup,True,Loyalty Reward,Cloudy,False,49,False,226,269,43.0,False,1.0
20230792,2023-06-02,Friday,21110,147,1039,2.0,102.18,0.0,204.36,0.0,204.36,71.53,61.3,0.29996085339596795,EBT,In-Store,False,None,Cloudy,False,108,False,55,50,-5.0,False,4.0
20230793,2023-10-11,Wednesday,20263,101,1014,2.0,239.2,0.28,478.4,133.952,344.448,172.18,0.088,0.00025548123374200297,EBT,Mobile App,True,Percentage Discount,Snowy,False,296,False,211,216,5.0,False,5.0
20230794,2024-05-18,Saturday,20358,125,1001,4.0,641.04,0.17,2564.16,435.9072,2128.2528,419.73,449.3328,0.21112755026094632,EBT,Mobile App,True,Bundle Deal,Stormy,False,368,False,171,168,-3.0,False,3.0
20230795,2024-10-03,Thursday,20217,139,1019,2.0,1357.6,0.0,2715.2,0.0,2715.2,867.36,980.48,0.3611078373600471,Digital Wallet,In-Store,False,None,Snowy,False,42,False,245,199,-46.0,False,2.0
20230796,2023-11-30,Thursday,20562,125,1009,2.0,1697.99,0.23,3395.98,781.0754,2614.9046,1077.88,459.1446,0.17558751474145545,Gift Card,In-Store,True,BOGO,Cloudy,False,144,False,120,116,-4.0,False,1.0
20230797,2024-12-19,Thursday,20505,149,1048,1.0,263.54,0.23,263.54,60.6142,202.9258,184.37,18.5558,0.09144130514700449,Gift Card,Online,True,BOGO,Cloudy,False,157,False,345,284,-61.0,False,5.0
20230798,2024-05-04,Saturday,20030,135,1013,5.0,185.88,0.0,929.4,0.0,929.4,118.75,335.65,0.36114697654400685,EBT,Online,False,None,Cloudy,False,25,False,273,174,-99.0,False,4.0
20230799,2023-11-22,Wednesday,21186,139,1032,1.0,941.12,0.0,941.12,0.0,941.12,572.31,368.81,0.391884138048283,Digital Wallet,Mobile App,False,None,Cloudy,False,124,False,105,97,-8.0,False,5.0
20230800,2024-06-30,Sunday,20316,131,1024,2.0,478.68,0.0,957.36,0.0,957.36,283.62,390.12,0.40749561293557285,Digital Wallet,Online,False,None,Windy,False,275,False,467,513,46.0,True,4.0
20230801,2023-05-24,Wednesday,20700,114,1041,2.0,637.82,0.0,1275.64,0.0,1275.64,486.05,303.54,0.23795114609137377,Credit Card,In-Store,False,None,Snowy,False,74,False,76,73,-3.0,False,4.0
20230802,2023-04-15,Saturday,20847,104,1036,1.0,1103.03,0.27,1103.03,297.8181,805.2119,738.32,66.8919,0.08307366048614032,Credit Card,Curbside Pickup,True,BOGO,Cloudy,False,249,False,85,83,-2.0,False,2.0
20230803,2024-04-04,Thursday,20817,105,1003,2.0,1829.17,0.0,3658.34,0.0,3658.34,1394.94,868.46,0.23739182252059676,Cash,Online,False,None,Cloudy,False,270,False,163,131,-32.0,False,5.0
20230804,2023-11-19,Sunday,20805,105,1050,1.0,1273.0,0.25,1273.0,318.25,954.75,742.28,212.47,0.22253993191935065,EBT,Mobile App,True,Loyalty Reward,Cloudy,False,21,True,326,408,82.0,False,1.0
20230805,2023-01-04,Wednesday,20213,120,1026,6.0,220.67,0.23,1324.02,304.5246,1019.4954,130.01,239.4354,0.2348567732625376,Credit Card,Mobile App,True,BOGO,Snowy,False,397,False,60,78,18.0,False,4.0
20230806,2024-09-25,Wednesday,21085,128,1032,2.0,942.1,0.0,1884.2,0.0,1884.2,572.31,739.58,0.39251671797049154,Gift Card,Mobile App,False,None,Sunny,False,177,False,440,327,-113.0,False,1.0
20230807,2023-09-06,Wednesday,20976,106,1001,1.0,618.62,0.0,618.62,0.0,618.62,419.73,198.89,0.32150593255956805,Debit Card,In-Store,False,None,Cloudy,False,330,False,66,52,-14.0,False,5.0
20230808,2023-12-02,Saturday,21138,142,1019,2.0,1232.32,0.0,2464.64,0.0,2464.64,867.36,729.92,0.2961568423786029,Debit Card,In-Store,False,None,Windy,False,86,False,366,333,-33.0,False,3.0
20230809,2023-11-02,Thursday,20514,139,1043,6.0,115.66,0.14,693.96,97.1544,596.8056,75.88,141.5256,0.23713852550981432,Cash,In-Store,True,Percentage Discount,Sunny,False,189,False,214,203,-11.0,False,1.0
20230810,2023-11-19,Sunday,20516,150,1020,1.0,325.46,0.0,325.46,0.0,325.46,190.07,135.39,0.41599582129908436,EBT,In-Store,False,None,Cloudy,False,161,False,148,158,10.0,False,1.0
20230811,2024-11-18,Monday,20773,141,1033,2.0,867.64,0.0,1735.28,0.0,1735.28,465.85,803.58,0.463083767461159,Digital Wallet,In-Store,False,None,Sunny,False,186,False,176,209,33.0,False,3.0
20230812,2024-01-14,Sunday,20584,137,1044,5.0,73.31,0.0,366.55,0.0,366.55,46.06,136.25,0.371709180193698,Debit Card,Online,False,None,Sunny,False,427,False,473,414,-59.0,False,2.0
20230813,2023-11-28,Tuesday,21115,123,1008,4.0,612.79,0.0,2451.16,0.0,2451.16,397.4,861.56,0.35149072275983617,Digital Wallet,Mobile App,False,None,Cloudy,True,2,True,410,257,-153.0,False,2.0
20230814,2023-08-20,Sunday,20640,102,1005,2.0,1100.66,0.0,2201.32,0.0,2201.32,774.22,652.88,0.2965856849526648,Debit Card,Online,False,None,Cloudy,False,338,False,22,22,0.0,False,4.0
20230815,2024-03-28,Thursday,20194,133,1016,3.0,362.45,0.0,1087.35,0.0,1087.35,263.25,297.6,0.27369292316181537,Gift Card,Online,False,None,Sunny,False,364,False,316,339,23.0,False,2.0
20230816,2023-10-31,Tuesday,21043,109,1006,4.0,283.95,0.0,1135.8,0.0,1135.8,163.55,481.6,0.42401831308328924,Debit Card,Mobile App,False,None,Cloudy,False,226,False,24,30,6.0,False,3.0
20230817,2024-12-25,Wednesday,20551,132,1036,2.0,1132.76,0.0,2265.52,0.0,2265.52,738.32,788.88,0.34821144814435534,Debit Card,Mobile App,False,None,Stormy,True,477,False,106,142,36.0,False,1.0
20230818,2023-08-10,Thursday,20200,145,1010,1.0,385.63,0.18,385.63,69.4134,316.2166,261.42,54.7966,0.17328818284682068,EBT,In-Store,True,Loyalty Reward,Stormy,False,416,False,67,72,5.0,False,1.0
20230819,2024-12-29,Sunday,20287,140,1016,4.0,363.43,0.0,1453.72,0.0,1453.72,263.25,400.72,0.27565143218776655,Cash,Online,False,None,Cloudy,False,97,False,387,289,-98.0,False,5.0
20230820,2023-11-04,Saturday,20252,104,1030,2.0,859.58,0.0,1719.16,0.0,1719.16,569.19,580.78,0.3378277763558947,Gift Card,Online,False,None,Cloudy,False,268,False,394,386,-8.0,False,1.0
20230821,2024-06-02,Sunday,20196,146,1036,1.0,1091.47,0.0,1091.47,0.0,1091.47,738.32,353.15,0.3235544724087698,Credit Card,Mobile App,False,None,Sunny,False,422,False,112,131,19.0,False,4.0
20230822,2023-01-07,Saturday,21014,126,1023,7.0,123.51,0.0,864.57,0.0,864.57,70.74,369.39,0.4272528540199175,Digital Wallet,Mobile App,False,None,Sunny,False,141,False,125,115,-10.0,False,1.0
20230823,2024-09-26,Thursday,20012,142,1027,5.0,58.94,0.0,294.7,0.0,294.7,37.44,107.5,0.3647777400746522,Cash,Curbside Pickup,False,None,Sunny,False,239,False,465,520,55.0,True,5.0
20230824,2023-11-28,Tuesday,20851,147,1028,2.0,758.33,0.0,1516.66,0.0,1516.66,494.36,527.94,0.3480938377751111,Debit Card,In-Store,False,None,Stormy,True,472,False,160,142,-18.0,False,2.0
20230825,2024-07-28,Sunday,20351,115,1038,7.0,148.98,0.1,1042.86,104.286,938.574,88.81,316.904,0.33764412822004425,EBT,Mobile App,True,BOGO,Rainy,False,327,False,103,69,-34.0,False,4.0
20230826,2024-11-10,Sunday,21096,132,1015,1.0,249.25,0.0,249.25,0.0,249.25,149.38,99.87,0.40068204613841524,Credit Card,Curbside Pickup,False,None,Cloudy,False,127,False,232,272,40.0,False,2.0
20230827,2024-01-11,Thursday,20150,126,1012,2.0,246.11,0.0,492.22,0.0,492.22,173.37,145.48,0.2955588964284263,Gift Card,Online,False,None,Snowy,False,468,False,79,95,16.0,False,5.0
20230828,2024-11-13,Wednesday,21156,119,1046,1.0,547.6,0.19,547.6,104.044,443.556,345.33,98.226,0.22145118091064048,EBT,Mobile App,True,BOGO,Cloudy,False,442,False,203,234,31.0,False,1.0
20230829,2024-11-24,Sunday,20779,105,1007,2.0,1046.23,0.0,2092.46,0.0,2092.46,637.12,818.22,0.3910325645412577,EBT,Curbside Pickup,False,None,Cloudy,False,397,False,29,22,-7.0,False,1.0
20230830,2024-11-05,Tuesday,20796,121,1005,1.0,1170.78,0.0,1170.78,0.0,1170.78,774.22,396.56,0.338714361365927,Cash,Online,False,None,Cloudy,False,326,False,129,122,-7.0,False,1.0
20230831,2024-02-25,Sunday,20730,128,1050,2.0,1274.48,0.0,2548.96,0.0,2548.96,742.28,1064.4,0.41758207268846903,Cash,Mobile App,False,None,Snowy,False,314,False,99,75,-24.0,False,2.0
20230832,2023-07-30,Sunday,20245,142,1014,6.0,230.88,0.0,1385.28,0.0,1385.28,172.18,352.2,0.25424462924462926,EBT,Online,False,None,Sunny,False,339,False,446,361,-85.0,False,3.0
20230833,2024-07-18,Thursday,20194,133,1037,1.0,398.91,0.0,398.91,0.0,398.91,270.26,128.65,0.3225038229174501,Digital Wallet,In-Store,False,None,Sunny,False,424,False,56,55,-1.0,False,2.0
20230834,2023-11-05,Sunday,20424,109,1012,4.0,242.94,0.0,971.76,0.0,971.76,173.37,278.28,0.28636700419856753,Digital Wallet,Curbside Pickup,False,None,Windy,False,313,False,72,99,27.0,False,1.0
20230835,2023-01-23,Monday,20824,117,1042,2.0,399.62,0.0,799.24,0.0,799.24,233.03,333.18,0.4168710274761023,Digital Wallet,Curbside Pickup,False,None,Windy,False,285,False,390,338,-52.0,False,2.0
20230836,2023-11-22,Wednesday,20768,139,1035,3.0,781.51,0.0,2344.53,0.0,2344.53,403.28,1134.69,0.4839733336745531,EBT,Online,False,None,Cloudy,False,374,False,201,170,-31.0,False,1.0
20230837,2023-05-19,Friday,20569,115,1017,1.0,123.25,0.0,123.25,0.0,123.25,93.3,29.95,0.24300202839756593,EBT,Online,False,None,Snowy,False,223,False,36,42,6.0,False,3.0
20230838,2023-02-06,Monday,20485,145,1026,3.0,216.2,0.0,648.6,0.0,648.6,130.01,258.57,0.3986586493987049,Credit Card,In-Store,False,None,Sunny,False,493,False,398,309,-89.0,False,5.0
20230839,2023-10-01,Sunday,20152,109,1010,3.0,399.92,0.0,1199.76,0.0,1199.76,261.42,415.5,0.34631926385277056,Digital Wallet,Mobile App,False,None,Windy,False,474,False,275,172,-103.0,False,2.0
20230840,2023-09-10,Sunday,20894,120,1016,3.0,387.51,0.0,1162.53,0.0,1162.53,263.25,372.78,0.3206626925756754,Debit Card,Curbside Pickup,False,None,Cloudy,False,220,False,122,163,41.0,False,4.0
20230841,2023-06-30,Friday,20285,123,1009,1.0,1713.34,0.05,1713.34,85.667,1627.673,1077.88,549.793,0.3377785341404569,Gift Card,Curbside Pickup,True,BOGO,Cloudy,False,200,False,79,88,9.0,False,3.0
20230842,2023-11-13,Monday,20425,123,1049,7.0,157.03,0.0,1099.21,0.0,1099.21,117.26,278.39,0.25326370757180156,EBT,In-Store,False,None,Sunny,False,385,False,46,61,15.0,False,5.0
20230843,2024-12-29,Sunday,21017,124,1024,2.0,485.91,0.0,971.82,0.0,971.82,283.62,404.58,0.41631166265357783,EBT,Mobile App,False,None,Sunny,False,229,False,391,411,20.0,False,5.0
20230844,2024-12-09,Monday,20383,117,1031,3.0,551.14,0.13,1653.42,214.9446,1438.4754,402.09,232.2054,0.16142465835703554,Debit Card,In-Store,True,Manufacturer Rebate,Sunny,False,279,False,173,224,51.0,False,2.0
20230845,2023-05-04,Thursday,20431,110,1009,1.0,1870.54,0.1,1870.54,187.054,1683.486,1077.88,605.606,0.359733315275565,Credit Card,In-Store,True,Percentage Discount,Cloudy,False,97,False,72,69,-3.0,False,3.0
20230846,2024-07-05,Friday,20301,145,1033,2.0,828.39,0.28,1656.78,463.8984,1192.8816,465.85,261.1816,0.21895014559701476,Cash,In-Store,True,Clearance,Stormy,False,89,False,28,34,6.0,False,3.0
20230847,2024-05-28,Tuesday,20486,119,1012,5.0,258.81,0.07,1294.05,90.5835,1203.4665,173.37,336.6165,0.27970575001464515,Credit Card,Online,True,Percentage Discount,Snowy,False,231,False,162,196,34.0,False,3.0
20230848,2024-10-21,Monday,20514,123,1023,4.0,125.88,0.27,503.52,135.9504,367.5696,70.74,84.6096,0.23018660955639422,Debit Card,Curbside Pickup,True,BOGO,Sunny,False,162,False,160,213,53.0,False,4.0
20230849,2024-06-15,Saturday,20656,141,1019,2.0,1286.59,0.0,2573.18,0.0,2573.18,867.36,838.46,0.3258458405552662,Cash,Online,False,None,Stormy,False,431,False,217,213,-4.0,False,2.0
20230850,2024-04-01,Monday,20429,114,1038,4.0,143.29,0.26,573.16,149.0216,424.1384,88.81,68.8984,0.16244320250182473,Gift Card,In-Store,True,BOGO,Rainy,False,519,False,273,258,-15.0,False,1.0
20230851,2023-09-13,Wednesday,20571,150,1040,1.0,88.24,0.0,88.24,0.0,88.24,47.28,40.96,0.46418857660924745,Debit Card,Curbside Pickup,False,None,Sunny,False,145,False,302,334,32.0,False,5.0
20230852,2023-11-20,Monday,20659,105,1032,2.0,936.26,0.0,1872.52,0.0,1872.52,572.31,727.9,0.3887274902270737,EBT,Curbside Pickup,False,None,Stormy,False,410,False,60,80,20.0,False,2.0
20230853,2024-10-31,Thursday,21119,139,1043,7.0,123.12,0.33,861.84,284.4072,577.4328,75.88,46.2728,0.0801353854509132,Digital Wallet,Online,True,Bundle Deal,Sunny,False,190,False,339,302,-37.0,False,5.0
20230854,2023-07-27,Thursday,20658,124,1040,5.0,91.88,0.1,459.4,45.94,413.46,47.28,177.06,0.4282397329850529,Digital Wallet,Online,True,Percentage Discount,Windy,False,142,False,449,572,123.0,True,3.0
20230855,2023-04-30,Sunday,21008,118,1037,2.0,377.64,0.0,755.28,0.0,755.28,270.26,214.76,0.28434487872047454,Gift Card,In-Store,False,None,Cloudy,False,84,False,239,218,-21.0,False,5.0
20230856,2024-12-16,Monday,20605,133,1009,1.0,1855.86,0.0,1855.86,0.0,1855.86,1077.88,777.98,0.41920187945211373,Digital Wallet,Mobile App,False,None,Cloudy,False,168,False,165,182,17.0,False,4.0
20230857,2023-11-20,Monday,20261,135,1012,1.0,241.33,0.0,241.33,0.0,241.33,173.37,67.96,0.2816060995317615,Gift Card,Online,False,None,Cloudy,False,370,False,26,38,12.0,True,3.0
20230858,2023-12-20,Wednesday,20012,142,1007,1.0,1037.23,0.0,1037.23,0.0,1037.23,637.12,400.11,0.3857485803534414,Debit Card,In-Store,False,None,Windy,False,113,False,269,368,99.0,False,3.0
20230859,2023-10-21,Saturday,20756,144,1025,3.0,564.05,0.0,1692.15,0.0,1692.15,301.28,788.31,0.46586295541175426,EBT,In-Store,False,None,Rainy,False,397,False,361,311,-50.0,False,2.0
20230860,2024-03-08,Friday,20568,108,1007,2.0,1075.08,0.0,2150.16,0.0,2150.16,637.12,875.92,0.40737433493321423,Debit Card,In-Store,False,None,Cloudy,False,51,False,193,143,-50.0,False,4.0
20230861,2023-09-07,Thursday,20228,126,1035,3.0,747.34,0.0,2242.02,0.0,2242.02,403.28,1032.18,0.46037947921963235,Digital Wallet,Online,False,None,Sunny,False,300,False,170,172,2.0,False,3.0
20230862,2024-02-06,Tuesday,20086,123,1034,2.0,1528.58,0.0,3057.16,0.0,3057.16,1145.68,765.8,0.2504939224639861,Credit Card,Curbside Pickup,False,None,Sunny,False,24,True,390,326,-64.0,False,5.0
20230863,2023-03-22,Wednesday,20092,135,1024,4.0,517.74,0.21,2070.96,434.9016,1636.0584,283.62,501.5784,0.30657732022279893,EBT,Curbside Pickup,True,Manufacturer Rebate,Stormy,False,78,False,338,385,47.0,False,3.0
20230864,2023-08-31,Thursday,20995,110,1011,2.0,928.49,0.14,1856.98,259.9772,1597.0028,618.67,359.6628,0.22521112674317167,Credit Card,Curbside Pickup,True,BOGO,Stormy,False,491,False,365,249,-116.0,True,4.0
20230865,2024-11-06,Wednesday,20612,112,1017,3.0,127.58,0.23,382.74,88.0302,294.7098,93.3,14.8098,0.0502521463487132,Digital Wallet,Online,True,Manufacturer Rebate,Snowy,False,426,False,112,147,35.0,False,2.0
20230866,2024-04-28,Sunday,20406,135,1006,4.0,271.94,0.2,1087.76,217.552,870.208,163.55,216.008,0.24822571155401918,Debit Card,Mobile App,True,Bundle Deal,Stormy,False,481,False,335,419,84.0,False,4.0
20230867,2023-02-20,Monday,20093,118,1002,2.0,1242.48,0.0,2484.96,0.0,2484.96,759.3,966.36,0.38888352327602865,Debit Card,Curbside Pickup,False,None,Sunny,False,142,False,64,75,11.0,False,1.0
20230868,2024-11-30,Saturday,20257,126,1040,6.0,85.63,0.3,513.78,154.134,359.646,47.28,75.966,0.21122437063112048,Gift Card,Online,True,Bundle Deal,Windy,False,300,False,29,37,8.0,False,1.0
20230869,2023-01-14,Saturday,21072,124,1040,4.0,94.3,0.07,377.2,26.404,350.796,47.28,161.676,0.46088324838367595,Debit Card,Curbside Pickup,True,Percentage Discount,Cloudy,False,315,False,235,213,-22.0,False,5.0
20230870,2024-07-13,Saturday,20017,130,1031,1.0,573.92,0.27,573.92,154.9584,418.9616,402.09,16.8716,0.040270039068019604,Credit Card,Curbside Pickup,True,Clearance,Stormy,False,517,False,336,202,-134.0,False,2.0
20230871,2024-01-14,Sunday,20713,145,1010,3.0,376.65,0.0,1129.95,0.0,1129.95,261.42,345.69,0.30593389088012735,Debit Card,Curbside Pickup,False,None,Cloudy,False,69,False,113,69,-44.0,False,3.0
20230872,2023-01-03,Tuesday,21114,133,1010,3.0,371.53,0.0,1114.59,0.0,1114.59,261.42,330.33,0.29636906844669336,Credit Card,Curbside Pickup,False,None,Windy,False,266,False,36,51,15.0,False,2.0
20230873,2024-12-07,Saturday,21153,141,1014,7.0,227.92,0.0,1595.44,0.0,1595.44,172.18,390.18,0.2445594945594945,Gift Card,Mobile App,False,None,Cloudy,False,471,False,229,187,-42.0,False,3.0
20230874,2024-09-09,Monday,20983,129,1010,4.0,385.9,0.14,1543.6,216.104,1327.496,261.42,281.816,0.21229141180086405,Debit Card,In-Store,True,Bundle Deal,Windy,False,265,False,450,309,-141.0,False,5.0
20230875,2023-05-12,Friday,20479,142,1049,4.0,148.69,0.0,594.76,0.0,594.76,117.26,125.72,0.21137937991795006,Gift Card,In-Store,False,None,Windy,False,147,False,355,223,-132.0,False,1.0
20230876,2024-03-18,Monday,21038,142,1023,3.0,132.27,0.0,396.81,0.0,396.81,70.74,184.59,0.46518484917214803,Gift Card,In-Store,False,None,Snowy,False,263,False,294,366,72.0,False,1.0
20230877,2023-02-04,Saturday,21007,102,1020,3.0,344.86,0.08,1034.58,82.7664,951.8136,190.07,381.6036,0.40092261762176956,Cash,Mobile App,True,Manufacturer Rebate,Stormy,False,304,False,269,312,43.0,False,5.0
20230878,2023-06-06,Tuesday,20338,121,1006,4.0,281.6,0.0,1126.4,0.0,1126.4,163.55,472.2,0.4192116477272727,Gift Card,In-Store,False,None,Rainy,False,31,False,218,297,79.0,False,3.0
20230879,2024-08-30,Friday,20732,120,1001,4.0,629.99,0.0,2519.96,0.0,2519.96,419.73,841.04,0.33375132938618074,Gift Card,Mobile App,False,None,Rainy,False,468,False,56,77,21.0,False,3.0
20230880,2023-01-10,Tuesday,20056,122,1037,3.0,410.13,0.08,1230.39,98.4312,1131.9588,270.26,321.1788,0.28373718195397213,EBT,In-Store,True,Loyalty Reward,Sunny,False,142,False,60,82,22.0,False,2.0
20230881,2024-08-05,Monday,20268,116,1033,1.0,818.54,0.0,818.54,0.0,818.54,465.85,352.69,0.430876927211865,Gift Card,Online,False,None,Snowy,False,141,False,246,284,38.0,False,2.0
20230882,2024-05-21,Tuesday,20311,144,1041,3.0,635.54,0.0,1906.62,0.0,1906.62,486.05,448.47,0.23521729552821213,EBT,Mobile App,False,None,Cloudy,False,107,False,423,455,32.0,False,4.0
20230883,2024-07-05,Friday,20557,104,1033,1.0,847.89,0.0,847.89,0.0,847.89,465.85,382.04,0.45057731545365554,Digital Wallet,Mobile App,False,None,Sunny,False,381,False,74,83,9.0,False,3.0
20230884,2024-09-29,Sunday,21063,136,1019,2.0,1251.92,0.0,2503.84,0.0,2503.84,867.36,769.12,0.30717617739152664,Credit Card,In-Store,False,None,Windy,False,364,False,475,628,153.0,False,2.0
20230885,2023-04-24,Monday,20833,136,1005,2.0,1088.5,0.13,2177.0,283.01,1893.99,774.22,345.55,0.1824455250555705,EBT,Online,True,Manufacturer Rebate,Cloudy,False,394,False,155,218,63.0,False,2.0
20230886,2023-06-05,Monday,20655,104,1017,5.0,136.39,0.0,681.95,0.0,681.95,93.3,215.45,0.3159322530977344,Credit Card,Curbside Pickup,False,None,Rainy,False,292,False,151,103,-48.0,False,1.0
20230887,2023-01-08,Sunday,20478,111,1033,1.0,810.97,0.0,810.97,0.0,810.97,465.85,345.12,0.4255644475134715,Gift Card,In-Store,False,None,Windy,False,246,False,305,278,-27.0,True,4.0
20230888,2024-06-18,Tuesday,20992,145,1001,2.0,620.63,0.0,1241.26,0.0,1241.26,419.73,401.8,0.3237033337092954,Credit Card,Online,False,None,Sunny,False,396,False,29,32,3.0,False,1.0
20230889,2024-07-19,Friday,20266,111,1015,2.0,245.22,0.0,490.44,0.0,490.44,149.38,191.68,0.3908327216377131,Credit Card,In-Store,False,None,Windy,False,335,False,110,154,44.0,False,5.0
20230890,2024-02-02,Friday,20706,119,1012,6.0,240.65,0.12,1443.9,173.268,1270.632,173.37,230.412,0.18133653174168446,Credit Card,In-Store,True,Bundle Deal,Cloudy,False,99,False,419,604,185.0,False,5.0
20230891,2023-06-15,Thursday,20290,120,1034,1.0,1593.06,0.0,1593.06,0.0,1593.06,1145.68,447.38,0.280830602739382,Debit Card,In-Store,False,None,Sunny,False,319,False,446,366,-80.0,False,2.0
20230892,2023-04-03,Monday,20200,145,1048,5.0,281.86,0.0,1409.3,0.0,1409.3,184.37,487.45,0.34588093379692053,Debit Card,Mobile App,False,None,Sunny,False,50,False,412,488,76.0,False,4.0
20230893,2024-04-29,Monday,20772,140,1025,1.0,554.83,0.0,554.83,0.0,554.83,301.28,253.55,0.45698682479318,Cash,Mobile App,False,None,Windy,False,156,False,48,45,-3.0,False,1.0
20230894,2023-11-28,Tuesday,21110,147,1023,5.0,130.44,0.0,652.2,0.0,652.2,70.74,298.5,0.45768169273229076,Digital Wallet,In-Store,False,None,Snowy,True,510,False,67,82,15.0,False,1.0
20230895,2024-11-21,Thursday,21096,132,1022,2.0,330.03,0.0,660.06,0.0,660.06,187.99,284.08,0.43038511650456013,EBT,In-Store,False,None,Snowy,False,9,True,331,218,-113.0,False,4.0
20230896,2024-02-27,Tuesday,20918,138,1039,6.0,102.67,0.0,616.02,0.0,616.02,71.53,186.84,0.30330184084932305,Gift Card,Online,False,None,Snowy,False,89,False,420,466,46.0,False,1.0
20230897,2024-06-18,Tuesday,20863,125,1030,2.0,840.09,0.0,1680.18,0.0,1680.18,569.19,541.8,0.3224654501303431,Digital Wallet,In-Store,False,None,Snowy,False,430,False,186,119,-67.0,False,5.0
20230898,2023-04-05,Wednesday,20763,135,1043,5.0,118.1,0.26,590.5,153.53,436.97,75.88,57.57,0.13174817493191762,EBT,Curbside Pickup,True,Loyalty Reward,Snowy,False,3,True,477,560,83.0,False,2.0
20230899,2023-05-21,Sunday,20398,121,1030,2.0,892.58,0.0,1785.16,0.0,1785.16,569.19,646.78,0.3623092607945506,Credit Card,Mobile App,False,None,Windy,False,318,False,439,616,177.0,False,4.0
20230900,2024-10-31,Thursday,20526,137,1043,3.0,118.15,0.15,354.45,53.1675,301.2825,75.88,73.6425,0.24443006148714258,Debit Card,Mobile App,True,Loyalty Reward,Sunny,False,178,False,241,309,68.0,False,1.0
20230901,2023-02-02,Thursday,21074,128,1045,1.0,238.67,0.24,238.67,57.2808,181.3892,159.92,21.4692,0.11835985824955401,Gift Card,Online,True,Percentage Discount,Cloudy,False,179,False,338,447,109.0,False,3.0
20230902,2024-07-06,Saturday,20866,118,1048,5.0,269.67,0.0,1348.35,0.0,1348.35,184.37,426.5,0.3163125301294175,Debit Card,Curbside Pickup,False,None,Sunny,False,15,True,64,56,-8.0,False,3.0
20230903,2023-04-15,Saturday,20956,109,1020,3.0,338.47,0.0,1015.41,0.0,1015.41,190.07,445.2,0.43844358436493636,Cash,Curbside Pickup,False,None,Windy,False,379,False,287,391,104.0,False,3.0
20230904,2023-03-22,Wednesday,21025,149,1045,7.0,217.56,0.0,1522.92,0.0,1522.92,159.92,403.48,0.2649384077955508,EBT,Mobile App,False,None,Cloudy,False,49,False,190,260,70.0,False,3.0
20230905,2023-12-28,Thursday,20219,121,1010,3.0,372.53,0.0,1117.59,0.0,1117.59,261.42,333.33,0.2982578584275091,Credit Card,Online,False,None,Rainy,False,410,False,82,107,25.0,False,5.0
20230906,2023-06-13,Tuesday,20600,130,1006,5.0,270.81,0.0,1354.05,0.0,1354.05,163.55,536.3,0.39607104612089655,Debit Card,In-Store,False,None,Windy,False,307,False,471,355,-116.0,False,5.0
20230907,2023-03-31,Friday,20976,106,1023,4.0,124.67,0.16,498.68,79.7888,418.8912,70.74,135.9312,0.32450240062336005,Debit Card,Online,True,Manufacturer Rebate,Stormy,False,404,False,375,332,-43.0,False,5.0
20230908,2024-06-12,Wednesday,20013,110,1040,3.0,84.06,0.32,252.18,80.6976,171.4824,47.28,29.6424,0.17285972204727706,Gift Card,In-Store,True,BOGO,Stormy,False,21,True,76,92,16.0,False,5.0
20230909,2024-01-20,Saturday,20954,103,1016,3.0,377.7,0.0,1133.1,0.0,1133.1,263.25,343.35,0.3030182684670373,Credit Card,Mobile App,False,None,Cloudy,False,470,False,314,241,-73.0,False,3.0
20230910,2023-02-10,Friday,20171,101,1027,3.0,62.54,0.0,187.62,0.0,187.62,37.44,75.3,0.40134314039015034,Cash,Mobile App,False,None,Cloudy,False,187,False,309,405,96.0,False,3.0
20230911,2023-02-06,Monday,21027,137,1037,4.0,410.29,0.0,1641.16,0.0,1641.16,270.26,560.12,0.34129518145701826,Credit Card,In-Store,False,None,Sunny,False,464,False,321,318,-3.0,False,1.0
20230912,2024-06-24,Monday,20700,150,1050,2.0,1265.54,0.3,2531.08,759.324,1771.756,742.28,287.196,0.16209681242789636,Credit Card,In-Store,True,Percentage Discount,Snowy,False,443,False,371,320,-51.0,False,5.0
20230913,2023-07-23,Sunday,21193,111,1015,3.0,252.82,0.0,758.46,0.0,758.46,149.38,310.32,0.4091448461355906,Credit Card,In-Store,False,None,Sunny,False,411,False,395,261,-134.0,False,2.0
20230914,2023-12-27,Wednesday,20983,130,1009,1.0,1688.01,0.0,1688.01,0.0,1688.01,1077.88,610.13,0.361449280513741,Cash,In-Store,False,None,Rainy,False,306,False,87,111,24.0,False,2.0
20230915,2024-11-05,Tuesday,20118,146,1016,3.0,381.53,0.0,1144.59,0.0,1144.59,263.25,354.84,0.31001493984745626,Gift Card,Mobile App,False,None,Cloudy,False,519,False,354,326,-28.0,False,5.0
20230916,2023-08-12,Saturday,20999,126,1041,1.0,673.66,0.0,673.66,0.0,673.66,486.05,187.61,0.2784936021138259,EBT,In-Store,False,None,Rainy,False,467,False,196,171,-25.0,False,3.0
20230917,2023-11-10,Friday,20813,128,1028,3.0,825.05,0.11,2475.15,272.2665,2202.8835,494.36,719.8035,0.32675513707374904,Digital Wallet,In-Store,True,BOGO,Rainy,False,46,False,439,514,75.0,False,5.0
20230918,2024-08-02,Friday,20407,147,1029,1.0,2238.29,0.0,2238.29,0.0,2238.29,1429.66,808.63,0.3612713276653159,Cash,In-Store,False,None,Cloudy,False,272,False,423,328,-95.0,False,1.0
20230919,2023-04-27,Thursday,20853,122,1032,1.0,970.52,0.0,970.52,0.0,970.52,572.31,398.21,0.41030581543914607,Gift Card,Curbside Pickup,False,None,Cloudy,False,290,False,423,476,53.0,False,4.0
20230920,2024-02-05,Monday,21007,102,1030,1.0,867.39,0.18,867.39,156.1302,711.2598,569.19,142.0698,0.19974389105078058,Debit Card,In-Store,True,Manufacturer Rebate,Rainy,False,422,False,432,344,-88.0,False,3.0
20230921,2023-01-17,Tuesday,20879,129,1031,2.0,556.31,0.08,1112.62,89.0096,1023.6104,402.09,219.4304,0.21436906072857406,Debit Card,In-Store,True,Clearance,Cloudy,False,291,False,226,315,89.0,False,4.0
20230922,2023-08-25,Friday,20373,150,1032,2.0,968.3,0.2,1936.6,387.32,1549.28,572.31,404.66,0.2611922957761025,EBT,Mobile App,True,Loyalty Reward,Stormy,False,436,False,318,333,15.0,True,3.0
20230923,2024-08-08,Thursday,20598,102,1020,4.0,330.07,0.0,1320.28,0.0,1320.28,190.07,560.0,0.4241524525100736,Credit Card,Online,False,None,Cloudy,False,14,True,79,60,-19.0,False,3.0
20230924,2024-05-05,Sunday,20105,102,1038,7.0,147.17,0.19,1030.19,195.7361,834.4539,88.81,212.7839,0.25499778957231767,Digital Wallet,Curbside Pickup,True,BOGO,Stormy,False,493,False,77,53,-24.0,False,3.0
20230925,2024-02-24,Saturday,20939,124,1041,2.0,620.9,0.0,1241.8,0.0,1241.8,486.05,269.7,0.2171847318408761,Digital Wallet,Online,False,None,Windy,False,310,False,26,21,-5.0,False,2.0
20230926,2023-05-25,Thursday,21125,140,1038,2.0,155.39,0.0,310.78,0.0,310.78,88.81,133.16,0.4284703005341398,Gift Card,Mobile App,False,None,Windy,False,415,False,270,280,10.0,False,4.0
20230927,2024-05-23,Thursday,20450,123,1012,7.0,261.25,0.0,1828.75,0.0,1828.75,173.37,615.16,0.3363827751196172,Digital Wallet,In-Store,False,None,Cloudy,False,1,True,473,441,-32.0,False,4.0
20230928,2024-11-23,Saturday,20639,120,1025,2.0,557.51,0.0,1115.02,0.0,1115.02,301.28,512.46,0.45959713727108037,Debit Card,In-Store,False,None,Sunny,False,304,False,399,261,-138.0,False,2.0
20230929,2024-07-29,Monday,20956,109,1041,1.0,638.63,0.22,638.63,140.4986,498.1314,486.05,12.0814,0.024253439955802775,Debit Card,Mobile App,True,BOGO,Rainy,False,106,False,470,573,103.0,False,1.0
20230930,2024-10-09,Wednesday,20643,118,1043,5.0,112.24,0.0,561.2,0.0,561.2,75.88,181.8,0.3239486813970064,Credit Card,Mobile App,False,None,Rainy,False,453,False,170,163,-7.0,False,2.0
20230931,2023-12-20,Wednesday,20810,118,1005,2.0,1111.32,0.0,2222.64,0.0,2222.64,774.22,674.2,0.30333297340100057,Cash,Online,False,None,Sunny,False,164,False,189,136,-53.0,False,2.0
20230932,2024-05-10,Friday,20906,132,1005,1.0,1175.18,0.0,1175.18,0.0,1175.18,774.22,400.96,0.3411902857434606,Cash,In-Store,False,None,Sunny,False,465,False,94,99,5.0,False,5.0
20230933,2024-12-09,Monday,21172,144,1037,4.0,379.81,0.0,1519.24,0.0,1519.24,270.26,438.2,0.2884336905294753,Debit Card,In-Store,False,None,Sunny,False,442,False,472,328,-144.0,False,1.0
20230934,2024-01-12,Friday,20977,147,1026,4.0,237.84,0.0,951.36,0.0,951.36,130.01,431.32,0.4533720147998655,Debit Card,Mobile App,False,None,Rainy,False,156,False,257,322,65.0,False,2.0
20230935,2024-08-16,Friday,20915,127,1043,4.0,112.81,0.0,451.24,0.0,451.24,75.88,147.72,0.32736459533729284,Cash,In-Store,False,None,Rainy,False,420,False,286,241,-45.0,False,2.0
20230936,2023-12-29,Friday,20388,106,1003,1.0,1914.86,0.34,1914.86,651.0524,1263.8076,1394.94,-131.1324,-0.10375978115656229,Digital Wallet,In-Store,True,BOGO,Snowy,False,315,False,88,68,-20.0,False,2.0
20230937,2023-02-05,Sunday,20816,119,1013,4.0,171.64,0.0,686.56,0.0,686.56,118.75,211.56,0.3081449545560475,EBT,Curbside Pickup,False,None,Cloudy,False,53,False,278,206,-72.0,True,3.0
20230938,2024-03-01,Friday,20463,120,1013,3.0,180.84,0.0,542.52,0.0,542.52,118.75,186.27,0.3433421809334218,Cash,Mobile App,False,None,Windy,False,228,False,91,97,6.0,False,2.0
20230939,2023-04-15,Saturday,20578,111,1043,1.0,117.08,0.0,117.08,0.0,117.08,75.88,41.2,0.3518961393918688,Cash,Online,False,None,Stormy,False,50,False,249,340,91.0,True,1.0
20230940,2024-04-27,Saturday,20800,149,1032,1.0,892.01,0.0,892.01,0.0,892.01,572.31,319.7,0.3584040537662134,EBT,Online,False,None,Snowy,False,506,False,273,256,-17.0,False,1.0
20230941,2024-06-02,Sunday,21112,106,1036,2.0,1077.93,0.0,2155.86,0.0,2155.86,738.32,679.22,0.31505756403477037,Credit Card,In-Store,False,None,Cloudy,False,487,False,342,260,-82.0,False,3.0
20230942,2023-07-16,Sunday,20062,142,1023,7.0,125.57,0.0,878.99,0.0,878.99,70.74,383.81,0.43664888110217415,Gift Card,Mobile App,False,None,Cloudy,False,439,False,459,383,-76.0,False,3.0
20230943,2024-06-28,Friday,20332,130,1012,2.0,251.29,0.0,502.58,0.0,502.58,173.37,155.84,0.3100799872657089,Credit Card,Online,False,None,Windy,False,86,False,197,181,-16.0,False,2.0
20230944,2024-11-23,Saturday,20411,134,1049,7.0,150.69,0.17,1054.83,179.3211,875.5089,117.26,54.6889,0.06246527019885221,EBT,In-Store,True,Percentage Discount,Sunny,False,113,False,378,535,157.0,False,3.0
20230945,2023-06-16,Friday,20294,148,1002,2.0,1253.8,0.07,2507.6,175.532,2332.068,759.3,813.468,0.3488183020392201,Credit Card,Mobile App,True,Clearance,Cloudy,False,184,False,384,376,-8.0,True,5.0
20230946,2024-12-21,Saturday,20751,117,1036,1.0,1146.73,0.0,1146.73,0.0,1146.73,738.32,408.41,0.3561518404506728,Cash,Mobile App,False,None,Cloudy,False,106,False,467,488,21.0,False,3.0
20230947,2023-12-05,Tuesday,21043,146,1008,2.0,605.01,0.0,1210.02,0.0,1210.02,397.4,415.22,0.34315135287020054,Credit Card,Mobile App,False,None,Cloudy,False,189,False,263,345,82.0,False,3.0
20230948,2023-06-20,Tuesday,20694,123,1003,2.0,1982.11,0.0,3964.22,0.0,3964.22,1394.94,1174.34,0.296234820469096,Gift Card,Mobile App,False,None,Cloudy,False,82,False,293,294,1.0,False,1.0
20230949,2023-06-25,Sunday,20920,106,1020,1.0,335.49,0.0,335.49,0.0,335.49,190.07,145.42,0.4334555426391249,Debit Card,Curbside Pickup,False,None,Snowy,False,132,False,118,96,-22.0,False,1.0
20230950,2024-08-07,Wednesday,20715,119,1009,1.0,1743.19,0.0,1743.19,0.0,1743.19,1077.88,665.31,0.38166235464866133,Digital Wallet,Curbside Pickup,False,None,Stormy,False,338,False,316,427,111.0,False,4.0
20230951,2024-02-16,Friday,20666,108,1045,1.0,233.7,0.0,233.7,0.0,233.7,159.92,73.78,0.3157038938810441,Debit Card,Mobile App,False,None,Cloudy,False,452,False,129,170,41.0,False,2.0
20230952,2024-12-08,Sunday,20905,120,1048,5.0,289.72,0.0,1448.6,0.0,1448.6,184.37,526.75,0.36362695015877405,Gift Card,In-Store,False,None,Sunny,False,175,False,100,104,4.0,False,3.0
20230953,2023-06-18,Sunday,20289,112,1002,2.0,1335.89,0.0,2671.78,0.0,2671.78,759.3,1153.18,0.4316148784705328,Digital Wallet,Online,False,None,Cloudy,False,53,False,150,141,-9.0,False,2.0
20230954,2024-08-06,Tuesday,20243,147,1019,1.0,1250.22,0.31,1250.22,387.5682,862.6518,867.36,-4.7082,-0.005457822032017923,Digital Wallet,In-Store,True,Loyalty Reward,Snowy,False,479,False,216,183,-33.0,False,1.0
20230955,2024-12-31,Tuesday,20085,114,1022,2.0,340.17,0.13,680.34,88.4442,591.8958,187.99,215.9158,0.36478684254897564,Gift Card,Mobile App,True,Percentage Discount,Windy,True,120,False,363,317,-46.0,False,3.0
20230956,2024-01-06,Saturday,20991,110,1024,1.0,491.13,0.0,491.13,0.0,491.13,283.62,207.51,0.42251542361492883,Debit Card,In-Store,False,None,Windy,False,6,True,291,216,-75.0,False,2.0
20230957,2023-12-13,Wednesday,20642,139,1025,3.0,538.51,0.0,1615.53,0.0,1615.53,301.28,711.69,0.4405303522682959,Debit Card,In-Store,False,None,Stormy,False,246,False,436,551,115.0,False,5.0
20230958,2023-03-31,Friday,21062,101,1012,3.0,236.74,0.0,710.22,0.0,710.22,173.37,190.11,0.26767762101883924,Digital Wallet,Online,False,None,Windy,False,111,False,386,379,-7.0,False,4.0
20230959,2023-03-03,Friday,21034,137,1048,1.0,282.86,0.3,282.86,84.858,198.002,184.37,13.632,0.06884778941626854,Credit Card,In-Store,True,Percentage Discount,Windy,False,218,False,262,266,4.0,False,3.0
20230960,2024-01-17,Wednesday,20446,124,1044,4.0,69.52,0.21,278.08,58.3968,219.6832,46.06,35.4432,0.16133778095002255,Debit Card,Mobile App,True,Percentage Discount,Cloudy,False,121,False,172,182,10.0,False,5.0
20230961,2023-03-31,Friday,20788,134,1044,1.0,69.22,0.0,69.22,0.0,69.22,46.06,23.16,0.33458537994799187,Digital Wallet,Mobile App,False,None,Windy,False,488,False,297,211,-86.0,False,1.0
20230962,2023-03-01,Wednesday,20498,149,1036,1.0,1037.39,0.0,1037.39,0.0,1037.39,738.32,299.07,0.2882908067361359,Gift Card,In-Store,False,None,Cloudy,False,465,False,49,66,17.0,True,4.0
20230963,2024-10-05,Saturday,20101,103,1013,3.0,178.93,0.0,536.79,0.0,536.79,118.75,180.54,0.33633264405074603,Debit Card,Curbside Pickup,False,None,Sunny,False,404,False,151,91,-60.0,True,3.0
20230964,2024-12-03,Tuesday,20076,123,1023,4.0,120.69,0.0,482.76,0.0,482.76,70.74,199.8,0.4138702460850112,Cash,Mobile App,False,None,Windy,False,228,False,186,138,-48.0,False,3.0
20230965,2024-02-27,Tuesday,20086,123,1007,1.0,1093.25,0.21,1093.25,229.5825,863.6675,637.12,226.5475,0.26230870097578063,Cash,In-Store,True,Percentage Discount,Stormy,False,1,True,396,521,125.0,False,5.0
20230966,2024-04-30,Tuesday,20960,115,1038,4.0,156.98,0.0,627.92,0.0,627.92,88.81,272.68,0.43425914129188425,Cash,In-Store,False,None,Windy,False,75,False,141,135,-6.0,False,4.0
20230967,2024-06-16,Sunday,20806,129,1004,1.0,678.11,0.11,678.11,74.5921,603.5179,445.03,158.4879,0.26260679260714564,Digital Wallet,Curbside Pickup,True,BOGO,Cloudy,False,459,False,260,359,99.0,False,3.0
20230968,2023-06-21,Wednesday,20074,126,1028,4.0,773.06,0.0,3092.24,0.0,3092.24,494.36,1114.8,0.36051535456497547,Digital Wallet,Online,False,None,Windy,False,426,False,134,147,13.0,False,1.0
20230969,2023-03-03,Friday,20241,127,1013,7.0,179.79,0.0,1258.53,0.0,1258.53,118.75,427.28,0.3395072028477668,Debit Card,Online,False,None,Sunny,False,300,False,273,370,97.0,False,2.0
20230970,2024-12-13,Friday,20015,141,1029,1.0,2212.24,0.0,2212.24,0.0,2212.24,1429.66,782.58,0.35375004520305203,Debit Card,Mobile App,False,None,Rainy,False,170,False,341,463,122.0,False,4.0
20230971,2023-10-03,Tuesday,20212,146,1022,3.0,340.76,0.07,1022.28,71.5596,950.7204,187.99,386.7504,0.40679720346802273,Cash,Online,True,Percentage Discount,Sunny,False,84,False,149,131,-18.0,False,1.0
20230972,2023-10-28,Saturday,20315,105,1039,1.0,104.52,0.0,104.52,0.0,104.52,71.53,32.99,0.31563337160352084,Digital Wallet,In-Store,False,None,Stormy,False,235,False,319,408,89.0,False,1.0
20230973,2024-07-16,Tuesday,20640,132,1023,4.0,121.52,0.34,486.08,165.2672,320.8128,70.74,37.8528,0.11799030462624933,Cash,In-Store,True,Percentage Discount,Cloudy,False,260,False,361,398,37.0,True,5.0
20230974,2023-11-20,Monday,20866,118,1014,5.0,229.64,0.0,1148.2,0.0,1148.2,172.18,287.3,0.250217732102421,Debit Card,Online,False,None,Rainy,False,131,False,455,503,48.0,False,4.0
20230975,2023-02-14,Tuesday,21167,146,1020,4.0,336.13,0.0,1344.52,0.0,1344.52,190.07,584.24,0.43453425757891295,Gift Card,Curbside Pickup,False,None,Stormy,True,437,False,337,422,85.0,False,5.0
20230976,2023-11-29,Wednesday,20759,101,1037,2.0,398.85,0.3,797.7,239.31,558.39,270.26,17.87,0.032002722111785877,EBT,In-Store,True,BOGO,Rainy,True,386,False,295,199,-96.0,False,4.0
20230977,2023-11-27,Monday,21153,127,1024,4.0,501.76,0.0,2007.04,0.0,2007.04,283.62,872.56,0.43474968112244894,Debit Card,Curbside Pickup,False,None,Rainy,False,72,False,357,268,-89.0,False,5.0
20230978,2023-03-15,Wednesday,20822,137,1004,3.0,715.41,0.31,2146.23,665.3313,1480.8987,445.03,145.8087,0.09845960429298779,Digital Wallet,Mobile App,True,Percentage Discount,Cloudy,False,198,False,275,231,-44.0,False,5.0
20230979,2023-11-03,Friday,20843,107,1016,4.0,353.43,0.0,1413.72,0.0,1413.72,263.25,360.72,0.25515660809778457,EBT,Online,False,None,Rainy,False,354,False,70,43,-27.0,False,5.0
20230980,2024-05-14,Tuesday,20734,145,1012,4.0,260.59,0.0,1042.36,0.0,1042.36,173.37,348.88,0.3347020223339345,Cash,Online,False,None,Rainy,False,388,False,318,363,45.0,False,1.0
20230981,2024-09-04,Wednesday,20915,127,1012,2.0,248.59,0.0,497.18,0.0,497.18,173.37,150.44,0.302586588358341,EBT,Mobile App,False,None,Stormy,False,115,False,180,147,-33.0,False,3.0
20230982,2023-02-03,Friday,20097,104,1041,1.0,645.05,0.0,645.05,0.0,645.05,486.05,159.0,0.24649251995969299,Credit Card,Online,False,None,Rainy,False,130,False,20,20,0.0,False,4.0
20230983,2023-11-18,Saturday,20603,136,1024,1.0,499.98,0.0,499.98,0.0,499.98,283.62,216.36,0.4327373094923797,Cash,Online,False,None,Cloudy,False,164,False,276,260,-16.0,False,1.0
20230984,2024-02-06,Tuesday,20753,110,1045,3.0,219.14,0.0,657.42,0.0,657.42,159.92,177.66,0.2702382038879255,Credit Card,Mobile App,False,None,Windy,False,513,False,301,253,-48.0,False,5.0
20230985,2024-05-31,Friday,20409,142,1014,5.0,238.13,0.26,1190.65,309.569,881.081,172.18,20.181,0.02290481805872563,Cash,Online,True,Manufacturer Rebate,Sunny,False,230,False,348,252,-96.0,False,4.0
20230986,2023-12-09,Saturday,20419,129,1042,2.0,431.12,0.09,862.24,77.6016,784.6384,233.03,318.5784,0.4060193842157101,EBT,Mobile App,True,Clearance,Sunny,False,519,False,258,340,82.0,False,1.0
20230987,2023-05-27,Saturday,20603,112,1028,3.0,802.48,0.0,2407.44,0.0,2407.44,494.36,924.36,0.3839597248529559,Debit Card,Online,False,None,Rainy,True,328,False,307,275,-32.0,False,1.0
20230988,2024-01-02,Tuesday,20571,117,1003,2.0,1939.85,0.0,3879.7,0.0,3879.7,1394.94,1089.82,0.2809031626156661,Credit Card,Mobile App,False,None,Snowy,False,472,False,28,31,3.0,False,3.0
20230989,2023-05-20,Saturday,20756,148,1050,1.0,1295.19,0.0,1295.19,0.0,1295.19,742.28,552.91,0.4268948957295841,Credit Card,In-Store,False,None,Sunny,False,115,False,317,293,-24.0,False,5.0
20230990,2023-02-23,Thursday,20321,138,1020,2.0,346.8,0.0,693.6,0.0,693.6,190.07,313.46,0.4519319492502884,Cash,Mobile App,False,None,Cloudy,False,506,False,361,275,-86.0,False,5.0
20230991,2023-11-18,Saturday,20448,138,1033,1.0,883.34,0.0,883.34,0.0,883.34,465.85,417.49,0.47262662168587405,Digital Wallet,Mobile App,False,None,Sunny,False,417,False,145,131,-14.0,False,4.0
20230992,2023-10-13,Friday,20144,146,1025,1.0,567.92,0.0,567.92,0.0,567.92,301.28,266.64,0.46950274686575577,Credit Card,Online,False,None,Rainy,False,243,False,338,259,-79.0,False,2.0
20230993,2024-06-12,Wednesday,20293,129,1030,1.0,922.61,0.0,922.61,0.0,922.61,569.19,353.42,0.3830654339319972,Digital Wallet,Mobile App,False,None,Rainy,False,500,False,100,65,-35.0,False,2.0
20230994,2024-01-09,Tuesday,20677,111,1035,2.0,780.77,0.0,1561.54,0.0,1561.54,403.28,754.98,0.48348425272487416,Cash,Mobile App,False,None,Snowy,False,386,False,408,417,9.0,False,5.0
20230995,2023-01-22,Sunday,20182,118,1004,1.0,659.59,0.0,659.59,0.0,659.59,445.03,214.56,0.3252929850361589,Gift Card,Mobile App,False,None,Stormy,False,210,False,63,49,-14.0,False,1.0
20230996,2024-11-02,Saturday,20218,128,1009,2.0,1863.64,0.0,3727.28,0.0,3727.28,1077.88,1571.52,0.421626494387328,Cash,In-Store,False,None,Cloudy,False,250,False,156,156,0.0,False,5.0
20230997,2024-11-26,Tuesday,20655,146,1028,1.0,747.8,0.0,747.8,0.0,747.8,494.36,253.44,0.3389141481679593,Credit Card,Mobile App,False,None,Rainy,False,158,False,235,260,25.0,False,2.0
20230998,2024-05-28,Tuesday,20907,128,1016,4.0,396.98,0.16,1587.92,254.0672,1333.8528,263.25,280.8528,0.2105575667719857,Digital Wallet,Mobile App,True,Clearance,Sunny,False,328,False,300,285,-15.0,False,1.0
20230999,2024-12-23,Monday,20007,124,1030,1.0,881.93,0.21,881.93,185.2053,696.7247,569.19,127.5347,0.18304891444210308,Credit Card,Mobile App,True,Manufacturer Rebate,Windy,False,64,False,32,26,-6.0,False,4.0
20231000,2024-10-01,Tuesday,20974,125,1029,2.0,2268.44,0.0,4536.88,0.0,4536.88,1429.66,1677.56,0.36976071661582405,EBT,In-Store,False,None,Sunny,False,150,False,35,29,-6.0,False,5.0
20231001,2024-01-14,Sunday,20221,149,1045,2.0,214.0,0.0,428.0,0.0,428.0,159.92,108.16,0.2527102803738318,Gift Card,Online,False,None,Windy,False,439,False,97,137,40.0,False,5.0
20231002,2024-12-16,Monday,20461,141,1011,1.0,871.01,0.0,871.01,0.0,871.01,618.67,252.34,0.28970964742081035,Cash,Curbside Pickup,False,None,Cloudy,False,376,False,93,130,37.0,False,3.0
20231003,2024-09-07,Saturday,20293,129,1038,4.0,150.79,0.0,603.16,0.0,603.16,88.81,247.92,0.41103521453677294,Cash,Online,False,None,Cloudy,False,58,False,117,82,-35.0,False,3.0
20231004,2024-09-08,Sunday,20825,102,1012,7.0,248.06,0.0,1736.42,0.0,1736.42,173.37,522.83,0.3010965089091348,Gift Card,Curbside Pickup,False,None,Windy,False,292,False,33,25,-8.0,False,4.0
20231005,2023-09-17,Sunday,20317,136,1042,3.0,435.36,0.0,1306.08,0.0,1306.08,233.03,606.99,0.46474182285924287,Debit Card,In-Store,False,None,Cloudy,False,253,False,469,431,-38.0,False,3.0
20231006,2023-08-02,Wednesday,20586,143,1033,2.0,794.52,0.25,1589.04,397.26,1191.78,465.85,260.08,0.2182281964792159,Digital Wallet,Mobile App,True,Percentage Discount,Sunny,False,142,False,90,129,39.0,False,4.0
20231007,2023-11-25,Saturday,20618,112,1039,2.0,97.89,0.17,195.78,33.2826,162.4974,71.53,19.4374,0.11961668309769878,Cash,Curbside Pickup,True,BOGO,Stormy,False,308,False,64,89,25.0,False,1.0
20231008,2023-05-01,Monday,20776,114,1028,2.0,807.58,0.28,1615.16,452.2448,1162.9152,494.36,174.1952,0.1497918334888046,Debit Card,In-Store,True,Loyalty Reward,Cloudy,False,233,False,455,538,83.0,False,1.0
20231009,2024-11-24,Sunday,20767,108,1015,5.0,253.92,0.0,1269.6,0.0,1269.6,149.38,522.7,0.4117044738500315,EBT,In-Store,False,None,Windy,False,482,False,213,303,90.0,False,1.0
20231010,2023-12-11,Monday,20053,137,1039,2.0,97.86,0.09,195.72,17.6148,178.1052,71.53,35.0452,0.1967668546454567,Credit Card,Online,True,Clearance,Rainy,False,57,False,241,177,-64.0,False,4.0
20231011,2023-02-16,Thursday,20323,108,1026,4.0,238.28,0.17,953.12,162.0304,791.0896,130.01,271.0496,0.34262819281153495,Credit Card,In-Store,True,Bundle Deal,Rainy,False,78,False,241,238,-3.0,False,2.0
20231012,2024-04-02,Tuesday,20300,131,1034,2.0,1659.56,0.0,3319.12,0.0,3319.12,1145.68,1027.76,0.30964834052399426,Gift Card,Mobile App,False,None,Snowy,False,301,False,40,39,-1.0,False,3.0
20231013,2023-12-24,Sunday,21128,102,1027,5.0,60.22,0.0,301.1,0.0,301.1,37.44,113.9,0.3782796413151778,Debit Card,Mobile App,False,None,Rainy,True,325,False,473,376,-97.0,False,1.0
20231014,2024-12-21,Saturday,20556,123,1026,2.0,223.2,0.0,446.4,0.0,446.4,130.01,186.38,0.4175179211469534,Digital Wallet,Online,False,None,Snowy,False,488,False,67,85,18.0,False,1.0
20231015,2023-09-28,Thursday,20553,111,1048,5.0,261.57,0.0,1307.85,0.0,1307.85,184.37,386.0,0.2951408800703444,Credit Card,Curbside Pickup,False,None,Sunny,False,27,False,268,202,-66.0,False,2.0
20231016,2024-12-23,Monday,21192,113,1006,4.0,286.62,0.0,1146.48,0.0,1146.48,163.55,492.28,0.42938385318540223,Credit Card,Mobile App,False,None,Windy,False,75,False,97,70,-27.0,False,1.0
20231017,2024-12-07,Saturday,20474,119,1028,1.0,746.31,0.0,746.31,0.0,746.31,494.36,251.95,0.3375942972759308,Cash,Curbside Pickup,False,None,Sunny,False,435,False,174,172,-2.0,False,1.0
20231018,2023-12-16,Saturday,20353,101,1044,1.0,65.6,0.0,65.6,0.0,65.6,46.06,19.54,0.2978658536585365,Cash,Online,False,None,Rainy,False,500,False,257,275,18.0,False,4.0
20231019,2023-02-08,Wednesday,20464,142,1016,4.0,363.92,0.0,1455.68,0.0,1455.68,263.25,402.68,0.27662673114970326,Gift Card,Curbside Pickup,False,None,Cloudy,False,264,False,72,90,18.0,False,5.0
20231020,2024-04-06,Saturday,20154,128,1038,4.0,145.64,0.0,582.56,0.0,582.56,88.81,227.32,0.3902087338643229,Cash,Online,False,None,Cloudy,False,474,False,31,44,13.0,False,2.0
20231021,2024-08-18,Sunday,20160,109,1030,2.0,917.94,0.0,1835.88,0.0,1835.88,569.19,697.5,0.37992679260082357,Gift Card,In-Store,False,None,Rainy,False,506,False,104,76,-28.0,False,5.0
20231022,2024-12-25,Wednesday,20878,105,1045,5.0,215.66,0.08,1078.3,86.264,992.036,159.92,192.436,0.19398086359769207,EBT,Online,True,Percentage Discount,Sunny,True,25,False,389,534,145.0,False,3.0
20231023,2024-11-08,Friday,20711,114,1034,1.0,1630.39,0.29,1630.39,472.8131,1157.5769,1145.68,11.8969,0.010277416558675246,EBT,Mobile App,True,Loyalty Reward,Stormy,False,89,False,24,31,7.0,False,2.0
20231024,2024-01-13,Saturday,20299,138,1039,5.0,101.92,0.0,509.6,0.0,509.6,71.53,151.95,0.2981750392464679,Gift Card,Mobile App,False,None,Stormy,False,85,False,148,171,23.0,False,4.0
20231025,2023-09-29,Friday,20212,146,1034,1.0,1545.77,0.24,1545.77,370.9848,1174.7852,1145.68,29.1052,0.024774912043495242,Cash,Online,True,Percentage Discount,Rainy,False,352,False,369,417,48.0,False,5.0
20231026,2023-03-23,Thursday,20529,126,1032,2.0,919.66,0.0,1839.32,0.0,1839.32,572.31,694.7,0.3776939303655699,Credit Card,Online,False,None,Stormy,False,386,False,66,95,29.0,False,5.0
20231027,2024-08-21,Wednesday,20085,136,1048,5.0,270.27,0.2,1351.35,270.27,1081.08,184.37,159.23,0.1472878972878972,Gift Card,In-Store,True,Loyalty Reward,Cloudy,False,501,False,43,33,-10.0,False,4.0
20231028,2024-06-14,Friday,20948,117,1050,1.0,1218.84,0.0,1218.84,0.0,1218.84,742.28,476.56,0.3909947162876177,EBT,In-Store,False,None,Stormy,False,466,False,102,83,-19.0,False,2.0
20231029,2023-06-06,Tuesday,20010,126,1049,7.0,154.55,0.0,1081.85,0.0,1081.85,117.26,261.03,0.24128113879003563,Credit Card,Curbside Pickup,False,None,Cloudy,False,340,False,454,320,-134.0,False,3.0
20231030,2023-06-06,Tuesday,20253,112,1009,1.0,1699.06,0.0,1699.06,0.0,1699.06,1077.88,621.18,0.3656021564865278,EBT,Online,False,None,Snowy,False,440,False,239,326,87.0,True,5.0
20231031,2023-07-09,Sunday,20541,136,1023,1.0,135.1,0.0,135.1,0.0,135.1,70.74,64.36,0.4763878608438194,Digital Wallet,Mobile App,False,None,Windy,False,442,False,468,552,84.0,True,4.0
20231032,2023-12-07,Thursday,20715,119,1009,2.0,1807.45,0.0,3614.9,0.0,3614.9,1077.88,1459.14,0.4036460206368087,Cash,Online,False,None,Stormy,False,379,False,64,48,-16.0,False,3.0
20231033,2023-12-28,Thursday,21039,139,1010,3.0,373.48,0.0,1120.44,0.0,1120.44,261.42,336.18,0.3000428403127343,Cash,In-Store,False,None,Stormy,False,237,False,153,188,35.0,False,2.0
20231034,2024-12-14,Saturday,20125,124,1017,1.0,133.26,0.0,133.26,0.0,133.26,93.3,39.96,0.29986492570914,Gift Card,In-Store,False,None,Sunny,False,155,False,345,452,107.0,False,2.0
20231035,2023-09-24,Sunday,20317,136,1041,2.0,652.11,0.08,1304.22,104.3376,1199.8824,486.05,227.7824,0.1898372707191971,Digital Wallet,Mobile App,True,Clearance,Cloudy,False,507,False,130,106,-24.0,False,1.0
20231036,2023-08-02,Wednesday,20283,121,1025,3.0,555.91,0.0,1667.73,0.0,1667.73,301.28,763.89,0.45804176935115404,Gift Card,Curbside Pickup,False,None,Cloudy,False,32,False,269,334,65.0,True,4.0
20231037,2024-10-14,Monday,20540,119,1019,2.0,1294.99,0.05,2589.98,129.499,2460.481,867.36,725.761,0.29496712228218797,Cash,Mobile App,True,BOGO,Sunny,False,478,False,343,441,98.0,False,2.0
20231038,2024-02-16,Friday,20321,145,1034,2.0,1657.15,0.0,3314.3,0.0,3314.3,1145.68,1022.94,0.30864435929155476,Digital Wallet,Curbside Pickup,False,None,Stormy,False,434,False,224,219,-5.0,False,1.0
20231039,2024-11-06,Wednesday,21039,150,1023,7.0,123.46,0.0,864.22,0.0,864.22,70.74,369.04,0.4270208974566661,Debit Card,Curbside Pickup,False,None,Sunny,False,246,False,277,184,-93.0,False,5.0
20231040,2024-11-25,Monday,20893,120,1033,1.0,822.84,0.0,822.84,0.0,822.84,465.85,356.99,0.4338510524524816,EBT,In-Store,False,None,Rainy,False,140,False,414,443,29.0,False,2.0
20231041,2024-08-25,Sunday,21170,143,1036,2.0,1041.2,0.29,2082.4,603.896,1478.504,738.32,1.864,0.0012607338228371602,Digital Wallet,Online,True,Manufacturer Rebate,Rainy,False,41,False,168,224,56.0,False,5.0
20231042,2024-01-09,Tuesday,21160,129,1030,2.0,939.88,0.0,1879.76,0.0,1879.76,569.19,741.38,0.3944014129463335,Credit Card,Mobile App,False,None,Sunny,False,120,False,43,37,-6.0,False,4.0
20231043,2024-11-07,Thursday,20158,128,1050,2.0,1348.07,0.0,2696.14,0.0,2696.14,742.28,1211.58,0.4493757742550461,Digital Wallet,In-Store,False,None,Rainy,False,168,False,263,200,-63.0,False,5.0
20231044,2023-04-16,Sunday,20960,140,1026,2.0,218.82,0.0,437.64,0.0,437.64,130.01,177.62,0.40585869664564483,EBT,Mobile App,False,None,Sunny,False,10,True,449,299,-150.0,False,2.0
20231045,2024-02-18,Sunday,20921,142,1034,2.0,1604.56,0.0,3209.12,0.0,3209.12,1145.68,917.76,0.28598494291269877,Gift Card,Online,False,None,Stormy,False,130,False,402,344,-58.0,False,2.0
20231046,2023-01-10,Tuesday,20396,116,1010,1.0,405.88,0.0,405.88,0.0,405.88,261.42,144.46,0.3559180053217699,Debit Card,Mobile App,False,None,Sunny,False,398,False,472,537,65.0,False,3.0
20231047,2023-04-02,Sunday,20378,103,1003,2.0,1803.71,0.14,3607.42,505.0388,3102.3812,1394.94,312.5012,0.10072946548283612,Gift Card,In-Store,True,Loyalty Reward,Windy,False,146,False,265,244,-21.0,False,4.0
20231048,2023-12-30,Saturday,20796,121,1041,1.0,631.23,0.0,631.23,0.0,631.23,486.05,145.18,0.2299954057950351,EBT,Online,False,None,Stormy,False,478,False,171,138,-33.0,False,1.0
20231049,2023-04-07,Friday,20937,106,1049,4.0,151.45,0.0,605.8,0.0,605.8,117.26,136.76,0.2257510729613733,Debit Card,In-Store,False,None,Sunny,False,134,False,35,41,6.0,True,2.0
20231050,2023-05-07,Sunday,21173,122,1045,4.0,215.74,0.17,862.96,146.7032,716.2568,159.92,76.5768,0.1069124928377644,Credit Card,In-Store,True,Bundle Deal,Cloudy,False,287,False,334,366,32.0,False,3.0
20231051,2023-12-12,Tuesday,20429,114,1016,3.0,355.45,0.06,1066.35,63.981,1002.369,263.25,212.619,0.21211649602092636,Credit Card,Mobile App,True,Percentage Discount,Snowy,False,239,False,47,43,-4.0,False,5.0
20231052,2023-10-17,Tuesday,20509,145,1048,5.0,265.21,0.22,1326.05,291.731,1034.319,184.37,112.469,0.10873724643944464,Cash,Mobile App,True,Manufacturer Rebate,Cloudy,False,249,False,449,437,-12.0,False,2.0
20231053,2023-11-11,Saturday,20777,124,1017,4.0,136.2,0.0,544.8,0.0,544.8,93.3,171.6,0.3149779735682819,Gift Card,In-Store,False,None,Cloudy,False,296,False,235,189,-46.0,False,5.0
20231054,2023-12-06,Wednesday,20207,133,1001,1.0,615.54,0.21,615.54,129.2634,486.2766,419.73,66.5466,0.13684927467206928,Gift Card,Mobile App,True,Loyalty Reward,Windy,False,84,False,452,366,-86.0,False,4.0
20231055,2024-05-24,Friday,20625,103,1004,4.0,721.7,0.17,2886.8,490.756,2396.044,445.03,615.924,0.2570587184542521,Cash,Curbside Pickup,True,BOGO,Cloudy,False,162,False,240,298,58.0,False,4.0
20231056,2023-09-29,Friday,20716,141,1041,1.0,609.34,0.0,609.34,0.0,609.34,486.05,123.29,0.20233367249811274,Digital Wallet,In-Store,False,None,Rainy,False,424,False,139,101,-38.0,False,3.0
20231057,2024-12-16,Monday,20915,127,1019,2.0,1304.11,0.0,2608.22,0.0,2608.22,867.36,873.5,0.33490273059787895,Digital Wallet,Online,False,None,Sunny,False,358,False,380,439,59.0,False,4.0
20231058,2024-06-19,Wednesday,20542,149,1025,3.0,559.92,0.19,1679.76,319.1544,1360.6056,301.28,456.7656,0.33570757021726205,Debit Card,Curbside Pickup,True,Clearance,Rainy,False,31,False,322,243,-79.0,False,5.0
20231059,2023-07-08,Saturday,20956,109,1042,3.0,435.3,0.0,1305.9,0.0,1305.9,233.03,606.81,0.46466804502641856,Credit Card,Mobile App,False,None,Snowy,False,223,False,25,20,-5.0,False,2.0
20231060,2024-08-25,Sunday,20621,117,1003,1.0,1860.29,0.1,1860.29,186.029,1674.261,1394.94,279.321,0.16683241143405952,Cash,Online,True,Manufacturer Rebate,Cloudy,False,360,False,34,36,2.0,False,1.0
20231061,2024-10-25,Friday,20425,123,1037,2.0,393.42,0.0,786.84,0.0,786.84,270.26,246.32,0.3130496670225205,Digital Wallet,Online,False,None,Rainy,False,214,False,21,21,0.0,False,3.0
20231062,2024-02-16,Friday,20224,126,1034,1.0,1549.77,0.15,1549.77,232.4655,1317.3045,1145.68,171.6245,0.13028460769700545,EBT,Mobile App,True,Bundle Deal,Rainy,False,362,False,59,61,2.0,False,3.0
20231063,2024-07-31,Wednesday,20024,135,1020,3.0,350.28,0.0,1050.84,0.0,1050.84,190.07,480.63,0.45737695557839436,Cash,Curbside Pickup,False,None,Snowy,False,181,False,407,408,1.0,False,4.0
20231064,2023-01-17,Tuesday,20109,138,1050,2.0,1281.82,0.26,2563.64,666.5464,1897.0936,742.28,412.5336,0.21745558574442506,Digital Wallet,Online,True,Loyalty Reward,Stormy,False,263,False,476,517,41.0,True,4.0
20231065,2023-04-18,Tuesday,20592,103,1004,3.0,679.52,0.23,2038.56,468.8688,1569.6912,445.03,234.6012,0.14945691228950003,Digital Wallet,Mobile App,True,Percentage Discount,Sunny,False,345,False,360,400,40.0,False,5.0
20231066,2023-08-09,Wednesday,20131,149,1002,2.0,1323.87,0.19,2647.74,503.0706,2144.6694,759.3,626.0694,0.29191883839998833,EBT,Online,True,Percentage Discount,Sunny,False,475,False,476,587,111.0,False,3.0
20231067,2023-04-24,Monday,20062,142,1047,1.0,383.23,0.0,383.23,0.0,383.23,273.17,110.06,0.28719046003705345,EBT,Mobile App,False,None,Stormy,False,423,False,418,450,32.0,False,5.0
20231068,2023-03-12,Sunday,21105,142,1008,3.0,672.4,0.24,2017.2,484.128,1533.072,397.4,340.872,0.22234572153166982,Digital Wallet,Mobile App,True,Loyalty Reward,Cloudy,False,92,False,112,138,26.0,False,5.0
20231069,2023-10-12,Thursday,20545,132,1002,2.0,1321.72,0.0,2643.44,0.0,2643.44,759.3,1124.84,0.4255212904397301,Debit Card,Curbside Pickup,False,None,Rainy,False,226,False,94,108,14.0,False,1.0
20231070,2024-12-29,Sunday,20791,119,1042,4.0,433.15,0.0,1732.6,0.0,1732.6,233.03,800.48,0.46201085074454573,Cash,Curbside Pickup,False,None,Sunny,False,130,False,379,295,-84.0,False,5.0
20231071,2023-11-18,Saturday,20086,123,1041,3.0,623.64,0.2,1870.92,374.184,1496.736,486.05,38.586,0.025780097492142908,Digital Wallet,Curbside Pickup,True,BOGO,Windy,False,262,False,189,149,-40.0,False,5.0
20231072,2023-05-10,Wednesday,20304,136,1019,2.0,1278.54,0.26,2557.08,664.8408,1892.2392,867.36,157.5192,0.08324486671663918,Digital Wallet,Curbside Pickup,True,Bundle Deal,Snowy,False,244,False,357,511,154.0,False,1.0
20231073,2024-12-13,Friday,20015,141,1039,3.0,96.49,0.26,289.47,75.2622,214.2078,71.53,-0.3822,-0.0017842487528467222,EBT,Mobile App,True,Percentage Discount,Cloudy,False,376,False,160,127,-33.0,True,4.0
20231074,2024-09-03,Tuesday,20135,124,1027,2.0,57.71,0.0,115.42,0.0,115.42,37.44,40.54,0.35123895338762784,Cash,Mobile App,False,None,Cloudy,False,296,False,315,346,31.0,False,1.0
20231075,2023-12-23,Saturday,20281,141,1039,3.0,94.45,0.0,283.35,0.0,283.35,71.53,68.76,0.2426680783483325,Credit Card,Mobile App,False,None,Sunny,False,161,False,281,242,-39.0,False,4.0
20231076,2024-07-31,Wednesday,21199,121,1036,2.0,1036.08,0.13,2072.16,269.3808,1802.7792,738.32,326.1392,0.18090912076198787,Credit Card,Curbside Pickup,True,BOGO,Cloudy,False,398,False,416,317,-99.0,False,2.0
20231077,2024-12-24,Tuesday,20865,117,1003,1.0,1774.62,0.26,1774.62,461.4012,1313.2188,1394.94,-81.7212,-0.06222969089385576,Digital Wallet,Mobile App,True,Loyalty Reward,Cloudy,True,27,False,362,507,145.0,False,5.0
20231078,2024-12-25,Wednesday,21181,109,1007,1.0,1032.12,0.35,1032.12,361.242,670.878,637.12,33.758,0.050319134030330295,Credit Card,Mobile App,True,Manufacturer Rebate,Rainy,True,369,False,96,83,-13.0,False,3.0
20231079,2024-04-23,Tuesday,20627,115,1035,2.0,696.61,0.23,1393.22,320.4406,1072.7794,403.28,266.2194,0.2481585682946559,Digital Wallet,Mobile App,True,Percentage Discount,Sunny,False,231,False,82,86,4.0,False,1.0
20231080,2023-12-07,Thursday,20657,118,1046,1.0,570.64,0.32,570.64,182.6048,388.0352,345.33,42.7052,0.11005496408573241,Digital Wallet,Online,True,Manufacturer Rebate,Sunny,False,129,False,72,53,-19.0,False,5.0
20231081,2024-01-31,Wednesday,20951,147,1036,1.0,1094.74,0.0,1094.74,0.0,1094.74,738.32,356.42,0.3255750223797431,EBT,Curbside Pickup,False,None,Sunny,False,441,False,330,325,-5.0,False,3.0
20231082,2024-10-11,Friday,21055,150,1047,2.0,414.33,0.07,828.66,58.0062,770.6538,273.17,224.3138,0.29106947892815155,Debit Card,In-Store,True,Clearance,Windy,False,482,False,296,402,106.0,True,5.0
20231083,2023-12-25,Monday,21077,109,1023,2.0,130.74,0.07,261.48,18.3036,243.1764,70.74,101.6964,0.41820012139335894,Debit Card,Curbside Pickup,True,Loyalty Reward,Sunny,True,163,False,55,34,-21.0,False,2.0
20231084,2023-12-17,Sunday,20853,122,1046,3.0,563.29,0.0,1689.87,0.0,1689.87,345.33,653.88,0.3869410072964192,EBT,Online,False,None,Sunny,False,42,False,376,294,-82.0,False,3.0
20231085,2024-02-01,Thursday,21157,114,1001,3.0,618.75,0.19,1856.25,352.6875,1503.5625,419.73,244.3725,0.1625289936401047,Debit Card,Curbside Pickup,True,BOGO,Cloudy,False,359,False,296,273,-23.0,False,3.0
20231086,2023-08-29,Tuesday,21105,142,1005,2.0,1093.83,0.0,2187.66,0.0,2187.66,774.22,639.22,0.2921934852765054,Cash,In-Store,False,None,Rainy,False,214,False,130,147,17.0,False,3.0
20231087,2023-07-16,Sunday,20852,114,1012,6.0,243.32,0.0,1459.92,0.0,1459.92,173.37,419.7,0.28748150583593624,EBT,In-Store,False,None,Sunny,False,158,False,219,305,86.0,True,3.0
20231088,2024-11-17,Sunday,20946,121,1034,2.0,1582.86,0.0,3165.72,0.0,3165.72,1145.68,874.36,0.276196252353335,Gift Card,In-Store,False,None,Snowy,False,256,False,224,275,51.0,False,5.0
20231089,2023-04-13,Thursday,20141,105,1016,4.0,374.92,0.0,1499.68,0.0,1499.68,263.25,446.68,0.29785020804438284,EBT,Mobile App,False,None,Windy,False,221,False,72,96,24.0,False,3.0
20231090,2024-07-30,Tuesday,20639,120,1039,5.0,104.54,0.18,522.7,94.086,428.614,71.53,70.964,0.16556622042210487,Credit Card,Curbside Pickup,True,Percentage Discount,Sunny,False,463,False,21,20,-1.0,False,3.0
20231091,2024-05-08,Wednesday,20086,123,1013,1.0,188.52,0.0,188.52,0.0,188.52,118.75,69.77,0.37009335879482286,Digital Wallet,Online,False,None,Stormy,False,250,False,118,159,41.0,False,3.0
20231092,2024-11-03,Sunday,20210,129,1004,2.0,678.49,0.24,1356.98,325.6752,1031.3048,445.03,141.2448,0.13695737671346042,Cash,In-Store,True,Percentage Discount,Sunny,False,274,False,386,278,-108.0,False,3.0
20231093,2023-02-11,Saturday,20771,108,1014,1.0,237.33,0.0,237.33,0.0,237.33,172.18,65.15,0.2745122824758775,EBT,Mobile App,False,None,Sunny,False,370,False,66,70,4.0,False,4.0
20231094,2023-05-19,Friday,20510,109,1016,2.0,371.18,0.0,742.36,0.0,742.36,263.25,215.86,0.29077536505199636,Gift Card,Mobile App,False,None,Sunny,False,26,False,40,57,17.0,False,1.0
20231095,2023-10-17,Tuesday,20382,126,1038,5.0,147.99,0.09,739.95,66.5955,673.3545,88.81,229.3045,0.34054053251296307,Gift Card,Curbside Pickup,True,BOGO,Rainy,False,452,False,247,295,48.0,False,3.0
20231096,2024-03-21,Thursday,21019,133,1030,2.0,882.21,0.27,1764.42,476.3934,1288.0266,569.19,149.6466,0.11618284901880134,Cash,Online,True,Loyalty Reward,Sunny,False,390,False,374,435,61.0,False,2.0
20231097,2023-05-19,Friday,20283,121,1048,5.0,268.64,0.28,1343.2,376.096,967.104,184.37,45.254,0.0467933128184764,Credit Card,Mobile App,True,Clearance,Cloudy,False,69,False,317,355,38.0,False,3.0
20231098,2024-02-07,Wednesday,20481,127,1011,1.0,885.82,0.0,885.82,0.0,885.82,618.67,267.15,0.30158497211623136,Digital Wallet,In-Store,False,None,Sunny,False,151,False,80,61,-19.0,False,2.0
20231099,2024-11-17,Sunday,20773,132,1023,4.0,129.07,0.1,516.28,51.628,464.652,70.74,181.692,0.39102812427364997,EBT,Mobile App,True,Clearance,Windy,False,0,True,138,172,34.0,False,3.0
20231100,2024-03-30,Saturday,20543,134,1018,3.0,347.68,0.11,1043.04,114.7344,928.3056,198.14,333.8856,0.3596720735068279,Debit Card,Online,True,Manufacturer Rebate,Cloudy,False,275,False,107,144,37.0,False,1.0
20231101,2024-10-10,Thursday,20535,141,1028,1.0,754.1,0.27,754.1,203.607,550.493,494.36,56.133,0.10196859905575535,Cash,Online,True,BOGO,Cloudy,False,54,False,177,195,18.0,False,4.0
20231102,2024-12-13,Friday,20618,112,1007,1.0,1026.02,0.0,1026.02,0.0,1026.02,637.12,388.9,0.3790374456638272,Gift Card,Online,False,None,Sunny,False,391,False,397,290,-107.0,False,1.0
20231103,2024-09-02,Monday,20400,147,1007,1.0,1098.15,0.0,1098.15,0.0,1098.15,637.12,461.03,0.41982424987478945,Credit Card,Curbside Pickup,False,None,Windy,True,315,False,372,325,-47.0,False,3.0
20231104,2024-02-01,Thursday,20245,142,1007,1.0,1056.26,0.0,1056.26,0.0,1056.26,637.12,419.14,0.39681517808115424,Gift Card,Curbside Pickup,False,None,Snowy,False,268,False,72,97,25.0,False,1.0
20231105,2024-06-23,Sunday,20086,123,1028,4.0,753.32,0.14,3013.28,421.8592,2591.4208,494.36,613.9808,0.2369282518686275,Cash,Mobile App,True,Loyalty Reward,Snowy,False,37,False,249,351,102.0,True,5.0
20231106,2023-11-26,Sunday,20917,148,1045,1.0,231.7,0.29,231.7,67.193,164.507,159.92,4.587,0.02788331195633023,Credit Card,Mobile App,True,Loyalty Reward,Cloudy,False,101,False,136,125,-11.0,False,2.0
20231107,2023-12-03,Sunday,20059,103,1041,4.0,664.13,0.0,2656.52,0.0,2656.52,486.05,712.32,0.2681402737415867,Debit Card,In-Store,False,None,Snowy,False,250,False,181,239,58.0,False,2.0
20231108,2023-03-01,Wednesday,20739,103,1022,3.0,338.31,0.0,1014.93,0.0,1014.93,187.99,450.96,0.44432620968933817,Credit Card,In-Store,False,None,Rainy,False,437,False,276,183,-93.0,False,4.0
20231109,2023-12-27,Wednesday,20779,105,1026,2.0,215.47,0.33,430.94,142.2102,288.7298,130.01,28.7098,0.09943483492178493,EBT,Online,True,BOGO,Cloudy,False,195,False,417,513,96.0,False,4.0
20231110,2024-12-25,Wednesday,20747,127,1013,6.0,176.04,0.0,1056.24,0.0,1056.24,118.75,343.74,0.3254374005907748,Digital Wallet,In-Store,False,None,Sunny,True,471,False,293,261,-32.0,False,4.0
20231111,2024-01-29,Monday,21194,114,1002,1.0,1290.83,0.0,1290.83,0.0,1290.83,759.3,531.53,0.4117738199453065,Credit Card,Curbside Pickup,False,None,Sunny,False,50,False,132,96,-36.0,False,1.0
20231112,2024-11-27,Wednesday,20246,101,1035,2.0,735.03,0.0,1470.06,0.0,1470.06,403.28,663.5,0.4513421220902548,Cash,Mobile App,False,None,Cloudy,False,189,False,448,348,-100.0,False,5.0
20231113,2024-11-25,Monday,20560,107,1027,3.0,60.84,0.0,182.52,0.0,182.52,37.44,70.2,0.3846153846153847,Credit Card,In-Store,False,None,Sunny,False,138,False,257,258,1.0,False,5.0
20231114,2024-08-16,Friday,20715,120,1027,5.0,62.8,0.33,314.0,103.62,210.38,37.44,23.18,0.11018157619545588,Credit Card,Curbside Pickup,True,Loyalty Reward,Sunny,False,436,False,411,420,9.0,False,4.0
20231115,2024-01-12,Friday,21147,141,1034,1.0,1642.86,0.0,1642.86,0.0,1642.86,1145.68,497.18,0.3026307780334294,EBT,Curbside Pickup,False,None,Cloudy,False,462,False,447,313,-134.0,False,3.0
20231116,2023-11-27,Monday,20739,124,1034,2.0,1588.3,0.11,3176.6,349.426,2827.174,1145.68,535.814,0.18952282385166241,Digital Wallet,Mobile App,True,Manufacturer Rebate,Sunny,False,499,False,256,242,-14.0,False,1.0
20231117,2024-04-27,Saturday,20109,122,1030,1.0,891.15,0.34,891.15,302.991,588.159,569.19,18.969,0.03225148301734706,Credit Card,Mobile App,True,Clearance,Rainy,False,175,False,68,89,21.0,False,1.0
20231118,2024-03-19,Tuesday,20855,122,1027,3.0,57.14,0.18,171.42,30.8556,140.5644,37.44,28.2444,0.2009356565389246,Credit Card,Mobile App,True,Manufacturer Rebate,Cloudy,False,349,False,248,289,41.0,False,4.0
20231119,2024-12-16,Monday,20134,118,1015,2.0,247.32,0.11,494.64,54.4104,440.2296,149.38,141.4696,0.32135412975411015,Debit Card,Curbside Pickup,True,Manufacturer Rebate,Rainy,False,241,False,42,39,-3.0,False,1.0
20231120,2023-06-20,Tuesday,20749,105,1038,7.0,151.52,0.0,1060.64,0.0,1060.64,88.81,438.97,0.4138727560718057,Gift Card,In-Store,False,None,Windy,False,382,False,394,245,-149.0,False,2.0
20231121,2024-04-04,Thursday,20521,134,1049,7.0,149.91,0.0,1049.37,0.0,1049.37,117.26,228.55,0.21779734507371076,Credit Card,Mobile App,False,None,Sunny,False,285,False,222,151,-71.0,False,5.0
20231122,2024-04-14,Sunday,21003,148,1026,2.0,232.31,0.0,464.62,0.0,464.62,130.01,204.6,0.4403598639748612,Credit Card,Online,False,None,Sunny,False,119,False,225,271,46.0,False,2.0
20231123,2024-05-22,Wednesday,21076,114,1024,1.0,521.53,0.0,521.53,0.0,521.53,283.62,237.91,0.4561770176212298,Cash,Curbside Pickup,False,None,Windy,False,515,False,350,426,76.0,False,2.0
20231124,2024-01-31,Wednesday,20753,110,1008,1.0,644.28,0.15,644.28,96.642,547.638,397.4,150.238,0.27433815768810776,Credit Card,Curbside Pickup,True,Bundle Deal,Sunny,False,227,False,194,131,-63.0,False,3.0
20231125,2023-03-22,Wednesday,20947,150,1028,1.0,809.01,0.16,809.01,129.4416,679.5684,494.36,185.2084,0.27253827576444106,Debit Card,Curbside Pickup,True,Percentage Discount,Snowy,False,430,False,319,382,63.0,False,5.0
20231126,2023-04-15,Saturday,20455,148,1049,5.0,153.16,0.0,765.8,0.0,765.8,117.26,179.5,0.2343954034996081,Cash,Mobile App,False,None,Stormy,False,80,False,237,318,81.0,False,5.0
20231127,2024-03-23,Saturday,20842,104,1029,1.0,2290.95,0.0,2290.95,0.0,2290.95,1429.66,861.29,0.37595320718479225,Debit Card,Curbside Pickup,False,None,Stormy,False,469,False,398,501,103.0,False,3.0
20231128,2024-12-22,Sunday,20098,133,1048,6.0,269.46,0.0,1616.76,0.0,1616.76,184.37,510.54,0.31577970756327456,Digital Wallet,Curbside Pickup,False,None,Cloudy,False,166,False,409,590,181.0,False,4.0
20231129,2024-02-25,Sunday,20520,129,1026,7.0,218.89,0.05,1532.23,76.6115,1455.6185,130.01,545.5485,0.3747881055372682,EBT,Mobile App,True,Manufacturer Rebate,Cloudy,False,43,False,308,403,95.0,False,1.0
20231130,2024-06-12,Wednesday,20788,134,1031,2.0,555.96,0.0,1111.92,0.0,1111.92,402.09,307.74,0.27676451543276503,Gift Card,Curbside Pickup,False,None,Sunny,False,443,False,194,164,-30.0,False,5.0
20231131,2023-01-09,Monday,21007,102,1009,1.0,1780.92,0.25,1780.92,445.23,1335.69,1077.88,257.81,0.19301634361266456,Gift Card,Curbside Pickup,True,Bundle Deal,Cloudy,False,375,False,387,322,-65.0,False,5.0
20231132,2023-04-15,Saturday,21029,109,1030,1.0,864.91,0.0,864.91,0.0,864.91,569.19,295.72,0.3419084066550276,Digital Wallet,In-Store,False,None,Snowy,False,308,False,51,61,10.0,False,3.0
20231133,2024-11-03,Sunday,20002,126,1049,3.0,155.23,0.0,465.69,0.0,465.69,117.26,113.91,0.24460478000386507,Digital Wallet,Online,False,None,Stormy,False,360,False,389,311,-78.0,False,2.0
20231134,2024-03-03,Sunday,20345,146,1029,1.0,2285.8,0.19,2285.8,434.302,1851.498,1429.66,421.838,0.22783605491337283,Digital Wallet,Curbside Pickup,True,Manufacturer Rebate,Sunny,False,131,False,378,480,102.0,False,5.0
20231135,2023-06-03,Saturday,20731,139,1014,4.0,227.72,0.0,910.88,0.0,910.88,172.18,222.16,0.24389601264711044,Gift Card,Online,False,None,Windy,False,342,False,279,201,-78.0,False,1.0
20231136,2024-11-12,Tuesday,20428,149,1001,4.0,661.0,0.0,2644.0,0.0,2644.0,419.73,965.08,0.36500756429652037,Credit Card,Curbside Pickup,False,None,Sunny,False,55,False,159,174,15.0,False,4.0
20231137,2024-09-12,Thursday,21060,129,1039,5.0,95.42,0.0,477.1,0.0,477.1,71.53,119.45,0.250366799413121,Gift Card,Mobile App,False,None,Cloudy,False,244,False,319,260,-59.0,True,2.0
20231138,2024-05-22,Wednesday,20108,129,1008,2.0,667.67,0.23,1335.34,307.1282,1028.2118,397.4,233.4118,0.22700750954229476,Gift Card,Online,True,Clearance,Cloudy,False,192,False,325,258,-67.0,False,3.0
20231139,2023-07-04,Tuesday,20066,123,1034,1.0,1526.92,0.08,1526.92,122.1536,1404.7664,1145.68,259.0864,0.1844337962525299,EBT,Mobile App,True,Loyalty Reward,Sunny,True,148,False,225,266,41.0,False,2.0
20231140,2024-02-25,Sunday,20049,114,1022,2.0,309.27,0.14,618.54,86.5956,531.9444,187.99,155.9644,0.2931968077866784,Credit Card,Online,True,Percentage Discount,Cloudy,False,378,False,75,48,-27.0,False,3.0
20231141,2023-01-17,Tuesday,20744,111,1011,2.0,905.16,0.0,1810.32,0.0,1810.32,618.67,572.98,0.3165075787706041,Cash,Curbside Pickup,False,None,Sunny,False,319,False,301,366,65.0,False,4.0
20231142,2023-01-22,Sunday,20930,129,1032,2.0,900.45,0.0,1800.9,0.0,1800.9,572.31,656.28,0.3644177911044479,Debit Card,Curbside Pickup,False,None,Cloudy,False,467,False,247,325,78.0,False,4.0
20231143,2023-11-10,Friday,20970,131,1015,4.0,232.74,0.0,930.96,0.0,930.96,149.38,333.44,0.35816791269227466,Credit Card,Curbside Pickup,False,None,Sunny,False,238,False,91,100,9.0,False,1.0
20231144,2024-12-07,Saturday,21196,141,1015,1.0,259.28,0.12,259.28,31.1136,228.1664,149.38,78.7864,0.34530237580993517,Digital Wallet,Mobile App,True,Percentage Discount,Stormy,False,35,False,176,160,-16.0,False,1.0
20231145,2023-12-28,Thursday,20378,103,1035,4.0,723.74,0.26,2894.96,752.6896,2142.2704,403.28,529.1504,0.2470044864551179,Gift Card,Online,True,Bundle Deal,Rainy,False,185,False,80,53,-27.0,False,3.0
20231146,2023-06-18,Sunday,20830,134,1015,6.0,253.19,0.23,1519.14,349.4022,1169.7378,149.38,273.4578,0.23377700541095614,Gift Card,Curbside Pickup,True,BOGO,Snowy,False,122,False,165,144,-21.0,False,4.0
20231147,2023-11-20,Monday,20067,147,1044,4.0,71.89,0.0,287.56,0.0,287.56,46.06,103.32,0.3592989289191821,Credit Card,Curbside Pickup,False,None,Windy,False,511,False,338,396,58.0,False,5.0
20231148,2024-01-06,Saturday,20791,119,1029,1.0,2240.72,0.25,2240.72,560.18,1680.54,1429.66,250.88,0.1492853487569471,EBT,Curbside Pickup,True,Bundle Deal,Cloudy,False,508,False,402,339,-63.0,False,3.0
20231149,2024-12-30,Monday,20982,134,1036,1.0,1030.53,0.0,1030.53,0.0,1030.53,738.32,292.21,0.28355312315022363,Cash,In-Store,False,None,Rainy,False,66,False,437,451,14.0,False,1.0
20231150,2024-09-01,Sunday,20700,150,1018,3.0,365.11,0.27,1095.33,295.7391,799.5909,198.14,205.1709,0.25659484118691195,Digital Wallet,In-Store,True,Manufacturer Rebate,Rainy,False,427,False,194,239,45.0,False,3.0
20231151,2024-11-09,Saturday,20491,149,1040,3.0,88.63,0.09,265.89,23.9301,241.9599,47.28,100.1199,0.4137871605997522,Digital Wallet,Curbside Pickup,True,Loyalty Reward,Cloudy,False,510,False,75,101,26.0,False,3.0
20231152,2023-03-07,Tuesday,20195,148,1021,5.0,74.56,0.0,372.8,0.0,372.8,45.04,147.6,0.39592274678111594,Debit Card,Mobile App,False,None,Sunny,False,141,False,441,360,-81.0,False,5.0
20231153,2024-12-19,Thursday,20135,124,1008,1.0,659.63,0.21,659.63,138.5223,521.1077,397.4,123.7077,0.2373937287819774,Digital Wallet,Online,True,BOGO,Cloudy,False,327,False,75,62,-13.0,False,1.0
20231154,2023-11-18,Saturday,20768,139,1019,2.0,1302.4,0.0,2604.8,0.0,2604.8,867.36,870.08,0.33402948402948407,EBT,Mobile App,False,None,Sunny,False,168,False,91,98,7.0,False,2.0
20231155,2023-06-19,Monday,20752,108,1014,2.0,222.34,0.13,444.68,57.8084,386.8716,172.18,42.5116,0.10988555375995547,Digital Wallet,In-Store,True,BOGO,Cloudy,False,333,False,278,335,57.0,False,2.0
20231156,2023-11-29,Wednesday,20310,131,1029,1.0,2211.89,0.0,2211.89,0.0,2211.89,1429.66,782.23,0.3536477853781155,EBT,Online,False,None,Stormy,True,261,False,189,128,-61.0,True,1.0
20231157,2023-09-24,Sunday,20923,115,1022,3.0,344.7,0.34,1034.1,351.594,682.506,187.99,118.536,0.17367759404312907,Gift Card,Online,True,Bundle Deal,Snowy,False,80,False,41,39,-2.0,False,2.0
20231158,2023-10-23,Monday,20916,104,1003,2.0,1808.81,0.0,3617.62,0.0,3617.62,1394.94,827.74,0.22880789027039872,Cash,Curbside Pickup,False,None,Windy,False,364,False,136,169,33.0,False,4.0
20231159,2024-12-27,Friday,20837,126,1026,2.0,215.05,0.0,430.1,0.0,430.1,130.01,170.08,0.39544292025110445,Digital Wallet,In-Store,False,None,Rainy,False,207,False,300,274,-26.0,False,5.0
20231160,2023-03-27,Monday,20820,138,1034,2.0,1632.57,0.27,3265.14,881.5878,2383.5522,1145.68,92.1922,0.03867849002845415,Credit Card,Online,True,BOGO,Sunny,False,61,False,156,167,11.0,False,3.0
20231161,2024-04-21,Sunday,20290,145,1036,2.0,1061.69,0.0,2123.38,0.0,2123.38,738.32,646.74,0.30458043308310334,Gift Card,In-Store,False,None,Cloudy,False,387,False,104,138,34.0,False,5.0
20231162,2024-11-03,Sunday,21133,112,1045,7.0,239.94,0.33,1679.58,554.2614,1125.3186,159.92,5.8786,0.0052239428016210105,Credit Card,Online,True,Loyalty Reward,Stormy,False,343,False,178,112,-66.0,True,1.0
20231163,2023-12-09,Saturday,20767,108,1024,2.0,510.88,0.0,1021.76,0.0,1021.76,283.62,454.52,0.4448402756028813,Cash,Mobile App,False,None,Cloudy,False,508,False,201,247,46.0,False,5.0
20231164,2023-11-08,Wednesday,21021,104,1038,7.0,156.87,0.32,1098.09,351.3888,746.7012,88.81,125.0312,0.1674447556800498,Gift Card,Online,True,Manufacturer Rebate,Cloudy,False,380,False,407,253,-154.0,False,4.0
20231165,2023-12-18,Monday,21174,105,1034,1.0,1555.68,0.0,1555.68,0.0,1555.68,1145.68,410.0,0.26355034454386506,Credit Card,In-Store,False,None,Windy,False,146,False,414,520,106.0,False,2.0
20231166,2023-12-29,Friday,20005,130,1006,7.0,263.4,0.25,1843.8,460.95,1382.85,163.55,238.0,0.17210832700582115,Cash,Mobile App,True,Bundle Deal,Sunny,False,420,False,55,66,11.0,False,5.0
20231167,2023-09-09,Saturday,20524,102,1009,2.0,1820.45,0.21,3640.9,764.589,2876.311,1077.88,720.551,0.25051220121885287,Cash,Online,True,Loyalty Reward,Cloudy,False,59,False,106,108,2.0,False,3.0
20231168,2023-12-01,Friday,20949,121,1050,1.0,1361.46,0.0,1361.46,0.0,1361.46,742.28,619.18,0.4547911800567039,Debit Card,Mobile App,False,None,Cloudy,False,511,False,307,431,124.0,False,2.0
20231169,2023-01-21,Saturday,20360,124,1024,1.0,514.9,0.0,514.9,0.0,514.9,283.62,231.28,0.44917459700912793,Gift Card,Online,False,None,Sunny,False,170,False,99,108,9.0,False,4.0
20231170,2024-05-11,Saturday,20905,120,1014,2.0,231.69,0.0,463.38,0.0,463.38,172.18,119.02,0.25685182787345157,Credit Card,Curbside Pickup,False,None,Sunny,False,169,False,305,254,-51.0,False,3.0
20231171,2023-03-04,Saturday,20805,130,1015,5.0,242.26,0.0,1211.3,0.0,1211.3,149.38,464.4,0.38338974655328983,EBT,Mobile App,False,None,Snowy,False,307,False,157,164,7.0,False,2.0
20231172,2024-12-15,Sunday,20268,116,1048,4.0,291.7,0.0,1166.8,0.0,1166.8,184.37,429.32,0.3679465203976688,Credit Card,Mobile App,False,None,Rainy,False,210,False,337,468,131.0,False,5.0
20231173,2023-12-04,Monday,21182,132,1022,2.0,334.57,0.0,669.14,0.0,669.14,187.99,293.16,0.43811459485309495,Credit Card,Online,False,None,Windy,False,323,False,397,369,-28.0,False,3.0
20231174,2023-11-27,Monday,20953,102,1032,2.0,897.44,0.0,1794.88,0.0,1794.88,572.31,650.26,0.3622860581208773,Cash,Curbside Pickup,False,None,Windy,False,109,False,214,273,59.0,False,3.0
20231175,2024-06-24,Monday,20747,133,1031,3.0,563.11,0.0,1689.33,0.0,1689.33,402.09,483.06,0.28594768340111165,Credit Card,Curbside Pickup,False,None,Windy,False,351,False,90,70,-20.0,True,1.0
20231176,2024-12-09,Monday,20458,117,1019,2.0,1322.42,0.06,2644.84,158.6904,2486.1496,867.36,751.4296,0.30224633304447973,Digital Wallet,Mobile App,True,Bundle Deal,Snowy,False,21,True,426,405,-21.0,False,4.0
20231177,2024-03-14,Thursday,20119,141,1008,4.0,628.72,0.0,2514.88,0.0,2514.88,397.4,925.28,0.3679221274971371,Debit Card,In-Store,False,None,Stormy,False,165,False,454,372,-82.0,False,4.0
20231178,2024-07-24,Wednesday,21182,132,1022,4.0,323.13,0.24,1292.52,310.2048,982.3152,187.99,230.3552,0.2345023267480743,Digital Wallet,In-Store,True,Manufacturer Rebate,Stormy,False,404,False,331,224,-107.0,False,2.0
20231179,2024-11-01,Friday,21047,132,1040,2.0,93.73,0.28,187.46,52.4888,134.9712,47.28,40.4112,0.2994060955226004,EBT,Mobile App,True,Manufacturer Rebate,Cloudy,False,69,False,358,436,78.0,False,1.0
20231180,2024-11-29,Friday,20805,105,1047,3.0,405.27,0.0,1215.81,0.0,1215.81,273.17,396.3,0.3259555358156291,Credit Card,In-Store,False,None,Sunny,True,31,False,255,340,85.0,False,4.0
20231181,2024-05-18,Saturday,21009,111,1011,2.0,926.64,0.0,1853.28,0.0,1853.28,618.67,615.94,0.33235129068462405,Cash,In-Store,False,None,Stormy,False,150,False,271,347,76.0,False,3.0
20231182,2023-11-10,Friday,20978,107,1016,2.0,380.64,0.0,761.28,0.0,761.28,263.25,234.78,0.3084016393442623,EBT,Curbside Pickup,False,None,Cloudy,False,430,False,463,534,71.0,False,4.0
20231183,2024-06-23,Sunday,20586,143,1033,2.0,830.49,0.0,1660.98,0.0,1660.98,465.85,729.28,0.43906609351105974,EBT,In-Store,False,None,Cloudy,False,379,False,261,277,16.0,False,5.0
20231184,2023-05-21,Sunday,21040,106,1001,4.0,677.9,0.16,2711.6,433.856,2277.744,419.73,598.824,0.26290224011126784,Debit Card,Online,True,Bundle Deal,Windy,False,63,False,308,236,-72.0,False,1.0
20231185,2024-10-01,Tuesday,20111,121,1014,1.0,232.52,0.0,232.52,0.0,232.52,172.18,60.34,0.2595045587476346,Credit Card,Online,False,None,Snowy,False,278,False,61,56,-5.0,False,2.0
20231186,2024-12-03,Tuesday,20058,123,1035,3.0,771.39,0.19,2314.17,439.6923,1874.4777,403.28,664.6377,0.35457220963471586,Cash,Online,True,Loyalty Reward,Rainy,False,515,False,425,524,99.0,False,2.0
20231187,2024-07-12,Friday,20466,145,1042,4.0,408.0,0.0,1632.0,0.0,1632.0,233.03,699.88,0.42884803921568626,Debit Card,In-Store,False,None,Cloudy,False,365,False,132,141,9.0,False,5.0
20231188,2024-11-27,Wednesday,20024,142,1003,1.0,1956.15,0.21,1956.15,410.7915,1545.3585,1394.94,150.4185,0.09733566677246736,EBT,Online,True,Bundle Deal,Cloudy,False,163,False,320,383,63.0,True,1.0
20231189,2023-03-30,Thursday,20089,132,1019,2.0,1361.07,0.0,2722.14,0.0,2722.14,867.36,987.42,0.3627366704137186,Gift Card,In-Store,False,None,Sunny,False,150,False,107,74,-33.0,False,1.0
20231190,2024-12-03,Tuesday,20870,120,1016,1.0,368.76,0.0,368.76,0.0,368.76,263.25,105.51,0.28612105434428897,Digital Wallet,Curbside Pickup,False,None,Sunny,False,412,False,452,307,-145.0,False,2.0
20231191,2024-08-07,Wednesday,20502,138,1023,1.0,132.05,0.21,132.05,27.7305,104.3195,70.74,33.5795,0.32189092163977023,Cash,Curbside Pickup,True,Bundle Deal,Sunny,False,26,False,212,305,93.0,False,5.0
20231192,2023-04-10,Monday,20283,110,1034,2.0,1640.3,0.0,3280.6,0.0,3280.6,1145.68,989.24,0.301542400780345,EBT,Online,False,None,Stormy,False,398,False,314,447,133.0,False,1.0
20231193,2024-06-16,Sunday,20026,113,1050,2.0,1332.3,0.21,2664.6,559.566,2105.034,742.28,620.474,0.2947572343249563,Digital Wallet,Curbside Pickup,True,Clearance,Windy,False,8,True,143,110,-33.0,False,1.0
20231194,2024-08-03,Saturday,20699,110,1046,2.0,573.59,0.0,1147.18,0.0,1147.18,345.33,456.52,0.3979497550515177,Cash,Curbside Pickup,False,None,Stormy,False,149,False,365,298,-67.0,False,1.0
20231195,2024-11-25,Monday,20310,131,1013,6.0,169.57,0.08,1017.42,81.3936,936.0264,118.75,223.5264,0.2388035209263328,Debit Card,Curbside Pickup,True,Bundle Deal,Cloudy,False,149,False,300,327,27.0,False,2.0
20231196,2024-05-13,Monday,20331,149,1001,4.0,681.41,0.24,2725.64,654.1536,2071.4864,419.73,392.5664,0.1895095232100002,Credit Card,In-Store,True,Bundle Deal,Cloudy,False,452,False,328,368,40.0,False,1.0
20231197,2023-08-27,Sunday,20008,137,1028,1.0,794.92,0.0,794.92,0.0,794.92,494.36,300.56,0.3781009409751924,EBT,Curbside Pickup,False,None,Cloudy,False,429,False,407,433,26.0,False,3.0
20231198,2024-11-15,Friday,21037,131,1042,2.0,407.82,0.26,815.64,212.0664,603.5736,233.03,137.5136,0.22783236377469118,Cash,Online,True,Bundle Deal,Sunny,False,446,False,290,376,86.0,False,2.0
20231199,2024-10-21,Monday,20652,129,1037,4.0,374.92,0.05,1499.68,74.984,1424.696,270.26,343.656,0.24121356415684478,Cash,Curbside Pickup,True,Manufacturer Rebate,Rainy,False,77,False,407,484,77.0,True,1.0
20231200,2023-04-10,Monday,20050,114,1006,4.0,273.86,0.0,1095.44,0.0,1095.44,163.55,441.24,0.4027970495873804,Debit Card,In-Store,False,None,Snowy,False,102,False,164,210,46.0,False,4.0
20231201,2024-12-06,Friday,20919,138,1012,4.0,252.66,0.28,1010.64,282.9792,727.6608,173.37,34.1808,0.046973534921765564,EBT,In-Store,True,BOGO,Sunny,False,5,True,416,463,47.0,False,1.0
20231202,2024-01-16,Tuesday,20324,133,1040,1.0,93.66,0.0,93.66,0.0,93.66,47.28,46.38,0.49519538757206916,Digital Wallet,Curbside Pickup,False,None,Rainy,False,317,False,208,263,55.0,False,3.0
20231203,2023-12-19,Tuesday,20299,138,1010,2.0,407.22,0.0,814.44,0.0,814.44,261.42,291.6,0.35803742448799175,Digital Wallet,Online,False,None,Windy,False,136,False,426,392,-34.0,False,2.0
20231204,2023-01-04,Wednesday,21197,134,1037,1.0,377.21,0.0,377.21,0.0,377.21,270.26,106.95,0.2835290686885289,Gift Card,Curbside Pickup,False,None,Cloudy,False,87,False,326,254,-72.0,False,4.0
20231205,2024-08-27,Tuesday,20440,124,1034,2.0,1522.61,0.0,3045.22,0.0,3045.22,1145.68,753.86,0.2475551848470717,Debit Card,Online,False,None,Sunny,False,429,False,325,253,-72.0,False,1.0
20231206,2024-05-31,Friday,20981,139,1033,2.0,804.48,0.0,1608.96,0.0,1608.96,465.85,677.26,0.4209302903739061,Digital Wallet,Mobile App,False,None,Sunny,False,140,False,471,297,-174.0,False,3.0
20231207,2023-08-17,Thursday,20429,126,1018,3.0,345.34,0.0,1036.02,0.0,1036.02,198.14,441.6,0.4262465975560318,EBT,Online,False,None,Windy,False,205,False,465,465,0.0,False,4.0
20231208,2023-10-21,Saturday,20137,143,1024,2.0,488.59,0.0,977.18,0.0,977.18,283.62,409.94,0.4195132933543461,EBT,Online,False,None,Windy,False,249,False,469,367,-102.0,False,2.0
20231209,2024-03-18,Monday,20030,135,1005,2.0,1113.21,0.0,2226.42,0.0,2226.42,774.22,677.98,0.3045157697110159,Cash,In-Store,False,None,Cloudy,False,195,False,473,661,188.0,False,4.0
20231210,2023-11-06,Monday,20617,137,1041,4.0,637.57,0.0,2550.28,0.0,2550.28,486.05,606.08,0.23765233621406281,Cash,Curbside Pickup,False,None,Cloudy,False,33,False,26,19,-7.0,False,5.0
20231211,2023-11-18,Saturday,20588,114,1003,1.0,1883.32,0.0,1883.32,0.0,1883.32,1394.94,488.38,0.2593186500435401,Debit Card,Online,False,None,Cloudy,False,336,False,25,22,-3.0,False,3.0
20231212,2023-03-13,Monday,20750,145,1013,5.0,183.5,0.08,917.5,73.4,844.1,118.75,250.35,0.296588081980808,Credit Card,Curbside Pickup,True,Bundle Deal,Sunny,False,45,False,436,537,101.0,False,2.0
20231213,2023-06-29,Thursday,20742,108,1029,1.0,2063.07,0.0,2063.07,0.0,2063.07,1429.66,633.41,0.3070230287871958,Digital Wallet,In-Store,False,None,Cloudy,False,439,False,431,411,-20.0,True,4.0
20231214,2024-05-13,Monday,20126,116,1021,7.0,81.51,0.26,570.57,148.3482,422.2218,45.04,106.9418,0.25328346380977973,EBT,Online,True,Bundle Deal,Sunny,False,114,False,341,267,-74.0,False,5.0
20231215,2024-04-02,Tuesday,20523,135,1039,2.0,102.07,0.11,204.14,22.4554,181.6846,71.53,38.6246,0.21259149096841443,Cash,Online,True,Loyalty Reward,Sunny,False,179,False,73,58,-15.0,False,5.0
20231216,2023-10-24,Tuesday,20999,126,1035,1.0,772.54,0.0,772.54,0.0,772.54,403.28,369.26,0.477981722629249,Gift Card,Online,False,None,Sunny,False,189,False,383,298,-85.0,False,3.0
20231217,2024-05-14,Tuesday,21160,129,1030,2.0,906.51,0.12,1813.02,217.5624,1595.4576,569.19,457.0776,0.28648683612776665,Credit Card,Online,True,Manufacturer Rebate,Windy,False,445,False,407,472,65.0,True,1.0
20231218,2024-11-12,Tuesday,20422,141,1034,1.0,1524.0,0.16,1524.0,243.84,1280.16,1145.68,134.48,0.1050493688288964,Debit Card,In-Store,True,Percentage Discount,Sunny,False,175,False,296,386,90.0,False,4.0
20231219,2023-12-30,Saturday,20421,108,1043,5.0,124.32,0.0,621.6,0.0,621.6,75.88,242.2,0.3896396396396396,Gift Card,Curbside Pickup,False,None,Snowy,False,392,False,448,542,94.0,False,4.0
20231220,2024-08-27,Tuesday,20034,110,1004,4.0,716.33,0.0,2865.32,0.0,2865.32,445.03,1085.2,0.37873605740371064,Digital Wallet,Online,False,None,Sunny,False,178,False,371,375,4.0,True,5.0
20231221,2023-08-22,Tuesday,20395,114,1002,2.0,1256.31,0.0,2512.62,0.0,2512.62,759.3,994.02,0.39561095589464385,Debit Card,Mobile App,False,None,Stormy,False,202,False,153,194,41.0,False,5.0
20231222,2023-07-12,Wednesday,20837,126,1029,2.0,2185.25,0.0,4370.5,0.0,4370.5,1429.66,1511.18,0.34576821873927466,Credit Card,Curbside Pickup,False,None,Rainy,False,434,False,406,502,96.0,False,1.0
20231223,2023-04-17,Monday,20648,106,1018,4.0,360.26,0.0,1441.04,0.0,1441.04,198.14,648.48,0.4500083273191584,Cash,Online,False,None,Snowy,False,188,False,430,365,-65.0,False,3.0
20231224,2024-03-04,Monday,20502,138,1008,4.0,633.41,0.0,2533.64,0.0,2533.64,397.4,944.04,0.37260226393647083,Digital Wallet,Mobile App,False,None,Sunny,False,134,False,34,21,-13.0,False,1.0
20231225,2023-08-14,Monday,20570,124,1032,1.0,980.46,0.0,980.46,0.0,980.46,572.31,408.15,0.4162841931338352,Cash,Online,False,None,Cloudy,False,516,False,226,261,35.0,False,4.0
20231226,2023-05-13,Saturday,20960,140,1018,1.0,336.3,0.0,336.3,0.0,336.3,198.14,138.16,0.4108236693428487,Digital Wallet,Online,False,None,Sunny,False,167,False,71,95,24.0,False,5.0
20231227,2024-10-10,Thursday,21147,117,1039,6.0,97.36,0.0,584.16,0.0,584.16,71.53,154.98,0.26530402629416594,Digital Wallet,In-Store,False,None,Cloudy,False,35,False,451,378,-73.0,False,3.0
20231228,2024-08-03,Saturday,20995,110,1006,2.0,269.53,0.12,539.06,64.6872,474.3728,163.55,147.2728,0.31045793519358605,Credit Card,Curbside Pickup,True,Manufacturer Rebate,Snowy,False,70,False,202,276,74.0,False,5.0
20231229,2023-09-17,Sunday,20745,131,1024,2.0,476.27,0.18,952.54,171.4572,781.0828,283.62,213.8428,0.2737773767390601,Credit Card,Curbside Pickup,True,Clearance,Snowy,False,278,False,297,259,-38.0,False,5.0
20231230,2023-12-05,Tuesday,20154,128,1013,7.0,184.71,0.0,1292.97,0.0,1292.97,118.75,461.72,0.3571003194196308,Digital Wallet,In-Store,False,None,Cloudy,False,17,True,472,385,-87.0,False,3.0
20231231,2024-11-09,Saturday,21071,132,1005,1.0,1084.28,0.0,1084.28,0.0,1084.28,774.22,310.06,0.2859593462943151,Gift Card,Mobile App,False,None,Cloudy,False,207,False,300,291,-9.0,False,1.0
20231232,2023-11-26,Sunday,20089,132,1026,1.0,239.79,0.0,239.79,0.0,239.79,130.01,109.78,0.4578172567663372,Debit Card,Online,False,None,Windy,False,503,False,75,78,3.0,True,5.0
20231233,2024-04-20,Saturday,21163,147,1043,6.0,116.14,0.0,696.84,0.0,696.84,75.88,241.56,0.3466505941105563,Cash,Curbside Pickup,False,None,Windy,False,341,False,429,484,55.0,False,5.0
20231234,2024-05-10,Friday,20130,101,1021,2.0,80.11,0.23,160.22,36.8506,123.3694,45.04,33.2894,0.26983514550609794,Gift Card,Curbside Pickup,True,Bundle Deal,Cloudy,False,321,False,135,193,58.0,False,2.0
20231235,2023-07-03,Monday,20918,138,1004,3.0,667.67,0.0,2003.01,0.0,2003.01,445.03,667.92,0.333458145491036,Gift Card,In-Store,False,None,Stormy,False,389,False,172,150,-22.0,False,2.0
20231236,2024-07-28,Sunday,20200,145,1044,1.0,69.33,0.3,69.33,20.799,48.531,46.06,2.471,0.05091590941872198,Cash,Mobile App,True,Bundle Deal,Windy,False,223,False,42,28,-14.0,False,3.0
20231237,2023-02-27,Monday,20217,139,1011,2.0,933.36,0.0,1866.72,0.0,1866.72,618.67,629.38,0.3371582240507415,Cash,In-Store,False,None,Rainy,False,0,True,243,329,86.0,False,4.0
20231238,2024-08-03,Saturday,20263,101,1021,5.0,78.52,0.07,392.6,27.482,365.118,45.04,139.918,0.38321309823125665,Gift Card,Mobile App,True,Loyalty Reward,Cloudy,False,394,False,147,202,55.0,False,5.0
20231239,2024-06-22,Saturday,20239,145,1046,4.0,557.93,0.0,2231.72,0.0,2231.72,345.33,850.4,0.38105138637463476,Credit Card,In-Store,False,None,Snowy,False,305,False,269,255,-14.0,False,2.0
20231240,2024-11-14,Thursday,20779,105,1050,2.0,1298.66,0.0,2597.32,0.0,2597.32,742.28,1112.76,0.42842622395392177,Credit Card,Online,False,None,Windy,False,224,False,194,216,22.0,False,2.0
20231241,2023-03-01,Wednesday,20285,149,1008,3.0,658.63,0.14,1975.89,276.6246,1699.2654,397.4,507.0654,0.29840270978270966,Debit Card,Curbside Pickup,True,Bundle Deal,Snowy,False,90,False,169,179,10.0,False,2.0
20231242,2023-12-14,Thursday,20083,145,1001,4.0,617.38,0.0,2469.52,0.0,2469.52,419.73,790.6,0.32014318572030187,Credit Card,Curbside Pickup,False,None,Cloudy,False,353,False,456,330,-126.0,False,5.0
20231243,2023-02-08,Wednesday,21109,136,1036,1.0,1060.31,0.0,1060.31,0.0,1060.31,738.32,321.99,0.30367534023068715,Credit Card,Online,False,None,Sunny,False,83,False,474,653,179.0,False,3.0
20231244,2023-07-14,Friday,20172,134,1033,1.0,884.27,0.0,884.27,0.0,884.27,465.85,418.42,0.4731812681647008,Digital Wallet,Mobile App,False,None,Snowy,False,129,False,191,135,-56.0,False,1.0
20231245,2024-10-28,Monday,20545,132,1024,1.0,519.38,0.0,519.38,0.0,519.38,283.62,235.76,0.45392583464900454,Cash,Online,False,None,Sunny,False,168,False,44,63,19.0,False,4.0
20231246,2023-05-24,Wednesday,20173,144,1001,4.0,645.37,0.0,2581.48,0.0,2581.48,419.73,902.56,0.3496288950524505,EBT,Mobile App,False,None,Windy,False,229,False,62,43,-19.0,False,5.0
20231247,2023-12-21,Thursday,21001,133,1009,2.0,1727.05,0.0,3454.1,0.0,3454.1,1077.88,1298.34,0.37588373237601685,Cash,Curbside Pickup,False,None,Windy,False,266,False,67,58,-9.0,False,1.0
20231248,2024-11-03,Sunday,20608,109,1011,2.0,890.17,0.31,1780.34,551.9054,1228.4346,618.67,-8.9054,-0.007249388774949739,Debit Card,Curbside Pickup,True,Manufacturer Rebate,Snowy,False,418,False,39,42,3.0,False,3.0
20231249,2024-03-29,Friday,20786,141,1021,6.0,83.31,0.0,499.86,0.0,499.86,45.04,229.62,0.45936862321450006,Cash,Mobile App,False,None,Cloudy,False,208,False,423,463,40.0,False,3.0
20231250,2024-05-18,Saturday,20599,144,1016,2.0,393.99,0.17,787.98,133.9566,654.0234,263.25,127.5234,0.19498293180335755,EBT,Mobile App,True,BOGO,Cloudy,False,508,False,425,553,128.0,True,2.0
20231251,2024-09-10,Tuesday,20897,140,1029,2.0,2264.2,0.0,4528.4,0.0,4528.4,1429.66,1669.08,0.36858051408886133,Digital Wallet,Mobile App,False,None,Snowy,False,239,False,327,376,49.0,False,2.0
20231252,2024-12-16,Monday,20635,101,1041,2.0,621.31,0.0,1242.62,0.0,1242.62,486.05,270.52,0.21770130852553468,EBT,Online,False,None,Cloudy,False,434,False,410,267,-143.0,False,2.0
20231253,2023-08-08,Tuesday,21177,106,1027,3.0,56.75,0.12,170.25,20.43,149.82,37.44,37.5,0.250300360432519,Gift Card,In-Store,True,Clearance,Snowy,False,58,False,248,264,16.0,False,1.0
20231254,2023-12-15,Friday,21150,117,1045,6.0,213.18,0.23,1279.08,294.1884,984.8916,159.92,25.3716,0.02576080453930153,Digital Wallet,Online,True,Manufacturer Rebate,Stormy,False,177,False,277,343,66.0,False,4.0
20231255,2023-07-26,Wednesday,20872,144,1013,4.0,169.31,0.09,677.24,60.9516,616.2884,118.75,141.2884,0.2292569517777716,Credit Card,Mobile App,True,BOGO,Sunny,False,67,False,202,249,47.0,False,4.0
20231256,2024-07-29,Monday,20959,116,1044,6.0,69.73,0.2,418.38,83.676,334.704,46.06,58.344,0.17431521583249676,Digital Wallet,Mobile App,True,BOGO,Sunny,False,110,False,419,533,114.0,False,5.0
20231257,2023-11-27,Monday,20326,109,1050,1.0,1238.99,0.0,1238.99,0.0,1238.99,742.28,496.71,0.4008991194440633,Cash,Mobile App,False,None,Sunny,False,311,False,253,344,91.0,False,2.0
20231258,2024-11-17,Sunday,20121,116,1017,5.0,130.15,0.0,650.75,0.0,650.75,93.3,184.25,0.2831348444102958,EBT,Curbside Pickup,False,None,Sunny,False,213,False,220,204,-16.0,False,2.0
20231259,2023-06-21,Wednesday,20628,111,1010,2.0,396.63,0.0,793.26,0.0,793.26,261.42,270.42,0.340897057711217,EBT,Online,False,None,Sunny,False,1,True,379,364,-15.0,False,1.0
20231260,2024-10-01,Tuesday,20688,110,1037,4.0,416.75,0.2,1667.0,333.4,1333.6,270.26,252.56,0.18938212357528492,EBT,In-Store,True,Loyalty Reward,Windy,False,320,False,242,282,40.0,False,2.0
20231261,2023-04-26,Wednesday,21037,142,1015,3.0,246.99,0.16,740.97,118.5552,622.4148,149.38,174.2748,0.2799978406683132,Credit Card,Curbside Pickup,True,Clearance,Stormy,False,10,True,123,164,41.0,False,4.0
20231262,2024-05-22,Wednesday,20254,130,1040,6.0,92.56,0.0,555.36,0.0,555.36,47.28,271.68,0.4891961970613656,Digital Wallet,In-Store,False,None,Sunny,False,417,False,152,186,34.0,False,3.0
20231263,2024-02-26,Monday,20224,126,1007,1.0,1064.96,0.0,1064.96,0.0,1064.96,637.12,427.84,0.4017427884615385,EBT,Online,False,None,Snowy,False,414,False,194,243,49.0,False,4.0
20231264,2023-09-06,Wednesday,20725,140,1046,3.0,555.0,0.0,1665.0,0.0,1665.0,345.33,629.01,0.3777837837837838,Gift Card,Mobile App,False,None,Stormy,False,56,False,221,153,-68.0,False,4.0
20231265,2024-10-14,Monday,20275,144,1005,2.0,1156.05,0.0,2312.1,0.0,2312.1,774.22,763.66,0.330288482332079,Cash,In-Store,False,None,Windy,False,349,False,324,260,-64.0,False,2.0
20231266,2023-11-10,Friday,20057,143,1022,4.0,337.15,0.0,1348.6,0.0,1348.6,187.99,596.64,0.44241435562805864,Debit Card,In-Store,False,None,Windy,False,368,False,246,225,-21.0,False,4.0
20231267,2024-01-14,Sunday,21105,142,1012,4.0,241.6,0.0,966.4,0.0,966.4,173.37,272.92,0.282408940397351,Digital Wallet,In-Store,False,None,Stormy,False,179,False,275,196,-79.0,False,4.0
20231268,2024-07-25,Thursday,20372,122,1018,3.0,335.32,0.09,1005.96,90.5364,915.4236,198.14,321.0036,0.35066126763609773,Credit Card,Curbside Pickup,True,Bundle Deal,Cloudy,False,372,False,419,536,117.0,False,2.0
20231269,2023-08-22,Tuesday,21003,148,1022,3.0,310.83,0.17,932.49,158.5233,773.9667,187.99,209.9967,0.2713252391866471,Cash,Online,True,Percentage Discount,Rainy,False,413,False,190,222,32.0,False,5.0
20231270,2023-08-28,Monday,20697,111,1019,1.0,1260.17,0.0,1260.17,0.0,1260.17,867.36,392.81,0.31171191188490444,Cash,Online,False,None,Sunny,False,505,False,165,119,-46.0,False,4.0
20231271,2024-11-13,Wednesday,21014,126,1016,2.0,367.61,0.0,735.22,0.0,735.22,263.25,208.72,0.2838878158918419,Digital Wallet,Mobile App,False,None,Cloudy,False,393,False,378,334,-44.0,False,4.0
20231272,2024-03-13,Wednesday,20722,149,1005,1.0,1106.62,0.31,1106.62,343.0522,763.5678,774.22,-10.6522,-0.013950562084991154,Digital Wallet,Mobile App,True,Manufacturer Rebate,Stormy,False,488,False,308,309,1.0,False,1.0
20231273,2024-07-02,Tuesday,20269,116,1032,1.0,909.93,0.0,909.93,0.0,909.93,572.31,337.62,0.3710395305133362,Credit Card,Curbside Pickup,False,None,Sunny,False,135,False,413,380,-33.0,False,3.0
20231274,2023-01-16,Monday,20443,121,1034,2.0,1512.19,0.0,3024.38,0.0,3024.38,1145.68,733.02,0.24237033706081906,Cash,Mobile App,False,None,Cloudy,False,446,False,72,45,-27.0,False,3.0
20231275,2023-01-11,Wednesday,20359,131,1049,6.0,160.13,0.0,960.78,0.0,960.78,117.26,257.22,0.2677199775182663,Digital Wallet,Mobile App,False,None,Snowy,False,7,True,452,515,63.0,False,1.0
20231276,2023-11-01,Wednesday,20946,121,1030,2.0,910.36,0.0,1820.72,0.0,1820.72,569.19,682.34,0.3747638296937475,Digital Wallet,Mobile App,False,None,Stormy,False,177,False,315,286,-29.0,False,5.0
20231277,2023-12-17,Sunday,20214,124,1048,7.0,259.52,0.09,1816.64,163.4976,1653.1424,184.37,362.5524,0.21931105269576281,Gift Card,Mobile App,True,Percentage Discount,Sunny,False,305,False,153,105,-48.0,False,2.0
20231278,2024-11-15,Friday,20980,132,1027,6.0,58.25,0.33,349.5,115.335,234.165,37.44,9.525,0.04067644609570178,Credit Card,Mobile App,True,Loyalty Reward,Rainy,False,48,False,317,399,82.0,False,4.0
20231279,2023-09-06,Wednesday,20891,139,1035,3.0,759.19,0.0,2277.57,0.0,2277.57,403.28,1067.73,0.46880227611006475,Cash,Online,False,None,Cloudy,False,482,False,414,440,26.0,False,2.0
20231280,2024-07-26,Friday,20038,125,1044,5.0,67.1,0.0,335.5,0.0,335.5,46.06,105.2,0.31356184798807746,Debit Card,Mobile App,False,None,Stormy,False,188,False,404,506,102.0,False,3.0
20231281,2024-01-31,Wednesday,20251,143,1012,3.0,242.75,0.0,728.25,0.0,728.25,173.37,208.14,0.2858084449021627,Digital Wallet,Online,False,None,Stormy,False,419,False,167,151,-16.0,False,5.0
20231282,2023-06-21,Wednesday,20951,147,1008,3.0,661.07,0.0,1983.21,0.0,1983.21,397.4,791.01,0.39885337407536275,Gift Card,In-Store,False,None,Windy,False,517,False,184,219,35.0,False,2.0
20231283,2024-10-18,Friday,20813,128,1033,1.0,794.91,0.25,794.91,198.7275,596.1825,465.85,130.3325,0.21861175059650356,Gift Card,Online,True,Loyalty Reward,Windy,False,109,False,399,292,-107.0,False,3.0
20231284,2024-04-23,Tuesday,20482,113,1034,1.0,1487.09,0.22,1487.09,327.1598,1159.9302,1145.68,14.2502,0.012285394414250056,Digital Wallet,Online,True,Clearance,Sunny,False,409,False,326,278,-48.0,False,5.0
20231285,2024-08-08,Thursday,21150,142,1050,2.0,1281.25,0.24,2562.5,615.0,1947.5,742.28,462.94,0.23770988446726576,Cash,Online,True,BOGO,Sunny,False,85,False,333,274,-59.0,False,1.0
20231286,2023-10-14,Saturday,20258,123,1047,4.0,373.78,0.0,1495.12,0.0,1495.12,273.17,402.44,0.2691690299106425,Cash,Mobile App,False,None,Cloudy,False,201,False,165,195,30.0,False,3.0
20231287,2024-11-04,Monday,20288,124,1020,4.0,350.6,0.0,1402.4,0.0,1402.4,190.07,642.12,0.457872219053052,EBT,Mobile App,False,None,Rainy,False,206,False,350,230,-120.0,False,3.0
20231288,2023-08-20,Sunday,20627,115,1047,1.0,406.89,0.0,406.89,0.0,406.89,273.17,133.72,0.3286391899530585,EBT,Mobile App,False,None,Stormy,False,402,False,338,419,81.0,False,2.0
20231289,2024-11-28,Thursday,20048,148,1033,2.0,820.77,0.0,1641.54,0.0,1641.54,465.85,709.84,0.4324232123493792,Gift Card,In-Store,False,None,Snowy,True,53,False,451,422,-29.0,False,5.0
20231290,2024-11-21,Thursday,20603,112,1046,4.0,567.73,0.28,2270.92,635.8576,1635.0624,345.33,253.7424,0.1551882056611418,Cash,In-Store,True,Loyalty Reward,Stormy,False,316,False,239,188,-51.0,False,2.0
20231291,2024-10-17,Thursday,20047,106,1042,1.0,446.65,0.0,446.65,0.0,446.65,233.03,213.62,0.47827157729766034,Digital Wallet,Online,False,None,Windy,False,70,False,458,304,-154.0,False,2.0
20231292,2023-09-05,Tuesday,20466,145,1040,4.0,86.09,0.0,344.36,0.0,344.36,47.28,155.24,0.4508072946916018,Debit Card,Mobile App,False,None,Windy,False,514,False,90,76,-14.0,False,1.0
20231293,2024-01-14,Sunday,20917,148,1036,2.0,1095.9,0.0,2191.8,0.0,2191.8,738.32,715.16,0.326288894972169,Debit Card,Curbside Pickup,False,None,Windy,False,135,False,162,226,64.0,True,2.0
20231294,2023-07-26,Wednesday,21031,135,1008,4.0,657.58,0.0,2630.32,0.0,2630.32,397.4,1040.72,0.3956628851242435,Digital Wallet,In-Store,False,None,Cloudy,False,115,False,146,178,32.0,False,5.0
20231295,2023-02-06,Monday,20955,116,1005,2.0,1083.22,0.0,2166.44,0.0,2166.44,774.22,618.0,0.2852606118793966,Digital Wallet,Online,False,None,Stormy,False,282,False,386,363,-23.0,False,1.0
20231296,2023-09-22,Friday,20168,119,1028,2.0,800.38,0.0,1600.76,0.0,1600.76,494.36,612.04,0.38234338689122666,Debit Card,Mobile App,False,None,Sunny,False,412,False,240,280,40.0,True,3.0
20231297,2024-07-27,Saturday,20764,143,1002,2.0,1210.4,0.27,2420.8,653.616,1767.184,759.3,248.584,0.1406667330623185,Gift Card,In-Store,True,Clearance,Stormy,False,388,False,299,355,56.0,True,5.0
20231298,2024-11-05,Tuesday,21192,113,1033,2.0,790.25,0.31,1580.5,489.955,1090.545,465.85,158.845,0.14565652953339844,Credit Card,Online,True,Clearance,Cloudy,False,135,False,299,278,-21.0,False,2.0
20231299,2023-01-09,Monday,20815,125,1022,3.0,332.46,0.35,997.38,349.083,648.297,187.99,84.327,0.1300746417151398,EBT,Mobile App,True,Clearance,Windy,False,160,False,118,102,-16.0,False,5.0
20231300,2024-12-13,Friday,20155,122,1050,2.0,1245.67,0.0,2491.34,0.0,2491.34,742.28,1006.78,0.40411184342562645,Gift Card,In-Store,False,None,Cloudy,False,306,False,308,408,100.0,False,2.0
20231301,2023-08-11,Friday,20875,123,1045,7.0,214.95,0.0,1504.65,0.0,1504.65,159.92,385.21,0.25601302628518263,Debit Card,In-Store,False,None,Sunny,False,237,False,24,23,-1.0,False,5.0
20231302,2024-07-04,Thursday,20192,101,1017,1.0,126.21,0.0,126.21,0.0,126.21,93.3,32.91,0.2607558830520561,EBT,In-Store,False,None,Cloudy,True,459,False,88,87,-1.0,False,5.0
20231303,2023-09-24,Sunday,20677,111,1036,2.0,1136.04,0.16,2272.08,363.5328,1908.5472,738.32,431.9072,0.2263015554448954,Gift Card,Curbside Pickup,True,Clearance,Rainy,False,111,False,378,423,45.0,False,5.0
20231304,2024-03-20,Wednesday,20042,143,1040,4.0,90.65,0.0,362.6,0.0,362.6,47.28,173.48,0.47843353557639273,Gift Card,Curbside Pickup,False,None,Sunny,False,269,False,479,345,-134.0,False,2.0
20231305,2023-11-26,Sunday,20001,129,1004,4.0,727.07,0.0,2908.28,0.0,2908.28,445.03,1128.16,0.38791313078520645,Gift Card,Mobile App,False,None,Sunny,False,126,False,77,103,26.0,False,5.0
20231306,2024-02-12,Monday,21075,132,1003,1.0,1805.55,0.0,1805.55,0.0,1805.55,1394.94,410.61,0.22741546897067372,Digital Wallet,Online,False,None,Rainy,False,273,False,159,160,1.0,False,2.0
20231307,2024-12-29,Sunday,20016,108,1012,4.0,247.31,0.0,989.24,0.0,989.24,173.37,295.76,0.29897699243863973,EBT,Curbside Pickup,False,None,Cloudy,False,102,False,186,229,43.0,False,3.0
20231308,2024-10-13,Sunday,20887,138,1033,2.0,832.11,0.0,1664.22,0.0,1664.22,465.85,732.52,0.4401581521673817,EBT,Curbside Pickup,False,None,Sunny,False,163,False,182,255,73.0,False,5.0
20231309,2023-05-09,Tuesday,20588,114,1011,2.0,873.04,0.0,1746.08,0.0,1746.08,618.67,508.74,0.29136122056263175,Gift Card,Mobile App,False,None,Rainy,False,105,False,161,149,-12.0,True,3.0
20231310,2024-09-22,Sunday,20393,110,1024,3.0,523.45,0.1,1570.35,157.035,1413.315,283.62,562.455,0.39796860572483844,Gift Card,Curbside Pickup,True,Clearance,Windy,False,55,False,375,226,-149.0,False,2.0
20231311,2024-08-18,Sunday,20524,102,1029,2.0,2050.83,0.27,4101.66,1107.4482,2994.2118,1429.66,134.8918,0.045050854451912814,Debit Card,Mobile App,True,Manufacturer Rebate,Cloudy,False,515,False,45,57,12.0,False,5.0
20231312,2024-03-19,Tuesday,21057,105,1019,2.0,1336.74,0.26,2673.48,695.1048,1978.3752,867.36,243.6552,0.12315924704272473,Digital Wallet,Curbside Pickup,True,Loyalty Reward,Sunny,False,79,False,173,107,-66.0,False,5.0
20231313,2023-10-21,Saturday,20203,122,1008,3.0,662.63,0.0,1987.89,0.0,1987.89,397.4,795.69,0.40026862653366135,EBT,Mobile App,False,None,Cloudy,False,266,False,412,523,111.0,False,5.0
20231314,2024-02-05,Monday,20555,141,1031,4.0,548.17,0.31,2192.68,679.7308,1512.9492,402.09,-95.4108,-0.06306279153325166,Digital Wallet,Online,True,Loyalty Reward,Sunny,False,320,False,160,205,45.0,False,4.0
20231315,2023-07-01,Saturday,20577,129,1015,3.0,252.06,0.0,756.18,0.0,756.18,149.38,308.04,0.4073633261921765,EBT,Online,False,None,Rainy,False,249,False,317,404,87.0,False,3.0
20231316,2023-06-08,Thursday,20866,118,1030,1.0,855.08,0.0,855.08,0.0,855.08,569.19,285.89,0.33434298545165364,Gift Card,In-Store,False,None,Stormy,False,17,True,434,405,-29.0,False,2.0
20231317,2023-08-18,Friday,20357,101,1029,1.0,2194.77,0.0,2194.77,0.0,2194.77,1429.66,765.11,0.3486060042737963,Digital Wallet,Online,False,None,Sunny,False,472,False,382,462,80.0,False,1.0
20231318,2023-02-21,Tuesday,20261,135,1034,2.0,1676.76,0.0,3353.52,0.0,3353.52,1145.68,1062.16,0.31672988382356443,Digital Wallet,In-Store,False,None,Stormy,False,432,False,191,161,-30.0,False,1.0
20231319,2023-03-10,Friday,20248,150,1010,2.0,417.17,0.0,834.34,0.0,834.34,261.42,311.5,0.37334899441474695,Credit Card,Online,False,None,Snowy,False,250,False,393,459,66.0,False,2.0
20231320,2023-02-15,Wednesday,20644,124,1046,3.0,570.56,0.0,1711.68,0.0,1711.68,345.33,675.69,0.394752523836231,EBT,Online,False,None,Rainy,False,240,False,409,587,178.0,False,4.0
20231321,2023-06-21,Wednesday,21148,120,1034,1.0,1554.19,0.0,1554.19,0.0,1554.19,1145.68,408.51,0.26284431118460416,Credit Card,Curbside Pickup,False,None,Cloudy,False,75,False,199,288,89.0,False,4.0
20231322,2024-01-02,Tuesday,20587,109,1019,2.0,1228.69,0.3,2457.38,737.214,1720.166,867.36,-14.554,-0.008460811340300795,Gift Card,Curbside Pickup,True,Loyalty Reward,Cloudy,False,182,False,477,614,137.0,False,4.0
20231323,2023-08-29,Tuesday,21176,150,1025,4.0,543.63,0.21,2174.52,456.6492,1717.8708,301.28,512.7508,0.2984804212284184,Digital Wallet,Online,True,Bundle Deal,Snowy,False,408,False,399,310,-89.0,False,1.0
20231324,2023-07-22,Saturday,20614,140,1050,1.0,1282.16,0.0,1282.16,0.0,1282.16,742.28,539.88,0.42107069320521623,Digital Wallet,Curbside Pickup,False,None,Windy,False,186,False,325,265,-60.0,False,3.0
20231325,2023-11-10,Friday,20801,111,1006,3.0,264.7,0.0,794.1,0.0,794.1,163.55,303.45,0.3821307140158669,Gift Card,Mobile App,False,None,Sunny,False,491,False,410,259,-151.0,False,2.0
20231326,2024-09-18,Wednesday,20208,101,1004,3.0,703.74,0.22,2111.22,464.4684,1646.7516,445.03,311.6616,0.18925841638775412,Digital Wallet,Mobile App,True,Clearance,Rainy,False,361,False,320,318,-2.0,False,4.0
20231327,2024-01-19,Friday,20553,111,1038,7.0,152.39,0.0,1066.73,0.0,1066.73,88.81,445.06,0.4172189776232036,Credit Card,Mobile App,False,None,Cloudy,False,84,False,323,220,-103.0,False,5.0
20231328,2024-03-10,Sunday,20639,120,1040,4.0,89.31,0.0,357.24,0.0,357.24,47.28,168.12,0.4706079946254619,Debit Card,Curbside Pickup,False,None,Cloudy,False,382,False,154,219,65.0,False,3.0
20231329,2024-10-02,Wednesday,20308,104,1012,4.0,241.54,0.0,966.16,0.0,966.16,173.37,272.68,0.2822306864287488,Digital Wallet,Mobile App,False,None,Cloudy,False,268,False,230,320,90.0,False,5.0
20231330,2024-09-14,Saturday,20442,143,1012,3.0,246.21,0.0,738.63,0.0,738.63,173.37,218.52,0.2958450103570123,Debit Card,In-Store,False,None,Rainy,False,485,False,448,371,-77.0,False,1.0
20231331,2023-11-22,Wednesday,20700,121,1036,2.0,1141.52,0.0,2283.04,0.0,2283.04,738.32,806.4,0.3532132595136309,Digital Wallet,Online,False,None,Sunny,False,127,False,40,31,-9.0,False,5.0
20231332,2024-09-24,Tuesday,20527,106,1013,3.0,171.86,0.0,515.58,0.0,515.58,118.75,159.33,0.3090306063074596,Gift Card,In-Store,False,None,Cloudy,False,218,False,381,304,-77.0,True,5.0
20231333,2024-09-10,Tuesday,20343,139,1033,1.0,855.36,0.0,855.36,0.0,855.36,465.85,389.51,0.45537551440329216,Cash,In-Store,False,None,Stormy,False,160,False,170,161,-9.0,False,1.0
20231334,2023-02-05,Sunday,20380,141,1050,2.0,1342.68,0.0,2685.36,0.0,2685.36,742.28,1200.8,0.4471653707510353,Digital Wallet,In-Store,False,None,Sunny,False,214,False,328,327,-1.0,False,4.0
20231335,2024-03-12,Tuesday,20894,120,1020,3.0,353.97,0.0,1061.91,0.0,1061.91,190.07,491.7,0.463033590417267,Digital Wallet,Online,False,None,Cloudy,False,453,False,437,353,-84.0,False,3.0
20231336,2023-10-24,Tuesday,20617,137,1006,6.0,286.67,0.0,1720.02,0.0,1720.02,163.55,738.72,0.4294833781002546,EBT,Curbside Pickup,False,None,Sunny,False,272,False,153,193,40.0,False,5.0
20231337,2024-11-30,Saturday,20459,149,1022,2.0,307.72,0.28,615.44,172.3232,443.1168,187.99,67.1368,0.15151039184251194,Gift Card,Mobile App,True,Percentage Discount,Sunny,False,106,False,50,59,9.0,False,5.0
20231338,2023-09-19,Tuesday,20682,139,1005,1.0,1097.03,0.24,1097.03,263.2872,833.7428,774.22,59.5228,0.07139228068896063,EBT,Online,True,Manufacturer Rebate,Cloudy,False,316,False,295,320,25.0,False,3.0
20231339,2024-12-07,Saturday,20415,136,1011,2.0,847.83,0.18,1695.66,305.2188,1390.4412,618.67,153.1012,0.11010979824245734,Debit Card,Mobile App,True,Percentage Discount,Rainy,False,385,False,248,297,49.0,False,4.0
20231340,2023-08-03,Thursday,20064,119,1007,1.0,1075.54,0.07,1075.54,75.2878,1000.2522,637.12,363.1322,0.3630406411503018,Cash,In-Store,True,Clearance,Cloudy,False,330,False,326,300,-26.0,False,3.0
20231341,2023-12-19,Tuesday,20743,104,1044,7.0,66.81,0.07,467.67,32.7369,434.9331,46.06,112.5131,0.25869058942628187,Cash,In-Store,True,Bundle Deal,Stormy,False,298,False,458,413,-45.0,False,3.0
20231342,2024-07-21,Sunday,20733,122,1014,4.0,225.07,0.0,900.28,0.0,900.28,172.18,211.56,0.2349935575598702,EBT,In-Store,False,None,Windy,False,36,False,436,377,-59.0,False,3.0
20231343,2023-12-20,Wednesday,20699,110,1022,1.0,323.41,0.0,323.41,0.0,323.41,187.99,135.42,0.41872545685043755,EBT,In-Store,False,None,Rainy,False,100,False,56,63,7.0,True,4.0
20231344,2023-10-19,Thursday,21140,109,1012,7.0,232.55,0.0,1627.85,0.0,1627.85,173.37,414.26,0.2544829069017415,Debit Card,Curbside Pickup,False,None,Sunny,False,269,False,102,92,-10.0,False,5.0
20231345,2024-02-29,Thursday,21127,150,1036,2.0,1093.32,0.0,2186.64,0.0,2186.64,738.32,710.0,0.32469908169611816,EBT,In-Store,False,None,Cloudy,False,83,False,299,208,-91.0,False,2.0
20231346,2024-02-01,Thursday,21058,132,1014,6.0,229.11,0.0,1374.66,0.0,1374.66,172.18,341.58,0.2484832613155254,EBT,Curbside Pickup,False,None,Stormy,False,224,False,209,196,-13.0,False,2.0
20231347,2024-05-20,Monday,20141,105,1025,3.0,522.29,0.27,1566.87,423.0549,1143.8151,301.28,239.9751,0.20980235354472931,Digital Wallet,Mobile App,True,Bundle Deal,Rainy,False,27,False,342,297,-45.0,False,1.0
20231348,2024-08-22,Thursday,20503,109,1016,2.0,391.13,0.0,782.26,0.0,782.26,263.25,255.76,0.32695011888630376,EBT,Online,False,None,Cloudy,False,294,False,185,133,-52.0,False,1.0
20231349,2024-08-03,Saturday,20578,142,1040,5.0,86.52,0.0,432.6,0.0,432.6,47.28,196.2,0.45353675450762826,Digital Wallet,In-Store,False,None,Cloudy,False,317,False,301,384,83.0,False,1.0
20231350,2024-10-02,Wednesday,20657,118,1039,4.0,99.47,0.14,397.88,55.7032,342.1768,71.53,56.0568,0.16382408158589362,Credit Card,Curbside Pickup,True,Percentage Discount,Cloudy,False,470,False,384,487,103.0,False,4.0
20231351,2023-01-11,Wednesday,20110,111,1040,5.0,86.61,0.0,433.05,0.0,433.05,47.28,196.65,0.45410460685833043,EBT,Online,False,None,Cloudy,False,32,False,155,119,-36.0,True,2.0
20231352,2024-04-13,Saturday,20715,119,1023,3.0,126.45,0.19,379.35,72.0765,307.2735,70.74,95.0535,0.30934493212073294,Credit Card,Curbside Pickup,True,BOGO,Rainy,False,377,False,214,228,14.0,False,2.0
20231353,2024-05-11,Saturday,20963,136,1015,4.0,247.54,0.0,990.16,0.0,990.16,149.38,392.64,0.3965419730144623,Cash,In-Store,False,None,Rainy,False,245,False,409,379,-30.0,False,3.0
20231354,2023-11-11,Saturday,20626,115,1004,2.0,705.31,0.0,1410.62,0.0,1410.62,445.03,520.56,0.3690292211935177,Cash,Mobile App,False,None,Sunny,False,472,False,234,250,16.0,False,4.0
20231355,2023-11-02,Thursday,20655,101,1009,2.0,1753.85,0.0,3507.7,0.0,3507.7,1077.88,1351.94,0.38542064600735515,Debit Card,In-Store,False,None,Cloudy,False,433,False,460,416,-44.0,False,2.0
20231356,2024-12-18,Wednesday,21004,138,1039,1.0,94.75,0.0,94.75,0.0,94.75,71.53,23.22,0.245065963060686,Credit Card,Mobile App,False,None,Cloudy,False,284,False,317,278,-39.0,False,1.0
20231357,2024-08-07,Wednesday,20011,111,1043,5.0,121.46,0.05,607.3,30.365,576.935,75.88,197.535,0.34238692400357057,Credit Card,Online,True,Clearance,Snowy,False,12,True,375,429,54.0,False,2.0
20231358,2023-11-27,Monday,21123,139,1004,2.0,727.32,0.0,1454.64,0.0,1454.64,445.03,564.58,0.38812352197107197,EBT,In-Store,False,None,Windy,False,346,False,301,329,28.0,False,1.0
20231359,2023-05-25,Thursday,21076,141,1004,1.0,668.83,0.26,668.83,173.8958,494.9342,445.03,49.9042,0.10082996891303947,Cash,Curbside Pickup,True,Loyalty Reward,Cloudy,False,14,True,58,79,21.0,False,4.0
20231360,2024-09-01,Sunday,21011,125,1042,1.0,416.42,0.0,416.42,0.0,416.42,233.03,183.39,0.44039671485519427,EBT,Online,False,None,Windy,False,96,False,149,194,45.0,False,3.0
20231361,2024-01-20,Saturday,20694,123,1044,6.0,71.66,0.27,429.96,116.0892,313.8708,46.06,37.5108,0.11951032080716002,Cash,In-Store,True,Loyalty Reward,Stormy,False,142,False,46,55,9.0,False,5.0
20231362,2023-09-21,Thursday,20294,148,1011,1.0,908.92,0.0,908.92,0.0,908.92,618.67,290.25,0.3193350349865775,Debit Card,In-Store,False,None,Sunny,False,381,False,266,185,-81.0,False,1.0
20231363,2023-07-21,Friday,20180,123,1013,7.0,188.13,0.0,1316.91,0.0,1316.91,118.75,485.66,0.3687875405304842,Gift Card,Curbside Pickup,False,None,Stormy,False,183,False,194,134,-60.0,False,2.0
20231364,2023-03-26,Sunday,21075,150,1008,1.0,618.73,0.0,618.73,0.0,618.73,397.4,221.33,0.35771661306224045,Digital Wallet,In-Store,False,None,Rainy,False,479,False,188,135,-53.0,False,5.0
20231365,2024-05-31,Friday,20869,110,1007,1.0,1075.97,0.0,1075.97,0.0,1075.97,637.12,438.85,0.40786453153898344,Credit Card,Online,False,None,Rainy,False,18,True,353,384,31.0,False,4.0
20231366,2024-08-03,Saturday,20904,104,1039,1.0,101.15,0.0,101.15,0.0,101.15,71.53,29.62,0.2928324270884825,EBT,Mobile App,False,None,Rainy,False,258,False,149,164,15.0,False,2.0
20231367,2023-11-18,Saturday,21073,124,1019,1.0,1303.38,0.0,1303.38,0.0,1303.38,867.36,436.02,0.3345302214242969,Debit Card,In-Store,False,None,Stormy,False,517,False,462,644,182.0,False,2.0
20231368,2023-01-14,Saturday,20083,145,1045,5.0,216.76,0.0,1083.8,0.0,1083.8,159.92,284.2,0.2622255028603064,EBT,Curbside Pickup,False,None,Cloudy,False,172,False,222,146,-76.0,False,1.0
20231369,2024-10-13,Sunday,20124,130,1049,7.0,147.9,0.0,1035.3,0.0,1035.3,117.26,214.48,0.20716700473292757,Credit Card,Online,False,None,Cloudy,False,59,False,469,319,-150.0,False,4.0
20231370,2023-10-25,Wednesday,20750,145,1040,6.0,85.65,0.0,513.9,0.0,513.9,47.28,230.22,0.44798598949211915,Gift Card,Online,False,None,Sunny,False,260,False,217,231,14.0,False,4.0
20231371,2023-03-20,Monday,20498,149,1006,4.0,279.4,0.34,1117.6,379.984,737.616,163.55,83.416,0.11308865317455145,Digital Wallet,Mobile App,True,Loyalty Reward,Stormy,False,377,False,27,22,-5.0,False,4.0
20231372,2024-10-09,Wednesday,20231,113,1040,4.0,93.58,0.12,374.32,44.9184,329.4016,47.28,140.2816,0.4258679982125162,Debit Card,Curbside Pickup,True,Loyalty Reward,Snowy,False,457,False,142,153,11.0,False,2.0
20231373,2023-01-23,Monday,20970,131,1038,6.0,150.53,0.06,903.18,54.1908,848.9892,88.81,316.1292,0.3723595070467328,Digital Wallet,Curbside Pickup,True,Percentage Discount,Cloudy,False,124,False,407,424,17.0,False,3.0
20231374,2023-11-09,Thursday,20142,122,1014,7.0,218.47,0.31,1529.29,474.0799,1055.2101,172.18,-150.0499,-0.1421990748572251,Credit Card,Mobile App,True,Manufacturer Rebate,Cloudy,False,261,False,134,152,18.0,False,1.0
20231375,2023-08-16,Wednesday,20531,142,1009,1.0,1874.03,0.0,1874.03,0.0,1874.03,1077.88,796.15,0.4248331136641355,EBT,Mobile App,False,None,Sunny,False,58,False,157,145,-12.0,False,1.0
20231376,2023-06-07,Wednesday,20079,102,1037,2.0,388.62,0.26,777.24,202.0824,575.1576,270.26,34.6376,0.06022279806439143,Credit Card,Mobile App,True,Loyalty Reward,Cloudy,False,467,False,398,258,-140.0,False,2.0
20231377,2024-11-18,Monday,20105,150,1030,1.0,905.09,0.0,905.09,0.0,905.09,569.19,335.9,0.37112331370360957,Digital Wallet,In-Store,False,None,Stormy,False,483,False,449,304,-145.0,False,5.0
20231378,2024-02-28,Wednesday,20135,124,1033,2.0,868.82,0.0,1737.64,0.0,1737.64,465.85,805.94,0.463812987730485,Cash,Online,False,None,Snowy,False,245,False,177,161,-16.0,False,2.0
20231379,2024-07-27,Saturday,20892,131,1047,3.0,411.06,0.0,1233.18,0.0,1233.18,273.17,413.67,0.33544981267941426,Debit Card,Online,False,None,Cloudy,False,462,False,240,228,-12.0,False,2.0
20231380,2024-11-08,Friday,20424,109,1007,1.0,1103.45,0.19,1103.45,209.6555,893.7945,637.12,256.6745,0.2871739532968708,Digital Wallet,In-Store,True,Percentage Discount,Sunny,False,143,False,383,425,42.0,False,3.0
20231381,2023-06-19,Monday,20696,149,1005,1.0,1176.0,0.08,1176.0,94.08,1081.92,774.22,307.7,0.2844018041999409,Digital Wallet,Online,True,Manufacturer Rebate,Stormy,False,372,False,181,166,-15.0,False,4.0
20231382,2023-12-14,Thursday,20418,109,1038,2.0,151.39,0.09,302.78,27.2502,275.5298,88.81,97.9098,0.3553510364396155,Debit Card,Online,True,Percentage Discount,Windy,False,32,False,277,167,-110.0,False,2.0
20231383,2024-09-30,Monday,20815,117,1038,1.0,143.16,0.0,143.16,0.0,143.16,88.81,54.35,0.3796451522771724,EBT,Curbside Pickup,False,None,Sunny,False,248,False,170,242,72.0,False,3.0
20231384,2023-11-13,Monday,20314,123,1012,5.0,245.85,0.17,1229.25,208.9725,1020.2775,173.37,153.4275,0.15037820592926915,EBT,Curbside Pickup,True,Bundle Deal,Snowy,False,350,False,186,119,-67.0,False,2.0
20231385,2023-09-17,Sunday,20835,120,1009,2.0,1750.17,0.08,3500.34,280.0272,3220.3128,1077.88,1064.5528,0.3305743466907935,Digital Wallet,Mobile App,True,BOGO,Sunny,False,301,False,229,209,-20.0,False,1.0
20231386,2024-08-11,Sunday,20647,119,1044,5.0,71.35,0.15,356.75,53.5125,303.2375,46.06,72.9375,0.24052928809926213,Debit Card,Mobile App,True,BOGO,Sunny,False,376,False,259,297,38.0,False,4.0
20231387,2023-04-18,Tuesday,20329,149,1011,2.0,933.21,0.0,1866.42,0.0,1866.42,618.67,629.08,0.33705168182938466,EBT,Online,False,None,Snowy,False,107,False,262,236,-26.0,False,4.0
20231388,2023-11-27,Monday,20361,121,1044,6.0,69.68,0.0,418.08,0.0,418.08,46.06,141.72,0.3389781859931114,Debit Card,Online,False,None,Sunny,False,414,False,150,209,59.0,False,5.0
20231389,2023-12-02,Saturday,21096,132,1012,5.0,242.29,0.0,1211.45,0.0,1211.45,173.37,344.6,0.2844525155805027,Digital Wallet,Online,False,None,Cloudy,False,507,False,169,184,15.0,False,3.0
20231390,2023-12-06,Wednesday,20597,103,1007,1.0,1068.31,0.0,1068.31,0.0,1068.31,637.12,431.19,0.4036187997865788,Digital Wallet,In-Store,False,None,Windy,False,436,False,110,141,31.0,False,3.0
20231391,2023-09-20,Wednesday,20585,150,1002,2.0,1311.21,0.14,2622.42,367.1388,2255.2812,759.3,736.6812,0.32664716045165454,EBT,Online,True,Percentage Discount,Sunny,False,475,False,64,64,0.0,False,4.0
20231392,2023-06-09,Friday,20538,137,1001,3.0,679.54,0.0,2038.62,0.0,2038.62,419.73,779.43,0.38233216587691665,Debit Card,Online,False,None,Windy,False,508,False,176,135,-41.0,False,2.0
20231393,2023-11-01,Wednesday,20584,137,1013,3.0,187.95,0.0,563.85,0.0,563.85,118.75,207.6,0.3681830274009044,Credit Card,Online,False,None,Sunny,False,266,False,254,358,104.0,False,5.0
20231394,2024-04-01,Monday,21001,133,1042,3.0,410.46,0.0,1231.38,0.0,1231.38,233.03,532.29,0.43227111046143346,EBT,In-Store,False,None,Sunny,False,506,False,272,389,117.0,False,4.0
20231395,2024-12-12,Thursday,20851,147,1033,2.0,837.02,0.0,1674.04,0.0,1674.04,465.85,742.34,0.4434422116556354,Credit Card,In-Store,False,None,Snowy,False,309,False,268,220,-48.0,True,5.0
20231396,2024-07-06,Saturday,20015,141,1049,5.0,156.86,0.12,784.3,94.116,690.184,117.26,103.884,0.15051638403672066,Debit Card,In-Store,True,Loyalty Reward,Snowy,False,392,False,359,292,-67.0,False,3.0
20231397,2024-11-20,Wednesday,20340,113,1009,2.0,1837.09,0.0,3674.18,0.0,3674.18,1077.88,1518.42,0.4132677223217152,Debit Card,Mobile App,False,None,Rainy,False,234,False,62,51,-11.0,False,3.0
20231398,2023-02-13,Monday,20409,142,1044,1.0,67.25,0.06,67.25,4.035,63.215,46.06,17.155,0.27137546468401486,Cash,Mobile App,True,Bundle Deal,Cloudy,False,97,False,310,219,-91.0,False,2.0
20231399,2023-11-11,Saturday,20980,132,1010,3.0,410.91,0.0,1232.73,0.0,1232.73,261.42,448.47,0.36380229247280427,EBT,In-Store,False,None,Snowy,False,468,False,326,221,-105.0,False,1.0
20231400,2024-08-30,Friday,20103,107,1035,2.0,782.14,0.19,1564.28,297.2132,1267.0668,403.28,460.5068,0.3634431902090719,Credit Card,In-Store,True,BOGO,Rainy,False,356,False,301,373,72.0,False,2.0
20231401,2024-12-18,Wednesday,20759,134,1011,1.0,854.14,0.07,854.14,59.7898,794.3502,618.67,175.6802,0.22116215241086365,EBT,Curbside Pickup,True,Percentage Discount,Cloudy,False,264,False,307,201,-106.0,False,2.0
20231402,2023-07-25,Tuesday,21056,116,1026,1.0,216.01,0.33,216.01,71.2833,144.7267,130.01,14.7167,0.10168614360722661,Credit Card,Curbside Pickup,True,Percentage Discount,Sunny,False,145,False,118,108,-10.0,False,5.0
20231403,2024-05-03,Friday,20933,106,1023,6.0,125.16,0.1,750.96,75.096,675.864,70.74,251.424,0.37200383509108353,Cash,Mobile App,True,Percentage Discount,Stormy,False,64,False,178,163,-15.0,False,3.0
20231404,2023-08-18,Friday,20962,126,1002,1.0,1344.72,0.35,1344.72,470.652,874.068,759.3,114.768,0.13130328532791502,Gift Card,Mobile App,True,Percentage Discount,Rainy,False,82,False,109,100,-9.0,False,4.0
20231405,2023-11-08,Wednesday,20279,146,1016,4.0,358.01,0.2,1432.04,286.408,1145.632,263.25,92.632,0.08085667998100617,Digital Wallet,Mobile App,True,Manufacturer Rebate,Sunny,False,136,False,159,186,27.0,False,5.0
20231406,2023-03-09,Thursday,20577,129,1050,1.0,1336.44,0.0,1336.44,0.0,1336.44,742.28,594.16,0.4445841190027237,Debit Card,In-Store,False,None,Sunny,False,105,False,373,255,-118.0,False,5.0
20231407,2023-10-27,Friday,20245,131,1018,4.0,351.96,0.0,1407.84,0.0,1407.84,198.14,615.28,0.43703829980679626,Debit Card,Curbside Pickup,False,None,Cloudy,False,414,False,448,381,-67.0,False,3.0
20231408,2023-06-02,Friday,21106,103,1006,4.0,269.22,0.27,1076.88,290.7576,786.1224,163.55,131.9224,0.16781407068415813,Credit Card,Online,True,BOGO,Rainy,False,481,False,106,100,-6.0,True,1.0
20231409,2023-09-08,Friday,20917,148,1006,7.0,280.05,0.0,1960.35,0.0,1960.35,163.55,815.5,0.4159971433672558,Cash,In-Store,False,None,Snowy,False,185,False,84,78,-6.0,False,2.0
20231410,2024-01-30,Tuesday,20427,108,1029,1.0,2167.83,0.0,2167.83,0.0,2167.83,1429.66,738.17,0.3405110179303727,Digital Wallet,Curbside Pickup,False,None,Rainy,False,361,False,440,496,56.0,False,2.0
20231411,2023-12-18,Monday,20827,135,1023,1.0,125.27,0.0,125.27,0.0,125.27,70.74,54.53,0.43529975253452546,EBT,Mobile App,False,None,Windy,False,518,False,156,208,52.0,False,1.0
20231412,2023-12-18,Monday,20190,141,1044,7.0,67.36,0.0,471.52,0.0,471.52,46.06,149.1,0.31621140142517806,Digital Wallet,Mobile App,False,None,Windy,False,12,True,325,227,-98.0,False,1.0
20231413,2023-06-30,Friday,20542,149,1026,3.0,214.86,0.0,644.58,0.0,644.58,130.01,254.55,0.394908312389463,Credit Card,In-Store,False,None,Sunny,False,31,False,170,110,-60.0,False,5.0
20231414,2023-09-20,Wednesday,20647,136,1013,1.0,176.18,0.23,176.18,40.5214,135.6586,118.75,16.9086,0.12464082630957422,Debit Card,Curbside Pickup,True,Loyalty Reward,Cloudy,False,122,False,140,105,-35.0,False,3.0
20231415,2024-11-22,Friday,20365,107,1033,1.0,846.74,0.22,846.74,186.2828,660.4572,465.85,194.6072,0.2946552781921372,Digital Wallet,Curbside Pickup,True,Percentage Discount,Cloudy,False,75,False,101,100,-1.0,False,5.0
20231416,2023-03-24,Friday,20221,149,1034,1.0,1612.19,0.0,1612.19,0.0,1612.19,1145.68,466.51,0.28936415683015027,Credit Card,Mobile App,False,None,Cloudy,False,378,False,259,192,-67.0,False,5.0
20231417,2024-12-13,Friday,20421,108,1011,1.0,884.25,0.0,884.25,0.0,884.25,618.67,265.58,0.30034492507774957,Cash,Curbside Pickup,False,None,Stormy,False,155,False,47,54,7.0,False,1.0
20231418,2024-02-24,Saturday,21183,142,1037,4.0,372.63,0.33,1490.52,491.8716,998.6484,270.26,-82.3916,-0.08250311120510474,Credit Card,Online,True,BOGO,Cloudy,False,115,False,455,648,193.0,False,5.0
20231419,2024-01-14,Sunday,21172,137,1035,1.0,741.01,0.0,741.01,0.0,741.01,403.28,337.73,0.45576982766764285,Cash,Curbside Pickup,False,None,Sunny,False,508,False,24,29,5.0,False,3.0
20231420,2024-03-23,Saturday,21131,130,1024,3.0,495.85,0.0,1487.55,0.0,1487.55,283.62,636.69,0.42801250378138556,Cash,Mobile App,False,None,Sunny,False,202,False,375,416,41.0,False,5.0
20231421,2024-07-29,Monday,20869,110,1040,6.0,92.95,0.06,557.7,33.462,524.238,47.28,240.558,0.45887173383081736,Cash,Mobile App,True,Percentage Discount,Windy,False,259,False,86,59,-27.0,False,1.0
20231422,2023-09-20,Wednesday,20988,110,1012,5.0,254.87,0.0,1274.35,0.0,1274.35,173.37,407.5,0.31977086357751006,EBT,In-Store,False,None,Sunny,False,268,False,107,98,-9.0,False,4.0
20231423,2024-11-11,Monday,20475,146,1003,1.0,1868.02,0.0,1868.02,0.0,1868.02,1394.94,473.08,0.2532521065084956,Cash,In-Store,False,None,Cloudy,False,280,False,173,186,13.0,False,5.0
20231424,2023-05-09,Tuesday,20643,118,1009,1.0,1869.33,0.06,1869.33,112.1598,1757.1702,1077.88,679.2902,0.3865819031076215,Credit Card,Mobile App,True,Loyalty Reward,Sunny,False,208,False,136,104,-32.0,False,5.0
20231425,2024-12-09,Monday,20979,146,1044,2.0,68.8,0.0,137.6,0.0,137.6,46.06,45.48,0.3305232558139534,Debit Card,Curbside Pickup,False,None,Cloudy,False,496,False,180,162,-18.0,False,3.0
20231426,2024-01-10,Wednesday,20560,107,1003,2.0,1856.48,0.0,3712.96,0.0,3712.96,1394.94,923.08,0.24861027320520554,Credit Card,In-Store,False,None,Windy,False,434,False,153,163,10.0,False,3.0
20231427,2023-02-13,Monday,20607,105,1047,3.0,407.5,0.21,1222.5,256.725,965.775,273.17,146.265,0.15144831870777364,Digital Wallet,Curbside Pickup,True,Manufacturer Rebate,Sunny,False,56,False,21,13,-8.0,False,1.0
20231428,2024-03-24,Sunday,20071,145,1008,2.0,643.71,0.0,1287.42,0.0,1287.42,397.4,492.62,0.3826412514952386,Cash,In-Store,False,None,Sunny,False,160,False,407,452,45.0,False,2.0
20231429,2023-01-17,Tuesday,21097,135,1048,3.0,288.21,0.21,864.63,181.5723,683.0577,184.37,129.9477,0.19024410382900295,Debit Card,Mobile App,True,Clearance,Windy,False,383,False,396,272,-124.0,False,1.0
20231430,2023-12-22,Friday,20644,124,1036,1.0,1061.74,0.32,1061.74,339.7568,721.9832,738.32,-16.3368,-0.022627673330903045,EBT,In-Store,True,Clearance,Sunny,False,433,False,276,231,-45.0,False,5.0
20231431,2024-11-28,Thursday,21135,111,1035,3.0,702.58,0.0,2107.74,0.0,2107.74,403.28,897.9,0.4260013094594211,Cash,Online,False,None,Sunny,True,441,False,179,222,43.0,False,4.0
20231432,2024-01-08,Monday,20732,120,1025,1.0,540.77,0.27,540.77,146.0079,394.7621,301.28,93.4821,0.23680616756269157,Gift Card,Curbside Pickup,True,BOGO,Stormy,False,217,False,443,478,35.0,False,2.0
20231433,2024-07-03,Wednesday,20134,118,1010,3.0,372.41,0.0,1117.23,0.0,1117.23,261.42,332.97,0.29803173921215864,Cash,In-Store,False,None,Windy,False,87,False,72,94,22.0,False,2.0
20231434,2024-12-13,Friday,21076,141,1041,4.0,655.99,0.18,2623.96,472.3128,2151.6472,486.05,207.4472,0.09641320380032556,Credit Card,Online,True,Bundle Deal,Cloudy,False,126,False,413,297,-116.0,True,4.0
20231435,2023-11-24,Friday,21141,121,1014,1.0,218.6,0.0,218.6,0.0,218.6,172.18,46.42,0.21235132662397066,Cash,Curbside Pickup,False,None,Stormy,False,157,False,360,517,157.0,False,3.0
20231436,2024-12-08,Sunday,20946,108,1006,5.0,273.89,0.0,1369.45,0.0,1369.45,163.55,551.7,0.40286246303260426,Credit Card,Mobile App,False,None,Sunny,False,28,False,150,142,-8.0,False,3.0
20231437,2024-07-02,Tuesday,20043,113,1045,1.0,224.85,0.32,224.85,71.952,152.898,159.92,-7.022,-0.04592604219806663,Cash,In-Store,True,Loyalty Reward,Sunny,False,217,False,233,313,80.0,False,2.0
20231438,2024-11-16,Saturday,20952,139,1009,1.0,1802.91,0.0,1802.91,0.0,1802.91,1077.88,725.03,0.40214431114143245,Gift Card,Mobile App,False,None,Sunny,False,311,False,35,32,-3.0,False,4.0
20231439,2023-11-12,Sunday,21028,139,1003,2.0,1927.8,0.3,3855.6,1156.68,2698.92,1394.94,-90.96,-0.033702369836823634,Digital Wallet,Online,True,Clearance,Sunny,False,330,False,291,398,107.0,False,5.0
20231440,2024-03-29,Friday,20494,103,1024,1.0,467.94,0.18,467.94,84.2292,383.7108,283.62,100.0908,0.2608495773379326,EBT,Online,True,BOGO,Stormy,False,405,False,95,66,-29.0,False,5.0
20231441,2024-08-04,Sunday,20568,108,1032,1.0,955.63,0.0,955.63,0.0,955.63,572.31,383.32,0.401117587350753,Debit Card,In-Store,False,None,Snowy,False,194,False,411,353,-58.0,False,5.0
20231442,2024-07-18,Thursday,20645,114,1009,1.0,1790.48,0.09,1790.48,161.1432,1629.3368,1077.88,551.4568,0.33845476269854086,Credit Card,Online,True,Percentage Discount,Sunny,False,376,False,109,111,2.0,False,4.0
20231443,2024-04-30,Tuesday,20921,139,1044,7.0,69.73,0.0,488.11,0.0,488.11,46.06,165.69,0.3394521726659974,Digital Wallet,In-Store,False,None,Cloudy,False,348,False,354,477,123.0,False,1.0
20231444,2024-10-20,Sunday,20057,143,1023,1.0,130.48,0.0,130.48,0.0,130.48,70.74,59.74,0.45784794604537093,Gift Card,Mobile App,False,None,Sunny,False,125,False,476,305,-171.0,False,5.0
20231445,2023-10-31,Tuesday,20978,107,1010,3.0,379.95,0.0,1139.85,0.0,1139.85,261.42,355.59,0.31196210027635213,EBT,Online,False,None,Cloudy,False,26,False,278,168,-110.0,False,3.0
20231446,2024-12-21,Saturday,21180,123,1026,1.0,235.97,0.0,235.97,0.0,235.97,130.01,105.96,0.4490401322201975,Gift Card,Online,False,None,Cloudy,False,234,False,70,78,8.0,False,1.0
20231447,2023-06-04,Sunday,20941,121,1010,2.0,382.5,0.0,765.0,0.0,765.0,261.42,242.16,0.3165490196078431,Cash,Online,False,None,Snowy,False,470,False,413,511,98.0,False,4.0
20231448,2023-09-01,Friday,21092,101,1002,2.0,1350.56,0.27,2701.12,729.3024,1971.8176,759.3,453.2176,0.2298476289084751,Credit Card,Curbside Pickup,True,Bundle Deal,Cloudy,False,261,False,297,236,-61.0,False,3.0
20231449,2023-05-11,Thursday,20361,106,1013,4.0,170.8,0.25,683.2,170.8,512.4,118.75,37.4,0.07298985167837643,Cash,Curbside Pickup,True,Bundle Deal,Windy,False,143,False,238,342,104.0,False,5.0
20231450,2024-05-17,Friday,20306,127,1005,2.0,1072.65,0.07,2145.3,150.171,1995.129,774.22,446.689,0.22388978356787959,Debit Card,In-Store,True,Loyalty Reward,Cloudy,False,293,False,165,169,4.0,False,1.0
20231451,2024-03-18,Monday,21139,140,1018,4.0,354.99,0.0,1419.96,0.0,1419.96,198.14,627.4,0.44184343220935807,Cash,Curbside Pickup,False,None,Rainy,False,324,False,356,420,64.0,False,1.0
20231452,2023-08-03,Thursday,20439,149,1035,2.0,698.24,0.0,1396.48,0.0,1396.48,403.28,589.92,0.4224335472043997,EBT,Mobile App,False,None,Sunny,False,515,False,422,418,-4.0,False,1.0
20231453,2023-04-01,Saturday,20161,112,1031,2.0,524.49,0.31,1048.98,325.1838,723.7962,402.09,-80.3838,-0.11105861014467878,Cash,Mobile App,True,BOGO,Cloudy,False,348,False,180,159,-21.0,False,1.0
20231454,2024-11-18,Monday,20160,109,1038,1.0,156.01,0.0,156.01,0.0,156.01,88.81,67.2,0.430741619126979,Gift Card,Curbside Pickup,False,None,Windy,False,70,False,210,136,-74.0,False,3.0
20231455,2024-12-02,Monday,20818,136,1011,1.0,937.4,0.0,937.4,0.0,937.4,618.67,318.73,0.3400149349263922,Cash,Curbside Pickup,False,None,Cloudy,False,120,False,38,36,-2.0,False,1.0
20231456,2023-02-02,Thursday,20941,121,1002,1.0,1304.95,0.0,1304.95,0.0,1304.95,759.3,545.65,0.41813862600099627,Cash,Mobile App,False,None,Cloudy,False,334,False,401,315,-86.0,False,1.0
20231457,2024-07-25,Thursday,20376,110,1049,2.0,158.13,0.0,316.26,0.0,316.26,117.26,81.74,0.2584582305697843,EBT,Mobile App,False,None,Snowy,False,275,False,199,172,-27.0,False,3.0
20231458,2023-11-18,Saturday,20583,113,1008,1.0,642.61,0.0,642.61,0.0,642.61,397.4,245.21,0.38158447580958904,Debit Card,Online,False,None,Stormy,False,316,False,144,135,-9.0,False,1.0
20231459,2023-12-19,Tuesday,20204,131,1005,1.0,1126.04,0.17,1126.04,191.4268,934.6132,774.22,160.3932,0.17161452459691343,EBT,Curbside Pickup,True,Manufacturer Rebate,Stormy,False,122,False,428,471,43.0,False,1.0
20231460,2024-08-22,Thursday,20248,150,1035,3.0,765.11,0.0,2295.33,0.0,2295.33,403.28,1085.49,0.4729123916822418,Gift Card,In-Store,False,None,Cloudy,False,325,False,346,473,127.0,False,4.0
20231461,2024-06-21,Friday,21182,132,1044,2.0,69.76,0.0,139.52,0.0,139.52,46.06,47.4,0.3397362385321101,Cash,In-Store,False,None,Windy,False,419,False,40,37,-3.0,False,4.0
20231462,2023-02-21,Tuesday,20945,122,1003,1.0,1880.5,0.0,1880.5,0.0,1880.5,1394.94,485.56,0.25820792342462107,Gift Card,Online,False,None,Snowy,False,302,False,304,207,-97.0,False,4.0
20231463,2024-03-12,Tuesday,20172,134,1012,4.0,243.49,0.0,973.96,0.0,973.96,173.37,280.48,0.2879789724424001,Credit Card,Online,False,None,Cloudy,False,414,False,128,162,34.0,False,3.0
20231464,2024-05-01,Wednesday,20914,144,1011,2.0,903.1,0.34,1806.2,614.108,1192.092,618.67,-45.248,-0.037956801991792424,Digital Wallet,Mobile App,True,Bundle Deal,Stormy,False,84,False,153,94,-59.0,False,4.0
20231465,2024-08-30,Friday,20480,105,1043,2.0,116.94,0.0,233.88,0.0,233.88,75.88,82.12,0.3511202325979135,Debit Card,Online,False,None,Rainy,False,270,False,99,141,42.0,False,5.0
20231466,2023-07-18,Tuesday,20518,105,1049,7.0,159.27,0.0,1114.89,0.0,1114.89,117.26,294.07,0.2637659320650468,Cash,In-Store,False,None,Cloudy,False,365,False,338,381,43.0,False,4.0
20231467,2023-02-07,Tuesday,20936,150,1042,4.0,405.4,0.0,1621.6,0.0,1621.6,233.03,689.48,0.42518500246669955,Cash,Online,False,None,Cloudy,False,293,False,97,88,-9.0,True,1.0
20231468,2023-05-06,Saturday,20283,121,1005,2.0,1110.41,0.16,2220.82,355.3312,1865.4888,774.22,317.0488,0.16995481291552114,Cash,In-Store,True,Bundle Deal,Cloudy,False,226,False,346,458,112.0,True,5.0
20231469,2024-12-08,Sunday,20119,125,1040,2.0,86.67,0.25,173.34,43.335,130.005,47.28,35.445,0.27264335987077415,EBT,Mobile App,True,Clearance,Sunny,False,117,False,232,214,-18.0,True,1.0
20231470,2023-04-05,Wednesday,20574,112,1033,1.0,886.26,0.0,886.26,0.0,886.26,465.85,420.41,0.4743641820684675,Gift Card,In-Store,False,None,Sunny,False,305,False,232,248,16.0,False,3.0
20231471,2023-12-16,Saturday,21160,129,1027,1.0,57.08,0.13,57.08,7.4204,49.6596,37.44,12.2196,0.24606722567237754,Debit Card,Online,True,Manufacturer Rebate,Cloudy,False,409,False,76,109,33.0,False,3.0
20231472,2024-07-25,Thursday,20243,147,1008,4.0,673.81,0.0,2695.24,0.0,2695.24,397.4,1105.64,0.4102194980780932,Gift Card,In-Store,False,None,Rainy,False,286,False,377,437,60.0,False,5.0
20231473,2024-12-29,Sunday,20650,131,1044,6.0,73.3,0.0,439.8,0.0,439.8,46.06,163.44,0.37162346521145967,Credit Card,In-Store,False,None,Rainy,False,179,False,67,93,26.0,False,3.0
20231474,2023-04-10,Monday,21007,102,1018,2.0,332.23,0.0,664.46,0.0,664.46,198.14,268.18,0.4036059356469916,EBT,Online,False,None,Rainy,False,173,False,453,491,38.0,False,3.0
20231475,2024-05-22,Wednesday,20478,111,1029,2.0,2164.34,0.22,4328.68,952.3096,3376.3704,1429.66,517.0504,0.15313793770967785,EBT,Online,True,Clearance,Sunny,False,517,False,71,97,26.0,False,3.0
20231476,2023-02-19,Sunday,20603,112,1025,3.0,521.87,0.31,1565.61,485.3391,1080.2709,301.28,176.4309,0.16332097809910465,Gift Card,Online,True,Bundle Deal,Snowy,False,109,False,365,351,-14.0,False,3.0
20231477,2024-06-14,Friday,20245,142,1021,2.0,77.82,0.26,155.64,40.4664,115.1736,45.04,25.0936,0.21787631887863187,Digital Wallet,Online,True,Percentage Discount,Sunny,False,228,False,69,60,-9.0,False,1.0
20231478,2024-03-21,Thursday,20149,144,1022,3.0,338.47,0.0,1015.41,0.0,1015.41,187.99,451.44,0.44458888527786805,Cash,Curbside Pickup,False,None,Rainy,False,23,True,231,199,-32.0,False,1.0
20231479,2024-12-15,Sunday,20435,130,1040,4.0,92.18,0.0,368.72,0.0,368.72,47.28,179.6,0.487090475157301,Gift Card,Curbside Pickup,False,None,Windy,False,281,False,44,38,-6.0,False,3.0
20231480,2024-03-26,Tuesday,20283,121,1016,3.0,354.31,0.0,1062.93,0.0,1062.93,263.25,273.18,0.257006576162118,Debit Card,Online,False,None,Cloudy,False,426,False,435,572,137.0,False,4.0
20231481,2024-02-28,Wednesday,20214,124,1008,1.0,610.44,0.0,610.44,0.0,610.44,397.4,213.04,0.34899416814101314,Credit Card,Online,False,None,Rainy,False,68,False,469,628,159.0,False,4.0
20231482,2023-12-11,Monday,20141,105,1022,2.0,331.9,0.0,663.8,0.0,663.8,187.99,287.82,0.43359445616149433,Digital Wallet,Online,False,None,Rainy,False,260,False,474,364,-110.0,False,1.0
20231483,2024-10-23,Wednesday,20993,131,1041,2.0,648.35,0.0,1296.7,0.0,1296.7,486.05,324.6,0.25032775507056376,Gift Card,Online,False,None,Rainy,False,222,False,30,30,0.0,False,1.0
20231484,2023-07-25,Tuesday,20434,144,1039,7.0,96.01,0.0,672.07,0.0,672.07,71.53,171.36,0.2549734402666389,EBT,Online,False,None,Snowy,False,78,False,438,313,-125.0,False,4.0
20231485,2024-04-18,Thursday,20038,125,1019,2.0,1229.0,0.0,2458.0,0.0,2458.0,867.36,723.28,0.2942554922701383,EBT,Mobile App,False,None,Windy,False,69,False,244,341,97.0,False,4.0
20231486,2024-06-15,Saturday,20655,101,1009,1.0,1673.44,0.0,1673.44,0.0,1673.44,1077.88,595.56,0.35588966440386266,Cash,Online,False,None,Sunny,False,262,False,471,534,63.0,False,2.0
20231487,2023-12-30,Saturday,20025,112,1021,2.0,81.59,0.0,163.18,0.0,163.18,45.04,73.1,0.44797156514278713,Credit Card,Online,False,None,Cloudy,False,307,False,336,382,46.0,False,4.0
20231488,2023-12-31,Sunday,20709,122,1048,2.0,285.3,0.0,570.6,0.0,570.6,184.37,201.86,0.35376796354714335,Debit Card,Online,False,None,Sunny,True,498,False,477,410,-67.0,False,4.0
20231489,2023-01-22,Sunday,20146,139,1038,6.0,141.39,0.0,848.34,0.0,848.34,88.81,315.48,0.37187919937760794,Digital Wallet,Online,False,None,Rainy,False,319,False,473,642,169.0,True,4.0
20231490,2023-09-14,Thursday,20385,115,1032,2.0,926.44,0.23,1852.88,426.1624,1426.7176,572.31,282.0976,0.19772490365297243,Gift Card,Curbside Pickup,True,Percentage Discount,Rainy,False,397,False,382,454,72.0,True,2.0
20231491,2024-11-14,Thursday,21129,123,1021,5.0,82.68,0.0,413.4,0.0,413.4,45.04,188.2,0.455249153362361,EBT,In-Store,False,None,Sunny,False,428,False,437,301,-136.0,False,4.0
20231492,2023-02-07,Tuesday,20703,101,1016,1.0,372.29,0.0,372.29,0.0,372.29,263.25,109.04,0.2928899513819872,Digital Wallet,In-Store,False,None,Rainy,False,53,False,23,21,-2.0,False,3.0
20231493,2023-10-11,Wednesday,20797,147,1010,3.0,397.28,0.0,1191.84,0.0,1191.84,261.42,407.58,0.3419754329440193,Gift Card,Online,False,None,Snowy,False,29,False,177,214,37.0,False,2.0
20231494,2023-02-11,Saturday,20637,105,1023,5.0,134.77,0.0,673.85,0.0,673.85,70.74,320.15,0.47510573569785564,Debit Card,Curbside Pickup,False,None,Rainy,False,276,False,60,62,2.0,True,3.0
20231495,2024-12-23,Monday,20961,108,1037,4.0,385.66,0.0,1542.64,0.0,1542.64,270.26,461.6,0.29922729865684805,Credit Card,Online,False,None,Cloudy,False,501,False,332,418,86.0,False,2.0
20231496,2024-09-10,Tuesday,20301,145,1011,1.0,838.11,0.0,838.11,0.0,838.11,618.67,219.44,0.2618272064526137,Cash,Online,False,None,Sunny,False,298,False,167,196,29.0,False,5.0
20231497,2023-03-21,Tuesday,20383,117,1024,2.0,504.49,0.0,1008.98,0.0,1008.98,283.62,441.74,0.43780847985093857,Digital Wallet,Online,False,None,Cloudy,False,223,False,57,40,-17.0,False,4.0
20231498,2023-05-31,Wednesday,21194,114,1045,3.0,234.83,0.14,704.49,98.6286,605.8614,159.92,126.1014,0.2081357221305071,EBT,Curbside Pickup,True,BOGO,Windy,False,365,False,447,331,-116.0,False,5.0
20231499,2024-03-01,Friday,20125,124,1043,3.0,116.24,0.0,348.72,0.0,348.72,75.88,121.08,0.34721266345492086,Credit Card,Curbside Pickup,False,None,Cloudy,False,174,False,213,304,91.0,False,1.0
20231500,2024-08-17,Saturday,20671,133,1014,3.0,218.98,0.0,656.94,0.0,656.94,172.18,140.4,0.21371814777605258,Debit Card,Curbside Pickup,False,None,Snowy,False,6,True,221,176,-45.0,False,3.0
20231501,2023-12-18,Monday,20857,122,1031,3.0,573.2,0.0,1719.6,0.0,1719.6,402.09,513.33,0.29851709699930223,EBT,Mobile App,False,None,Cloudy,False,282,False,53,63,10.0,False,2.0
20231502,2023-03-15,Wednesday,20798,137,1029,1.0,2191.1,0.0,2191.1,0.0,2191.1,1429.66,761.44,0.3475149468303591,EBT,Online,False,None,Windy,False,99,False,237,337,100.0,False,1.0
20231503,2024-12-27,Friday,21027,102,1037,1.0,382.64,0.0,382.64,0.0,382.64,270.26,112.38,0.2936964248379678,Gift Card,Curbside Pickup,False,None,Snowy,False,254,False,378,247,-131.0,False,2.0
20231504,2024-11-03,Sunday,20955,116,1013,2.0,186.66,0.0,373.32,0.0,373.32,118.75,135.82,0.36381656487731706,Debit Card,Online,False,None,Stormy,False,24,True,95,59,-36.0,False,2.0
20231505,2023-01-23,Monday,21001,133,1024,4.0,500.58,0.0,2002.32,0.0,2002.32,283.62,867.84,0.4334172360062327,Credit Card,Mobile App,False,None,Rainy,False,242,False,373,322,-51.0,False,5.0
20231506,2024-11-01,Friday,20271,140,1021,7.0,81.9,0.0,573.3,0.0,573.3,45.04,258.02,0.4500610500610502,Credit Card,In-Store,False,None,Cloudy,False,423,False,329,401,72.0,False,2.0
20231507,2024-12-15,Sunday,21043,146,1007,1.0,1107.41,0.0,1107.41,0.0,1107.41,637.12,470.29,0.424675594404963,Cash,Mobile App,False,None,Sunny,False,118,False,188,194,6.0,False,4.0
20231508,2024-12-19,Thursday,20920,142,1026,4.0,234.41,0.0,937.64,0.0,937.64,130.01,417.6,0.4453734908920268,Credit Card,Mobile App,False,None,Sunny,False,438,False,369,237,-132.0,False,1.0
20231509,2024-10-17,Thursday,20025,112,1043,7.0,122.78,0.0,859.46,0.0,859.46,75.88,328.3,0.3819840364880274,Cash,Mobile App,False,None,Snowy,False,371,False,267,340,73.0,False,5.0
20231510,2024-12-16,Monday,21036,123,1006,1.0,269.8,0.0,269.8,0.0,269.8,163.55,106.25,0.39381022979985175,Debit Card,Curbside Pickup,False,None,Stormy,False,185,False,473,561,88.0,False,5.0
20231511,2023-11-06,Monday,20961,141,1011,2.0,861.34,0.0,1722.68,0.0,1722.68,618.67,485.34,0.28173543548424557,Gift Card,Online,False,None,Sunny,False,158,False,55,38,-17.0,False,1.0
20231512,2024-06-30,Sunday,20118,146,1022,1.0,326.97,0.0,326.97,0.0,326.97,187.99,138.98,0.42505428632596265,Gift Card,Mobile App,False,None,Cloudy,False,455,False,303,309,6.0,False,3.0
20231513,2024-06-03,Monday,20334,147,1001,1.0,664.05,0.0,664.05,0.0,664.05,419.73,244.32,0.36792410210074533,Digital Wallet,Mobile App,False,None,Cloudy,False,381,False,114,144,30.0,False,2.0
20231514,2023-04-20,Thursday,21134,113,1009,1.0,1757.57,0.0,1757.57,0.0,1757.57,1077.88,679.69,0.38672143925988717,Debit Card,In-Store,False,None,Stormy,False,225,False,404,345,-59.0,False,2.0
20231515,2023-11-19,Sunday,20394,143,1045,5.0,221.74,0.25,1108.7,277.175,831.525,159.92,31.925,0.03839331349027411,Gift Card,Curbside Pickup,True,BOGO,Sunny,False,280,False,429,570,141.0,False,3.0
20231516,2023-12-27,Wednesday,20617,137,1036,1.0,1051.69,0.32,1051.69,336.5408,715.1492,738.32,-23.1708,-0.03239995234560842,EBT,In-Store,True,Bundle Deal,Sunny,False,150,False,426,321,-105.0,False,1.0
20231517,2023-12-03,Sunday,21008,135,1015,5.0,261.37,0.1,1306.85,130.685,1176.165,149.38,429.265,0.36497005097073965,EBT,Mobile App,True,BOGO,Sunny,False,129,False,341,315,-26.0,False,5.0
20231518,2024-12-10,Tuesday,20850,102,1049,6.0,158.7,0.0,952.2,0.0,952.2,117.26,248.64,0.2611216131064901,Digital Wallet,Mobile App,False,None,Windy,False,7,True,99,107,8.0,False,4.0
20231519,2023-05-25,Thursday,20381,118,1002,1.0,1235.06,0.25,1235.06,308.765,926.295,759.3,166.995,0.18028273930011499,Debit Card,Curbside Pickup,True,Bundle Deal,Cloudy,False,413,False,68,43,-25.0,False,4.0
20231520,2024-11-09,Saturday,21149,103,1013,4.0,178.74,0.26,714.96,185.8896,529.0704,118.75,54.0704,0.10219887561277301,Credit Card,Online,True,Clearance,Cloudy,False,166,False,450,506,56.0,False,4.0
20231521,2024-12-18,Wednesday,20552,109,1003,1.0,1974.33,0.05,1974.33,98.7165,1875.6135,1394.94,480.6735,0.25627534670655755,EBT,Curbside Pickup,True,Bundle Deal,Sunny,False,40,False,418,301,-117.0,False,1.0
20231522,2024-11-12,Tuesday,20881,138,1035,4.0,707.06,0.0,2828.24,0.0,2828.24,403.28,1215.12,0.4296382202359064,EBT,In-Store,False,None,Cloudy,False,407,False,232,160,-72.0,False,4.0
20231523,2024-05-25,Saturday,20412,142,1029,2.0,2298.49,0.0,4596.98,0.0,4596.98,1429.66,1737.66,0.37800033935322747,Digital Wallet,In-Store,False,None,Cloudy,False,102,False,181,257,76.0,False,1.0
20231524,2024-11-11,Monday,20036,140,1037,1.0,401.79,0.0,401.79,0.0,401.79,270.26,131.53,0.32736006371487597,Digital Wallet,Online,False,None,Cloudy,False,170,False,58,73,15.0,False,3.0
20231525,2023-10-01,Sunday,21093,103,1042,3.0,448.03,0.0,1344.09,0.0,1344.09,233.03,645.0,0.47987857955940444,EBT,In-Store,False,None,Stormy,False,392,False,136,82,-54.0,False,3.0
20231526,2023-06-13,Tuesday,20120,117,1025,4.0,561.6,0.0,2246.4,0.0,2246.4,301.28,1041.28,0.4635327635327636,Gift Card,Mobile App,False,None,Snowy,False,470,False,416,519,103.0,True,1.0
20231527,2024-11-29,Friday,20251,143,1050,2.0,1318.53,0.0,2637.06,0.0,2637.06,742.28,1152.5,0.4370397336427688,Credit Card,Mobile App,False,None,Snowy,True,422,False,459,304,-155.0,False,4.0
20231528,2023-10-03,Tuesday,20543,134,1043,3.0,116.9,0.13,350.7,45.591,305.109,75.88,77.469,0.2539059811411661,Gift Card,Online,True,Clearance,Cloudy,False,332,False,442,473,31.0,False,3.0
20231529,2024-12-30,Monday,20336,143,1048,3.0,261.88,0.0,785.64,0.0,785.64,184.37,232.53,0.2959752558423705,Digital Wallet,Curbside Pickup,False,None,Windy,False,45,False,373,376,3.0,False,2.0
20231530,2023-03-05,Sunday,20507,118,1018,1.0,338.4,0.26,338.4,87.984,250.416,198.14,52.276,0.20875662896939498,Cash,Mobile App,True,Clearance,Stormy,False,27,False,154,203,49.0,False,2.0
20231531,2024-11-19,Tuesday,20416,119,1012,5.0,233.63,0.0,1168.15,0.0,1168.15,173.37,301.3,0.25792920429739336,EBT,Online,False,None,Cloudy,False,365,False,439,317,-122.0,False,1.0
20231532,2023-12-25,Monday,20770,112,1020,4.0,333.41,0.33,1333.64,440.1012,893.5388,190.07,133.2588,0.14913599722810028,Cash,In-Store,True,Manufacturer Rebate,Windy,True,495,False,164,229,65.0,False,1.0
20231533,2024-07-01,Monday,20884,125,1036,1.0,1060.29,0.27,1060.29,286.2783,774.0117,738.32,35.6917,0.04611261044245193,Cash,In-Store,True,Clearance,Sunny,False,189,False,101,143,42.0,False,3.0
20231534,2023-11-27,Monday,20926,149,1027,4.0,62.28,0.0,249.12,0.0,249.12,37.44,99.36,0.3988439306358382,Gift Card,In-Store,False,None,Windy,False,43,False,229,178,-51.0,False,2.0
20231535,2024-11-06,Wednesday,20963,136,1015,1.0,238.17,0.1,238.17,23.817,214.353,149.38,64.973,0.30311215611631276,Digital Wallet,Mobile App,True,Bundle Deal,Cloudy,False,356,False,468,572,104.0,False,5.0
20231536,2023-12-12,Tuesday,20720,147,1027,6.0,62.14,0.13,372.84,48.4692,324.3708,37.44,99.7308,0.3074592410907518,Cash,In-Store,True,Percentage Discount,Rainy,False,409,False,383,233,-150.0,False,5.0
20231537,2023-10-02,Monday,20944,121,1002,1.0,1301.04,0.0,1301.04,0.0,1301.04,759.3,541.74,0.4163899649511161,EBT,Online,False,None,Stormy,False,170,False,339,413,74.0,False,4.0
20231538,2024-04-27,Saturday,21130,106,1022,1.0,310.33,0.0,310.33,0.0,310.33,187.99,122.34,0.39422550188509,Digital Wallet,Mobile App,False,None,Snowy,False,30,False,395,478,83.0,False,3.0
20231539,2023-03-08,Wednesday,20249,135,1025,1.0,561.04,0.0,561.04,0.0,561.04,301.28,259.76,0.4629972907457579,Debit Card,Online,False,None,Cloudy,False,294,False,295,401,106.0,False,3.0
20231540,2023-03-15,Wednesday,20238,120,1002,2.0,1317.14,0.0,2634.28,0.0,2634.28,759.3,1115.68,0.42352369527916556,Debit Card,Mobile App,False,None,Rainy,False,35,False,387,384,-3.0,False,2.0
20231541,2024-07-23,Tuesday,21002,115,1025,1.0,528.33,0.0,528.33,0.0,528.33,301.28,227.05,0.42975034542804696,EBT,Mobile App,False,None,Sunny,False,255,False,262,207,-55.0,True,5.0
20231542,2023-09-20,Wednesday,20196,132,1009,2.0,1846.45,0.25,3692.9,923.225,2769.675,1077.88,613.915,0.22165597046584887,Cash,Mobile App,True,Manufacturer Rebate,Sunny,False,236,False,204,155,-49.0,False,4.0
20231543,2024-06-13,Thursday,20741,145,1040,2.0,89.93,0.0,179.86,0.0,179.86,47.28,85.3,0.4742577560324697,Gift Card,Curbside Pickup,False,None,Sunny,False,14,True,348,359,11.0,True,5.0
20231544,2023-12-18,Monday,20977,147,1032,1.0,973.23,0.0,973.23,0.0,973.23,572.31,400.92,0.4119478437779354,Cash,Mobile App,False,None,Sunny,False,312,False,115,93,-22.0,False,5.0
20231545,2023-04-04,Tuesday,20655,101,1040,4.0,94.33,0.0,377.32,0.0,377.32,47.28,188.2,0.4987808756493162,Gift Card,Online,False,None,Windy,False,16,True,431,487,56.0,False,2.0
20231546,2023-09-09,Saturday,20005,130,1037,2.0,409.2,0.0,818.4,0.0,818.4,270.26,277.88,0.3395405669599218,Debit Card,Curbside Pickup,False,None,Cloudy,False,238,False,371,321,-50.0,False,3.0
20231547,2024-09-10,Tuesday,20320,150,1027,2.0,61.78,0.0,123.56,0.0,123.56,37.44,48.68,0.39397863386209137,Gift Card,Curbside Pickup,False,None,Sunny,False,39,False,81,85,4.0,False,5.0
20231548,2024-12-04,Wednesday,20097,104,1042,2.0,436.65,0.0,873.3,0.0,873.3,233.03,407.24,0.46632314210466047,Credit Card,Curbside Pickup,False,None,Windy,False,283,False,408,505,97.0,False,3.0
20231549,2023-06-17,Saturday,20506,131,1030,1.0,893.99,0.0,893.99,0.0,893.99,569.19,324.8,0.3633150258951442,Digital Wallet,Online,False,None,Stormy,False,3,True,279,268,-11.0,False,4.0
20231550,2023-12-19,Tuesday,20686,124,1038,6.0,153.58,0.0,921.48,0.0,921.48,88.81,388.62,0.4217346008594869,Digital Wallet,Mobile App,False,None,Rainy,False,9,True,172,189,17.0,False,1.0
20231551,2023-05-14,Sunday,20159,147,1015,6.0,254.37,0.13,1526.22,198.4086,1327.8114,149.38,431.5314,0.3249944984656707,EBT,Mobile App,True,Manufacturer Rebate,Cloudy,False,406,False,254,281,27.0,False,5.0
20231552,2023-11-28,Tuesday,20815,140,1013,5.0,178.12,0.0,890.6,0.0,890.6,118.75,296.85,0.3333146193577364,Digital Wallet,Curbside Pickup,False,None,Snowy,True,48,False,102,85,-17.0,False,5.0
20231553,2024-03-05,Tuesday,20016,128,1046,4.0,515.97,0.0,2063.88,0.0,2063.88,345.33,682.56,0.33071690214547367,Cash,In-Store,False,None,Stormy,False,209,False,321,292,-29.0,False,4.0
20231554,2024-04-22,Monday,20750,145,1049,6.0,156.83,0.11,940.98,103.5078,837.4722,117.26,133.9122,0.1599004719201425,Digital Wallet,In-Store,True,Clearance,Rainy,False,78,False,409,469,60.0,False,4.0
20231555,2023-03-21,Tuesday,20566,150,1042,2.0,413.36,0.0,826.72,0.0,826.72,233.03,360.66,0.4362541126378943,Digital Wallet,In-Store,False,None,Windy,False,470,False,27,22,-5.0,False,4.0
20231556,2024-01-04,Thursday,20859,127,1025,4.0,564.16,0.0,2256.64,0.0,2256.64,301.28,1051.52,0.46596710153148047,Credit Card,In-Store,False,None,Windy,False,3,True,256,159,-97.0,False,5.0
20231557,2023-06-06,Tuesday,20208,101,1044,1.0,68.78,0.0,68.78,0.0,68.78,46.06,22.72,0.3303285838906659,Cash,Online,False,None,Windy,False,69,False,193,180,-13.0,False,3.0
20231558,2024-09-05,Thursday,20771,108,1025,3.0,571.08,0.0,1713.24,0.0,1713.24,301.28,809.4,0.47243818729424963,Gift Card,Curbside Pickup,False,None,Sunny,False,137,False,314,376,62.0,True,4.0
20231559,2023-08-19,Saturday,20020,149,1041,3.0,616.24,0.19,1848.72,351.2568,1497.4632,486.05,39.3132,0.026253199410843652,EBT,Online,True,BOGO,Stormy,False,334,False,282,201,-81.0,False,3.0
20231560,2024-11-17,Sunday,20447,114,1047,2.0,381.94,0.0,763.88,0.0,763.88,273.17,217.54,0.2847829502016023,Debit Card,Curbside Pickup,False,None,Cloudy,False,216,False,265,266,1.0,True,3.0
20231561,2023-02-13,Monday,20836,111,1022,1.0,327.99,0.29,327.99,95.1171,232.8729,187.99,44.8829,0.19273560813645557,Debit Card,Mobile App,True,Clearance,Snowy,False,55,False,178,192,14.0,False,3.0
20231562,2024-06-20,Thursday,20270,140,1005,1.0,1144.84,0.06,1144.84,68.6904,1076.1496,774.22,301.9296,0.28056470959056246,EBT,Online,True,Loyalty Reward,Sunny,False,511,False,358,287,-71.0,True,1.0
20231563,2024-12-25,Wednesday,20760,134,1047,2.0,395.9,0.27,791.8,213.786,578.014,273.17,31.674,0.05479798067174821,Cash,In-Store,True,Loyalty Reward,Sunny,True,239,False,41,35,-6.0,False,1.0
20231564,2024-03-01,Friday,20165,149,1008,1.0,605.21,0.0,605.21,0.0,605.21,397.4,207.81,0.3433684175740653,EBT,Mobile App,False,None,Sunny,False,405,False,136,178,42.0,False,2.0
20231565,2024-05-04,Saturday,20989,119,1003,1.0,1790.82,0.0,1790.82,0.0,1790.82,1394.94,395.88,0.2210607431232619,Credit Card,Mobile App,False,None,Sunny,False,284,False,361,391,30.0,False,1.0
20231566,2024-04-23,Tuesday,20279,146,1025,1.0,560.17,0.0,560.17,0.0,560.17,301.28,258.89,0.4621632718638985,Cash,In-Store,False,None,Stormy,False,304,False,459,404,-55.0,False,2.0
20231567,2024-06-16,Sunday,20944,121,1013,6.0,169.34,0.1,1016.04,101.604,914.436,118.75,201.936,0.22083120087135671,Digital Wallet,Online,True,Percentage Discount,Sunny,False,154,False,86,58,-28.0,False,1.0
20231568,2024-02-22,Thursday,20758,105,1018,1.0,362.37,0.0,362.37,0.0,362.37,198.14,164.23,0.4532108066341033,Cash,Curbside Pickup,False,None,Sunny,False,74,False,450,297,-153.0,False,5.0
20231569,2024-12-17,Tuesday,20936,150,1035,2.0,724.72,0.3,1449.44,434.832,1014.608,403.28,208.048,0.20505259173986418,EBT,Curbside Pickup,True,Manufacturer Rebate,Snowy,False,393,False,299,301,2.0,False,1.0
20231570,2023-11-01,Wednesday,20370,130,1031,2.0,574.71,0.0,1149.42,0.0,1149.42,402.09,345.24,0.3003601816568357,EBT,Mobile App,False,None,Sunny,False,301,False,379,309,-70.0,False,1.0
20231571,2023-04-10,Monday,20005,130,1039,6.0,98.04,0.0,588.24,0.0,588.24,71.53,159.06,0.2703998368013056,Credit Card,Mobile App,False,None,Sunny,False,302,False,471,387,-84.0,False,3.0
20231572,2024-11-01,Friday,20011,111,1046,2.0,539.27,0.0,1078.54,0.0,1078.54,345.33,387.88,0.3596343204702654,Debit Card,Online,False,None,Stormy,False,335,False,106,144,38.0,False,3.0
20231573,2024-09-05,Thursday,20263,101,1025,1.0,550.59,0.0,550.59,0.0,550.59,301.28,249.31,0.4528051726329938,Credit Card,In-Store,False,None,Cloudy,False,175,False,60,58,-2.0,False,4.0
20231574,2024-04-12,Friday,20870,104,1022,4.0,330.32,0.17,1321.28,224.6176,1096.6624,187.99,344.7024,0.31431952075679803,Debit Card,Mobile App,True,Manufacturer Rebate,Cloudy,False,286,False,271,244,-27.0,False,1.0
20231575,2023-11-30,Thursday,20021,131,1003,1.0,1840.89,0.0,1840.89,0.0,1840.89,1394.94,445.95,0.24224695663510587,Cash,Mobile App,False,None,Cloudy,False,122,False,338,212,-126.0,False,4.0
20231576,2024-05-16,Thursday,20634,113,1025,2.0,532.19,0.0,1064.38,0.0,1064.38,301.28,461.82,0.43388639395704554,Digital Wallet,Online,False,None,Cloudy,False,179,False,291,212,-79.0,False,1.0
20231577,2023-12-09,Saturday,20481,127,1031,1.0,570.81,0.28,570.81,159.8268,410.9832,402.09,8.8932,0.02163884071173707,Gift Card,In-Store,True,Loyalty Reward,Rainy,False,290,False,85,73,-12.0,False,1.0
20231578,2024-11-06,Wednesday,20766,143,1010,3.0,415.42,0.0,1246.26,0.0,1246.26,261.42,462.0,0.3707091618121419,Digital Wallet,In-Store,False,None,Snowy,False,403,False,326,299,-27.0,False,2.0
20231579,2024-11-09,Saturday,20923,115,1025,2.0,557.71,0.0,1115.42,0.0,1115.42,301.28,512.86,0.4597909307704722,Gift Card,In-Store,False,None,Cloudy,False,391,False,167,147,-20.0,False,1.0
20231580,2023-11-02,Thursday,20104,114,1036,1.0,1024.68,0.0,1024.68,0.0,1024.68,738.32,286.36,0.2794628566967248,Gift Card,Curbside Pickup,False,None,Rainy,False,297,False,443,405,-38.0,False,3.0
20231581,2023-04-11,Tuesday,20947,150,1005,2.0,1173.41,0.0,2346.82,0.0,2346.82,774.22,798.38,0.34019652125003197,Digital Wallet,Mobile App,False,None,Cloudy,False,514,False,267,237,-30.0,False,2.0
20231582,2024-11-14,Thursday,20416,119,1028,1.0,818.4,0.0,818.4,0.0,818.4,494.36,324.04,0.39594330400782013,Debit Card,Online,False,None,Cloudy,False,236,False,213,273,60.0,False,1.0
20231583,2023-06-01,Thursday,20018,130,1036,1.0,1140.77,0.0,1140.77,0.0,1140.77,738.32,402.45,0.3527880291382136,Digital Wallet,In-Store,False,None,Stormy,False,314,False,349,230,-119.0,False,3.0
20231584,2024-01-02,Tuesday,21062,101,1045,1.0,229.68,0.0,229.68,0.0,229.68,159.92,69.76,0.30372692441657967,Debit Card,Mobile App,False,None,Sunny,False,158,False,394,332,-62.0,False,2.0
20231585,2024-11-03,Sunday,20601,124,1028,4.0,812.49,0.0,3249.96,0.0,3249.96,494.36,1272.52,0.3915494344545779,Cash,Mobile App,False,None,Sunny,False,65,False,406,396,-10.0,False,3.0
20231586,2023-12-16,Saturday,20206,126,1033,1.0,848.8,0.0,848.8,0.0,848.8,465.85,382.95,0.4511663524976437,Digital Wallet,Mobile App,False,None,Stormy,False,485,False,454,532,78.0,False,1.0
20231587,2024-04-26,Friday,20996,114,1038,3.0,152.98,0.0,458.94,0.0,458.94,88.81,192.51,0.4194665969407765,Debit Card,Mobile App,False,None,Rainy,False,190,False,450,423,-27.0,False,5.0
20231588,2023-12-14,Thursday,20071,126,1012,2.0,248.1,0.0,496.2,0.0,496.2,173.37,149.46,0.3012091898428053,Digital Wallet,Mobile App,False,None,Cloudy,False,203,False,279,386,107.0,False,2.0
20231589,2024-05-14,Tuesday,20047,106,1009,2.0,1760.9,0.07,3521.8,246.526,3275.274,1077.88,1119.514,0.34180773883345333,Digital Wallet,In-Store,True,Percentage Discount,Cloudy,False,384,False,45,50,5.0,False,2.0
20231590,2024-09-02,Monday,20595,112,1042,2.0,421.35,0.0,842.7,0.0,842.7,233.03,376.64,0.44694434555595114,Gift Card,Curbside Pickup,False,None,Cloudy,True,489,False,440,615,175.0,True,3.0
20231591,2023-10-06,Friday,21189,144,1018,2.0,357.98,0.0,715.96,0.0,715.96,198.14,319.68,0.446505391362646,Credit Card,Curbside Pickup,False,None,Snowy,False,465,False,354,469,115.0,False,4.0
20231592,2023-03-07,Tuesday,21092,101,1014,7.0,229.99,0.08,1609.93,128.7944,1481.1356,172.18,275.8756,0.1862595160092027,Credit Card,Mobile App,True,Bundle Deal,Rainy,False,436,False,59,64,5.0,False,1.0
20231593,2023-06-28,Wednesday,20070,138,1021,5.0,77.16,0.33,385.8,127.314,258.486,45.04,33.286,0.1287729316094489,Credit Card,In-Store,True,BOGO,Snowy,False,309,False,280,388,108.0,False,5.0
20231594,2023-07-31,Monday,20734,129,1027,5.0,58.11,0.15,290.55,43.5825,246.9675,37.44,59.7675,0.24200552704303202,Cash,Mobile App,True,Bundle Deal,Sunny,False,13,True,57,59,2.0,False,5.0
20231595,2024-03-04,Monday,20438,141,1003,1.0,1780.83,0.25,1780.83,445.2075,1335.6225,1394.94,-59.3175,-0.04441187536148883,EBT,In-Store,True,Percentage Discount,Sunny,False,372,False,261,378,117.0,False,5.0
20231596,2024-03-18,Monday,20779,105,1032,2.0,935.71,0.0,1871.42,0.0,1871.42,572.31,726.8,0.38836819099934816,Gift Card,Curbside Pickup,False,None,Cloudy,False,438,False,476,293,-183.0,False,1.0
20231597,2023-02-15,Wednesday,20403,108,1041,3.0,678.46,0.21,2035.38,427.4298,1607.9502,486.05,149.8002,0.09316221360586921,Gift Card,Curbside Pickup,True,Percentage Discount,Cloudy,False,298,False,241,156,-85.0,False,1.0
20231598,2023-10-15,Sunday,20890,113,1004,1.0,694.34,0.0,694.34,0.0,694.34,445.03,249.31,0.35906040268456385,Debit Card,In-Store,False,None,Rainy,False,115,False,164,117,-47.0,True,2.0
20231599,2024-12-07,Saturday,20614,149,1012,1.0,256.68,0.0,256.68,0.0,256.68,173.37,83.31,0.3245675549322113,EBT,Online,False,None,Cloudy,False,513,False,475,522,47.0,False,2.0
20231600,2024-05-27,Monday,20965,123,1031,4.0,512.4,0.23,2049.6,471.408,1578.192,402.09,-30.168,-0.01911554487666893,Debit Card,Mobile App,True,Bundle Deal,Snowy,True,273,False,148,204,56.0,False,4.0
20231601,2023-01-19,Thursday,20315,137,1035,1.0,717.6,0.0,717.6,0.0,717.6,403.28,314.32,0.43801560758082503,EBT,In-Store,False,None,Windy,False,158,False,331,235,-96.0,True,1.0
20231602,2023-08-11,Friday,20041,123,1019,1.0,1231.28,0.13,1231.28,160.0664,1071.2136,867.36,203.8536,0.19030154210140723,Gift Card,Online,True,BOGO,Snowy,False,154,False,242,324,82.0,False,3.0
20231603,2023-10-26,Thursday,20542,149,1031,2.0,523.01,0.13,1046.02,135.9826,910.0374,402.09,105.8574,0.11632203247910469,Debit Card,Mobile App,True,Loyalty Reward,Stormy,False,402,False,352,358,6.0,False,1.0
20231604,2024-12-06,Friday,20451,103,1001,2.0,623.63,0.0,1247.26,0.0,1247.26,419.73,407.8,0.3269566890624248,Cash,Mobile App,False,None,Sunny,False,186,False,198,123,-75.0,False,4.0
20231605,2023-11-29,Wednesday,20280,150,1049,4.0,165.65,0.16,662.6,106.016,556.584,117.26,87.544,0.1572880284018226,EBT,Mobile App,True,Loyalty Reward,Cloudy,True,417,False,386,373,-13.0,False,2.0
20231606,2024-11-09,Saturday,20066,123,1008,4.0,642.48,0.16,2569.92,411.1872,2158.7328,397.4,569.1328,0.2636420774261642,Credit Card,Online,True,Percentage Discount,Sunny,False,1,True,263,159,-104.0,False,3.0
20231607,2023-12-17,Sunday,20671,133,1046,2.0,524.07,0.0,1048.14,0.0,1048.14,345.33,357.48,0.34106130860381256,Credit Card,Online,False,None,Windy,False,110,False,432,399,-33.0,False,5.0
20231608,2024-11-08,Friday,20759,134,1042,4.0,419.92,0.0,1679.68,0.0,1679.68,233.03,747.56,0.44506096399314155,Credit Card,Online,False,None,Cloudy,False,195,False,363,411,48.0,False,2.0
20231609,2024-02-06,Tuesday,20955,134,1006,1.0,264.09,0.27,264.09,71.3043,192.7857,163.55,29.2357,0.1516486959354348,Digital Wallet,In-Store,True,Loyalty Reward,Cloudy,False,140,False,356,322,-34.0,False,4.0
20231610,2024-11-16,Saturday,20989,107,1019,1.0,1354.44,0.29,1354.44,392.7876,961.6524,867.36,94.2924,0.09805247717366487,Cash,Curbside Pickup,True,Clearance,Cloudy,False,44,False,397,469,72.0,False,1.0
20231611,2024-12-26,Thursday,21040,106,1041,4.0,645.07,0.0,2580.28,0.0,2580.28,486.05,636.08,0.24651588199730265,Cash,Mobile App,False,None,Sunny,False,170,False,222,198,-24.0,False,4.0
20231612,2023-07-09,Sunday,20109,145,1020,1.0,337.15,0.0,337.15,0.0,337.15,190.07,147.08,0.43624499480943196,Digital Wallet,Mobile App,False,None,Cloudy,False,364,False,158,201,43.0,False,2.0
20231613,2024-12-10,Tuesday,20962,126,1012,5.0,233.66,0.0,1168.3,0.0,1168.3,173.37,301.45,0.25802448001369505,EBT,In-Store,False,None,Sunny,False,347,False,325,439,114.0,False,4.0
20231614,2024-11-25,Monday,20890,101,1043,6.0,115.24,0.0,691.44,0.0,691.44,75.88,236.16,0.34154807358556055,Credit Card,Online,False,None,Windy,False,394,False,247,174,-73.0,False,3.0
20231615,2024-08-14,Wednesday,20678,120,1036,2.0,1025.45,0.0,2050.9,0.0,2050.9,738.32,574.26,0.28000390072651027,Credit Card,Mobile App,False,None,Sunny,False,120,False,295,251,-44.0,False,1.0
20231616,2023-08-11,Friday,21058,132,1018,2.0,352.02,0.0,704.04,0.0,704.04,198.14,307.76,0.43713425373558323,Credit Card,Curbside Pickup,False,None,Rainy,False,191,False,126,116,-10.0,False,1.0
20231617,2023-12-20,Wednesday,20426,120,1041,4.0,647.56,0.0,2590.24,0.0,2590.24,486.05,646.04,0.2494131817901043,Cash,Mobile App,False,None,Snowy,False,207,False,74,57,-17.0,False,1.0
20231618,2023-05-09,Tuesday,20601,124,1047,1.0,379.39,0.12,379.39,45.5268,333.8632,273.17,60.6932,0.18179062562151202,Digital Wallet,In-Store,True,BOGO,Cloudy,False,70,False,220,269,49.0,False,3.0
20231619,2023-01-03,Tuesday,20237,106,1006,4.0,288.6,0.0,1154.4,0.0,1154.4,163.55,500.2,0.4332986832986833,Credit Card,Curbside Pickup,False,None,Cloudy,False,472,False,254,231,-23.0,False,1.0
20231620,2023-02-22,Wednesday,20164,109,1027,6.0,56.72,0.0,340.32,0.0,340.32,37.44,115.68,0.33991537376586745,Cash,Online,False,None,Sunny,False,111,False,275,246,-29.0,False,3.0
20231621,2024-11-07,Thursday,20798,137,1039,3.0,103.0,0.0,309.0,0.0,309.0,71.53,94.41,0.30553398058252423,EBT,Curbside Pickup,False,None,Sunny,False,143,False,199,265,66.0,False,3.0
20231622,2024-09-10,Tuesday,20950,127,1009,2.0,1706.84,0.0,3413.68,0.0,3413.68,1077.88,1257.92,0.368493824845914,EBT,Online,False,None,Rainy,False,234,False,166,236,70.0,False,4.0
20231623,2023-08-10,Thursday,20544,102,1016,4.0,365.5,0.0,1462.0,0.0,1462.0,263.25,409.0,0.27975376196990426,Credit Card,Curbside Pickup,False,None,Stormy,False,146,False,417,355,-62.0,False,2.0
20231624,2024-05-13,Monday,21033,108,1017,6.0,121.58,0.0,729.48,0.0,729.48,93.3,169.68,0.2326040467182103,Gift Card,In-Store,False,None,Cloudy,False,406,False,218,175,-43.0,False,2.0
20231625,2023-06-23,Friday,20173,144,1037,2.0,381.2,0.0,762.4,0.0,762.4,270.26,221.88,0.2910283315844701,Debit Card,Online,False,None,Rainy,False,293,False,197,226,29.0,False,5.0
20231626,2024-07-23,Tuesday,21174,105,1048,3.0,287.24,0.0,861.72,0.0,861.72,184.37,308.61,0.35813257206517196,Cash,Mobile App,False,None,Cloudy,False,501,False,352,356,4.0,False,4.0
20231627,2024-02-01,Thursday,20278,116,1021,5.0,75.21,0.0,376.05,0.0,376.05,45.04,150.85,0.4011434649647653,EBT,Mobile App,False,None,Snowy,False,325,False,259,362,103.0,False,1.0
20231628,2023-11-16,Thursday,20129,137,1002,1.0,1214.67,0.0,1214.67,0.0,1214.67,759.3,455.37,0.37489194596063136,EBT,In-Store,False,None,Sunny,False,184,False,234,320,86.0,False,3.0
20231629,2024-05-15,Wednesday,20499,132,1006,2.0,270.04,0.05,540.08,27.004,513.076,163.55,185.976,0.3624726161426377,Cash,Online,True,Bundle Deal,Sunny,False,422,False,144,109,-35.0,False,1.0
20231630,2024-09-11,Wednesday,20921,142,1029,2.0,2100.96,0.27,4201.92,1134.5184,3067.4016,1429.66,208.0816,0.06783643850221632,EBT,Mobile App,True,BOGO,Snowy,False,87,False,287,279,-8.0,False,4.0
20231631,2024-10-22,Tuesday,20704,146,1010,2.0,387.32,0.0,774.64,0.0,774.64,261.42,251.8,0.3250542187338634,Gift Card,Online,False,None,Cloudy,False,505,False,181,164,-17.0,False,1.0
20231632,2023-03-10,Friday,20251,137,1021,5.0,77.12,0.0,385.6,0.0,385.6,45.04,160.4,0.4159751037344399,Digital Wallet,In-Store,False,None,Stormy,False,492,False,261,299,38.0,False,2.0
20231633,2024-11-25,Monday,20482,113,1042,2.0,428.76,0.33,857.52,282.9816,574.5384,233.03,108.4784,0.18880966006797792,Cash,Online,True,Clearance,Sunny,False,3,True,117,134,17.0,False,2.0
20231634,2024-12-13,Friday,20389,130,1033,2.0,842.78,0.27,1685.56,455.1012,1230.4588,465.85,298.7588,0.242802765927636,Credit Card,Mobile App,True,Loyalty Reward,Cloudy,False,180,False,380,268,-112.0,False,2.0
20231635,2024-08-03,Saturday,20488,131,1027,5.0,59.32,0.0,296.6,0.0,296.6,37.44,109.4,0.3688469318948079,EBT,In-Store,False,None,Snowy,False,483,False,238,162,-76.0,False,2.0
20231636,2024-03-08,Friday,21008,117,1024,2.0,473.02,0.0,946.04,0.0,946.04,283.62,378.8,0.40040590249883723,Gift Card,Online,False,None,Sunny,False,515,False,335,277,-58.0,False,2.0
20231637,2023-07-12,Wednesday,20015,141,1032,2.0,986.83,0.0,1973.66,0.0,1973.66,572.31,829.04,0.4200520859722547,EBT,Online,False,None,Rainy,False,83,False,378,479,101.0,False,1.0
20231638,2024-09-13,Friday,21094,145,1049,1.0,153.16,0.0,153.16,0.0,153.16,117.26,35.9,0.2343954034996082,Credit Card,In-Store,False,None,Sunny,False,114,False,258,177,-81.0,False,1.0
20231639,2024-11-18,Monday,20626,115,1026,6.0,227.19,0.0,1363.14,0.0,1363.14,130.01,583.08,0.4277477001628593,Gift Card,Online,False,None,Stormy,False,212,False,461,475,14.0,False,2.0
20231640,2023-11-28,Tuesday,20738,125,1007,2.0,1091.0,0.14,2182.0,305.48,1876.52,637.12,602.28,0.32095581182188304,Digital Wallet,Curbside Pickup,True,Loyalty Reward,Cloudy,True,226,False,296,267,-29.0,False,2.0
20231641,2024-05-10,Friday,20142,122,1035,2.0,735.7,0.0,1471.4,0.0,1471.4,403.28,664.84,0.4518417833355988,Cash,Online,False,None,Windy,False,512,False,459,594,135.0,False,2.0
20231642,2023-11-05,Sunday,20813,128,1030,2.0,858.42,0.0,1716.84,0.0,1716.84,569.19,578.46,0.3369329698748863,EBT,In-Store,False,None,Cloudy,False,127,False,144,204,60.0,False,3.0
20231643,2023-03-05,Sunday,20313,137,1004,3.0,718.84,0.0,2156.52,0.0,2156.52,445.03,821.43,0.38090534750431254,Gift Card,Mobile App,False,None,Cloudy,False,89,False,101,139,38.0,False,5.0
20231644,2023-11-07,Tuesday,20592,103,1025,1.0,530.05,0.0,530.05,0.0,530.05,301.28,228.77,0.4316007923780775,Debit Card,In-Store,False,None,Cloudy,False,460,False,302,211,-91.0,False,1.0
20231645,2024-11-07,Thursday,21133,112,1047,2.0,399.03,0.24,798.06,191.5344,606.5256,273.17,60.1856,0.09923010669294077,Credit Card,In-Store,True,Manufacturer Rebate,Sunny,False,210,False,457,336,-121.0,False,5.0
20231646,2024-12-30,Monday,20526,113,1033,2.0,814.04,0.0,1628.08,0.0,1628.08,465.85,696.38,0.42773082403813073,Digital Wallet,Online,False,None,Snowy,False,318,False,433,475,42.0,False,4.0
20231647,2024-12-31,Tuesday,21186,139,1016,2.0,390.26,0.0,780.52,0.0,780.52,263.25,254.02,0.32544970019986674,Credit Card,Curbside Pickup,False,None,Snowy,True,225,False,398,532,134.0,False,1.0
20231648,2023-06-21,Wednesday,20658,111,1049,6.0,160.64,0.0,963.84,0.0,963.84,117.26,260.28,0.2700448207171314,Cash,Online,False,None,Cloudy,False,46,False,204,199,-5.0,False,2.0
20231649,2024-01-03,Wednesday,20016,108,1014,4.0,221.13,0.0,884.52,0.0,884.52,172.18,195.8,0.22136299914077687,Gift Card,Online,False,None,Stormy,False,104,False,333,329,-4.0,False,1.0
20231650,2024-11-07,Thursday,20330,132,1049,6.0,164.22,0.35,985.32,344.862,640.458,117.26,-63.102,-0.0985263670685667,Digital Wallet,In-Store,True,Manufacturer Rebate,Sunny,False,380,False,246,162,-84.0,False,2.0
20231651,2023-12-18,Monday,20436,126,1011,1.0,840.86,0.0,840.86,0.0,840.86,618.67,222.19,0.2642413719287397,Credit Card,Curbside Pickup,False,None,Snowy,False,362,False,241,288,47.0,False,3.0
20231652,2023-11-03,Friday,20487,129,1050,2.0,1212.47,0.0,2424.94,0.0,2424.94,742.28,940.38,0.3877951619421512,Debit Card,Mobile App,False,None,Cloudy,False,260,False,43,57,14.0,False,2.0
20231653,2024-12-24,Tuesday,20536,104,1031,1.0,521.11,0.0,521.11,0.0,521.11,402.09,119.02,0.22839707547350854,Digital Wallet,Mobile App,False,None,Cloudy,True,439,False,468,585,117.0,False,5.0
20231654,2024-11-12,Tuesday,20088,107,1045,5.0,238.92,0.0,1194.6,0.0,1194.6,159.92,395.0,0.3306546124225683,Cash,Curbside Pickup,False,None,Sunny,False,141,False,119,139,20.0,False,2.0
20231655,2024-10-23,Wednesday,20342,142,1046,3.0,555.23,0.31,1665.69,516.3639,1149.3261,345.33,113.3361,0.09861091643181163,Debit Card,In-Store,True,Clearance,Windy,False,68,False,447,586,139.0,False,2.0
20231656,2023-01-22,Sunday,20912,139,1017,5.0,127.44,0.32,637.2,203.904,433.296,93.3,-33.204,-0.07663121745873479,Debit Card,In-Store,True,Clearance,Rainy,False,264,False,74,57,-17.0,False,4.0
20231657,2024-04-20,Saturday,20206,132,1027,4.0,61.47,0.0,245.88,0.0,245.88,37.44,96.12,0.3909224011713031,Cash,Online,False,None,Cloudy,False,475,False,320,372,52.0,False,1.0
20231658,2024-09-05,Thursday,20898,101,1034,1.0,1558.34,0.0,1558.34,0.0,1558.34,1145.68,412.66,0.26480742328375056,Credit Card,Online,False,None,Snowy,False,361,False,85,69,-16.0,False,3.0
20231659,2024-09-03,Tuesday,20442,112,1035,3.0,749.96,0.1,2249.88,224.988,2024.892,403.28,815.052,0.4025162823498735,Credit Card,In-Store,True,Manufacturer Rebate,Snowy,False,157,False,123,160,37.0,False,3.0
20231660,2024-04-30,Tuesday,20462,118,1046,2.0,574.5,0.25,1149.0,287.25,861.75,345.33,171.09,0.19853785900783294,EBT,Mobile App,True,Percentage Discount,Stormy,False,240,False,458,588,130.0,False,1.0
20231661,2024-08-15,Thursday,20866,118,1016,1.0,390.8,0.3,390.8,117.24,273.56,263.25,10.31,0.0376882585173271,EBT,Online,True,BOGO,Sunny,False,70,False,454,530,76.0,False,4.0
20231662,2023-07-11,Tuesday,20307,124,1023,1.0,134.55,0.0,134.55,0.0,134.55,70.74,63.81,0.4742474916387961,Gift Card,Curbside Pickup,False,None,Cloudy,False,208,False,97,63,-34.0,False,5.0
20231663,2024-11-03,Sunday,21044,147,1018,1.0,337.78,0.0,337.78,0.0,337.78,198.14,139.64,0.4134051749659542,EBT,Mobile App,False,None,Snowy,False,327,False,136,83,-53.0,False,1.0
20231664,2023-07-27,Thursday,20375,109,1043,2.0,119.77,0.0,239.54,0.0,239.54,75.88,87.78,0.3664523670368206,Debit Card,In-Store,False,None,Cloudy,False,53,False,26,19,-7.0,True,3.0
20231665,2023-04-18,Tuesday,20881,138,1008,1.0,611.51,0.0,611.51,0.0,611.51,397.4,214.11,0.35013327664306393,Cash,Online,False,None,Sunny,False,98,False,175,237,62.0,False,2.0
20231666,2023-06-06,Tuesday,20333,148,1050,1.0,1304.21,0.0,1304.21,0.0,1304.21,742.28,561.93,0.4308585273843937,EBT,Curbside Pickup,False,None,Cloudy,False,482,False,201,239,38.0,False,3.0
20231667,2024-10-30,Wednesday,20755,114,1036,1.0,1150.45,0.0,1150.45,0.0,1150.45,738.32,412.13,0.3582337346255813,Cash,Online,False,None,Cloudy,False,282,False,118,117,-1.0,False,4.0
20231668,2023-12-10,Sunday,20376,146,1025,4.0,511.14,0.0,2044.56,0.0,2044.56,301.28,839.44,0.41057244590523145,Gift Card,Curbside Pickup,False,None,Sunny,False,452,False,236,144,-92.0,False,4.0
20231669,2024-12-06,Friday,21116,107,1034,2.0,1569.24,0.26,3138.48,816.0048,2322.4752,1145.68,31.1152,0.013397430465565244,Digital Wallet,Online,True,Manufacturer Rebate,Sunny,False,225,False,190,117,-73.0,True,3.0
20231670,2023-04-12,Wednesday,21078,149,1037,2.0,374.56,0.0,749.12,0.0,749.12,270.26,208.6,0.2784600598035028,Debit Card,Curbside Pickup,False,None,Snowy,False,317,False,36,38,2.0,False,4.0
20231671,2023-06-06,Tuesday,20748,115,1042,4.0,433.5,0.0,1734.0,0.0,1734.0,233.03,801.88,0.4624452133794694,Credit Card,Mobile App,False,None,Sunny,False,97,False,286,336,50.0,False,3.0
20231672,2024-01-02,Tuesday,20189,134,1029,1.0,2276.73,0.21,2276.73,478.1133,1798.6167,1429.66,368.9567,0.20513358960805822,Credit Card,In-Store,True,Manufacturer Rebate,Rainy,False,194,False,314,317,3.0,False,4.0
20231673,2023-12-03,Sunday,20203,122,1009,2.0,1726.26,0.1,3452.52,345.252,3107.268,1077.88,951.508,0.3062201264905376,Credit Card,Curbside Pickup,True,BOGO,Rainy,False,330,False,437,469,32.0,True,5.0
20231674,2023-11-29,Wednesday,20397,135,1005,1.0,1198.49,0.28,1198.49,335.5772,862.9128,774.22,88.6928,0.10278303902781362,Gift Card,Mobile App,True,Bundle Deal,Snowy,True,278,False,420,337,-83.0,False,3.0
20231675,2024-01-19,Friday,20107,137,1032,1.0,983.64,0.25,983.64,245.91,737.73,572.31,165.42,0.22422837623520808,EBT,Mobile App,True,Percentage Discount,Stormy,False,125,False,466,642,176.0,False,5.0
20231676,2024-12-06,Friday,20769,122,1040,7.0,85.99,0.31,601.93,186.5983,415.3317,47.28,84.3717,0.2031429337081661,Digital Wallet,Online,True,Bundle Deal,Stormy,False,261,False,132,144,12.0,False,2.0
20231677,2024-08-10,Saturday,21048,105,1049,7.0,158.73,0.3,1111.11,333.333,777.777,117.26,-43.043,-0.0553410553410555,Cash,In-Store,True,Loyalty Reward,Windy,False,202,False,89,104,15.0,False,5.0
20231678,2023-11-27,Monday,20576,107,1044,7.0,72.34,0.0,506.38,0.0,506.38,46.06,183.96,0.3632844899087641,Credit Card,Mobile App,False,None,Rainy,False,446,False,181,149,-32.0,False,5.0
20231679,2024-08-28,Wednesday,21125,112,1004,3.0,673.3,0.0,2019.9,0.0,2019.9,445.03,684.81,0.3390316352294668,EBT,Mobile App,False,None,Sunny,False,467,False,101,77,-24.0,False,5.0
20231680,2023-08-02,Wednesday,20874,133,1040,7.0,88.27,0.0,617.89,0.0,617.89,47.28,286.93,0.46437068086552613,Debit Card,Mobile App,False,None,Snowy,False,57,False,443,306,-137.0,False,4.0
20231681,2024-04-17,Wednesday,20342,142,1047,3.0,379.42,0.23,1138.26,261.7998,876.4602,273.17,56.9502,0.06497750839113972,EBT,Online,True,BOGO,Rainy,False,428,False,160,221,61.0,False,3.0
20231682,2023-08-14,Monday,20480,105,1033,2.0,858.99,0.0,1717.98,0.0,1717.98,465.85,786.28,0.4576770393136125,Cash,Curbside Pickup,False,None,Snowy,False,515,False,65,47,-18.0,False,1.0
20231683,2024-08-07,Wednesday,20873,111,1023,5.0,121.14,0.2,605.7,121.14,484.56,70.74,130.86,0.2700594353640417,Debit Card,Curbside Pickup,True,Bundle Deal,Cloudy,False,125,False,374,537,163.0,True,3.0
20231684,2024-02-14,Wednesday,21091,127,1047,2.0,390.01,0.0,780.02,0.0,780.02,273.17,233.68,0.29958206199841025,Credit Card,In-Store,False,None,Rainy,True,326,False,346,494,148.0,False,3.0
20231685,2023-03-13,Monday,20605,133,1002,2.0,1331.88,0.0,2663.76,0.0,2663.76,759.3,1145.16,0.4299035949184612,Gift Card,Curbside Pickup,False,None,Rainy,False,24,True,398,419,21.0,False,1.0
20231686,2024-06-18,Tuesday,20263,101,1043,5.0,115.19,0.27,575.95,155.5065,420.4435,75.88,41.0435,0.09761953746460594,Debit Card,Mobile App,True,BOGO,Sunny,False,15,True,198,278,80.0,False,1.0
20231687,2024-03-25,Monday,20825,102,1020,4.0,349.51,0.26,1398.04,363.4904,1034.5496,190.07,274.2696,0.2651101503494853,EBT,In-Store,True,Percentage Discount,Sunny,False,517,False,342,492,150.0,True,2.0
20231688,2023-09-09,Saturday,21162,127,1048,7.0,277.98,0.25,1945.86,486.465,1459.395,184.37,168.805,0.11566779384607995,Credit Card,Curbside Pickup,True,Percentage Discount,Sunny,False,84,False,274,284,10.0,False,5.0
20231689,2023-02-14,Tuesday,21159,115,1048,7.0,273.03,0.21,1911.21,401.3541,1509.8559,184.37,219.2659,0.14522306400233273,Credit Card,Curbside Pickup,True,Manufacturer Rebate,Stormy,True,498,False,245,207,-38.0,False,4.0
20231690,2023-10-30,Monday,20684,132,1035,1.0,768.51,0.0,768.51,0.0,768.51,403.28,365.23,0.4752443039127663,Cash,Online,False,None,Stormy,False,204,False,457,425,-32.0,False,4.0
20231691,2023-10-04,Wednesday,20807,119,1014,6.0,230.52,0.0,1383.12,0.0,1383.12,172.18,350.04,0.25307999305917067,Gift Card,In-Store,False,None,Rainy,False,150,False,456,573,117.0,False,4.0
20231692,2024-05-18,Saturday,20711,114,1032,1.0,913.18,0.31,913.18,283.0858,630.0942,572.31,57.7842,0.09170723996507198,Gift Card,Online,True,Manufacturer Rebate,Snowy,False,108,False,441,523,82.0,False,5.0
20231693,2023-10-16,Monday,20979,146,1016,3.0,391.29,0.0,1173.87,0.0,1173.87,263.25,384.12,0.3272253315954919,Debit Card,Mobile App,False,None,Windy,False,28,False,378,301,-77.0,False,3.0
20231694,2024-08-11,Sunday,20493,144,1038,1.0,154.79,0.28,154.79,43.3412,111.4488,88.81,22.6388,0.20313184170668497,EBT,Curbside Pickup,True,Percentage Discount,Sunny,False,439,False,148,148,0.0,False,2.0
20231695,2023-05-12,Friday,20310,131,1042,1.0,414.45,0.0,414.45,0.0,414.45,233.03,181.42,0.4377367595608638,Gift Card,In-Store,False,None,Sunny,False,325,False,222,142,-80.0,False,1.0
20231696,2023-02-04,Saturday,20342,142,1020,2.0,345.66,0.33,691.32,228.1356,463.1844,190.07,83.0444,0.17929014880466612,Cash,Online,True,Clearance,Sunny,False,83,False,335,384,49.0,False,2.0
20231697,2024-02-21,Wednesday,21125,140,1050,2.0,1313.39,0.08,2626.78,210.1424,2416.6376,742.28,932.0776,0.3856919217014583,EBT,Online,True,Percentage Discount,Cloudy,False,159,False,292,284,-8.0,False,2.0
20231698,2023-12-04,Monday,20624,144,1025,3.0,529.02,0.17,1587.06,269.8002,1317.2598,301.28,413.4198,0.3138483388015029,Gift Card,In-Store,True,Loyalty Reward,Rainy,False,213,False,245,302,57.0,False,3.0
20231699,2024-07-11,Thursday,20060,150,1050,1.0,1361.63,0.22,1361.63,299.5586,1062.0714,742.28,319.7914,0.30110160202035385,Cash,Curbside Pickup,True,Percentage Discount,Windy,False,494,False,414,409,-5.0,False,5.0
20231700,2023-09-05,Tuesday,20373,150,1047,1.0,390.38,0.18,390.38,70.2684,320.1116,273.17,46.9416,0.14664135882610937,Credit Card,Online,True,Percentage Discount,Sunny,False,464,False,465,331,-134.0,False,4.0
20231701,2023-06-03,Saturday,20635,101,1016,1.0,372.52,0.06,372.52,22.3512,350.1688,263.25,86.9188,0.24821971574851895,Gift Card,Mobile App,True,BOGO,Stormy,False,185,False,318,418,100.0,False,1.0
20231702,2024-12-28,Saturday,21080,105,1013,6.0,176.94,0.21,1061.64,222.9444,838.6956,118.75,126.1956,0.15046651013788545,EBT,Curbside Pickup,True,Bundle Deal,Cloudy,False,163,False,433,513,80.0,False,5.0
20231703,2023-12-08,Friday,20753,110,1021,2.0,74.96,0.21,149.92,31.4832,118.4368,45.04,28.3568,0.23942558394012667,Cash,Mobile App,True,Clearance,Sunny,False,126,False,229,193,-36.0,False,3.0
20231704,2023-04-08,Saturday,20393,110,1048,7.0,268.48,0.08,1879.36,150.3488,1729.0112,184.37,438.4212,0.2535675882261491,Credit Card,Curbside Pickup,True,BOGO,Windy,False,4,True,217,245,28.0,False,2.0
20231705,2024-11-14,Thursday,20604,109,1045,1.0,239.59,0.09,239.59,21.5631,218.0269,159.92,58.1069,0.26651252666528774,Cash,Mobile App,True,Percentage Discount,Cloudy,False,204,False,438,503,65.0,False,5.0
20231706,2024-01-31,Wednesday,20439,149,1031,2.0,569.25,0.07,1138.5,79.695,1058.805,402.09,254.625,0.24048337512573145,Debit Card,In-Store,True,Clearance,Snowy,False,363,False,298,272,-26.0,False,5.0
20231707,2024-01-20,Saturday,21133,112,1013,7.0,172.31,0.0,1206.17,0.0,1206.17,118.75,374.92,0.31083512274389186,Debit Card,Online,False,None,Cloudy,False,359,False,140,94,-46.0,True,3.0
20231708,2024-02-17,Saturday,20755,114,1007,2.0,1035.26,0.0,2070.52,0.0,2070.52,637.12,796.28,0.38457971910437955,Cash,Curbside Pickup,False,None,Sunny,False,157,False,256,280,24.0,False,4.0
20231709,2024-11-13,Wednesday,20862,141,1014,2.0,225.36,0.0,450.72,0.0,450.72,172.18,106.36,0.23597799077032305,Gift Card,Mobile App,False,None,Cloudy,False,14,True,460,567,107.0,False,1.0
20231710,2023-10-11,Wednesday,21021,104,1040,5.0,85.9,0.0,429.5,0.0,429.5,47.28,193.1,0.44959254947613503,Gift Card,Online,False,None,Snowy,False,105,False,397,457,60.0,False,4.0
20231711,2024-12-31,Tuesday,20190,141,1041,3.0,637.35,0.34,1912.05,650.097,1261.953,486.05,-196.197,-0.15547092482842081,Cash,Mobile App,True,Percentage Discount,Windy,True,89,False,45,50,5.0,False,3.0
20231712,2023-12-22,Friday,20039,139,1030,1.0,851.0,0.0,851.0,0.0,851.0,569.19,281.81,0.3311515863689776,EBT,In-Store,False,None,Snowy,False,162,False,413,299,-114.0,False,1.0
20231713,2024-10-22,Tuesday,21036,123,1045,4.0,233.36,0.0,933.44,0.0,933.44,159.92,293.76,0.31470689064106966,Digital Wallet,Online,False,None,Windy,False,210,False,427,356,-71.0,False,1.0
20231714,2024-11-11,Monday,20049,123,1026,3.0,241.1,0.0,723.3,0.0,723.3,130.01,333.27,0.4607631688096226,Digital Wallet,In-Store,False,None,Stormy,False,397,False,150,171,21.0,False,5.0
20231715,2024-08-19,Monday,20681,120,1048,6.0,264.34,0.14,1586.04,222.0456,1363.9944,184.37,257.7744,0.18898494011412365,Credit Card,Online,True,Manufacturer Rebate,Cloudy,False,238,False,300,284,-16.0,False,2.0
20231716,2023-12-27,Wednesday,20312,148,1036,2.0,1063.19,0.0,2126.38,0.0,2126.38,738.32,649.74,0.3055615647250256,EBT,In-Store,False,None,Snowy,False,290,False,299,184,-115.0,False,3.0
20231717,2024-12-16,Monday,20952,137,1028,4.0,754.36,0.06,3017.44,181.0464,2836.3936,494.36,858.9536,0.3028330059692702,Digital Wallet,Curbside Pickup,True,Loyalty Reward,Snowy,False,315,False,241,216,-25.0,False,4.0
20231718,2024-09-17,Tuesday,20886,115,1035,2.0,741.91,0.11,1483.82,163.2202,1320.5998,403.28,514.0398,0.38924721933170064,Credit Card,Online,True,Bundle Deal,Windy,False,336,False,184,264,80.0,False,5.0
20231719,2023-02-04,Saturday,20274,121,1043,5.0,117.4,0.0,587.0,0.0,587.0,75.88,207.6,0.3536626916524702,Digital Wallet,Mobile App,False,None,Sunny,False,402,False,98,130,32.0,False,3.0
20231720,2023-03-16,Thursday,21003,148,1036,1.0,1109.02,0.25,1109.02,277.255,831.765,738.32,93.445,0.11234543410698927,Gift Card,In-Store,True,Loyalty Reward,Sunny,False,340,False,303,364,61.0,False,3.0
20231721,2024-11-17,Sunday,20773,132,1031,3.0,573.98,0.0,1721.94,0.0,1721.94,402.09,515.67,0.2994703648210739,Credit Card,Mobile App,False,None,Stormy,False,37,False,432,344,-88.0,False,2.0
20231722,2024-11-13,Wednesday,21066,135,1035,3.0,712.74,0.28,2138.22,598.7016,1539.5184,403.28,329.6784,0.2141438517396091,Debit Card,In-Store,True,BOGO,Sunny,False,152,False,245,178,-67.0,False,2.0
20231723,2023-02-20,Monday,20137,140,1009,2.0,1848.75,0.0,3697.5,0.0,3697.5,1077.88,1541.74,0.41696822177146714,Cash,Curbside Pickup,False,None,Cloudy,False,365,False,382,389,7.0,False,5.0
20231724,2023-12-28,Thursday,20869,110,1050,2.0,1320.11,0.0,2640.22,0.0,2640.22,742.28,1155.66,0.43771352387301055,EBT,In-Store,False,None,Sunny,False,495,False,303,249,-54.0,False,1.0
20231725,2024-09-10,Tuesday,20928,137,1002,2.0,1284.7,0.0,2569.4,0.0,2569.4,759.3,1050.8,0.40896707402506427,Gift Card,In-Store,False,None,Sunny,False,188,False,205,256,51.0,False,5.0
20231726,2023-04-11,Tuesday,20934,130,1024,1.0,484.02,0.15,484.02,72.603,411.417,283.62,127.797,0.3106264447020905,Cash,Mobile App,True,Percentage Discount,Stormy,False,355,False,343,490,147.0,False,5.0
20231727,2023-01-15,Sunday,20418,109,1008,1.0,609.72,0.0,609.72,0.0,609.72,397.4,212.32,0.34822541494456477,Digital Wallet,Online,False,None,Cloudy,False,282,False,312,220,-92.0,False,4.0
20231728,2023-02-24,Friday,20166,103,1046,4.0,539.68,0.16,2158.72,345.3952,1813.3248,345.33,432.0048,0.23823906230146963,Credit Card,Curbside Pickup,True,Percentage Discount,Rainy,False,505,False,76,86,10.0,False,3.0
20231729,2023-01-22,Sunday,20253,116,1027,4.0,56.35,0.0,225.4,0.0,225.4,37.44,75.64,0.33558118899733813,Cash,Online,False,None,Cloudy,False,42,False,282,336,54.0,False,4.0
20231730,2024-08-04,Sunday,20796,121,1016,1.0,394.23,0.12,394.23,47.3076,346.9224,263.25,83.6724,0.24118477215654,Digital Wallet,Online,True,Clearance,Cloudy,False,418,False,185,114,-71.0,False,5.0
20231731,2024-09-06,Friday,20314,123,1036,1.0,1111.66,0.24,1111.66,266.7984,844.8616,738.32,106.5416,0.12610538814878083,EBT,In-Store,True,Bundle Deal,Cloudy,False,135,False,388,475,87.0,False,2.0
20231732,2023-12-23,Saturday,21117,117,1034,2.0,1586.91,0.29,3173.82,920.4078,2253.4122,1145.68,-37.9478,-0.016840150239711985,Credit Card,In-Store,True,BOGO,Cloudy,False,390,False,193,213,20.0,False,4.0
20231733,2024-12-03,Tuesday,20586,143,1033,2.0,888.12,0.11,1776.24,195.3864,1580.8536,465.85,649.1536,0.4106348620770449,Digital Wallet,Online,True,Bundle Deal,Sunny,False,415,False,362,475,113.0,False,4.0
20231734,2023-12-25,Monday,20466,137,1006,4.0,274.81,0.0,1099.24,0.0,1099.24,163.55,445.04,0.40486154070084784,EBT,Curbside Pickup,False,None,Stormy,True,254,False,405,377,-28.0,False,3.0
20231735,2023-12-29,Friday,20057,143,1043,7.0,112.6,0.0,788.2,0.0,788.2,75.88,257.04,0.3261101243339254,Debit Card,Mobile App,False,None,Cloudy,False,161,False,194,251,57.0,False,3.0
20231736,2024-07-06,Saturday,20924,145,1007,2.0,1111.52,0.0,2223.04,0.0,2223.04,637.12,948.8,0.42680293651936085,Digital Wallet,Online,False,None,Windy,False,468,False,251,270,19.0,False,3.0
20231737,2024-01-25,Thursday,20418,146,1013,2.0,184.39,0.0,368.78,0.0,368.78,118.75,131.28,0.3559845978632246,Digital Wallet,In-Store,False,None,Stormy,False,470,False,316,199,-117.0,False,3.0
20231738,2024-05-18,Saturday,20721,145,1025,2.0,563.22,0.28,1126.44,315.4032,811.0368,301.28,208.4768,0.2570497417626427,Digital Wallet,Online,True,Loyalty Reward,Sunny,False,323,False,71,45,-26.0,False,2.0
20231739,2023-05-03,Wednesday,20488,131,1019,1.0,1247.4,0.0,1247.4,0.0,1247.4,867.36,380.04,0.3046657046657047,EBT,Mobile App,False,None,Sunny,False,306,False,145,140,-5.0,False,5.0
20231740,2024-12-03,Tuesday,20314,123,1019,1.0,1221.38,0.0,1221.38,0.0,1221.38,867.36,354.02,0.28985246196924797,Credit Card,Online,False,None,Stormy,False,351,False,430,575,145.0,False,2.0
20231741,2023-11-06,Monday,20152,101,1027,2.0,61.41,0.0,122.82,0.0,122.82,37.44,47.94,0.3903273082559844,Credit Card,In-Store,False,None,Snowy,False,277,False,49,30,-19.0,False,5.0
20231742,2024-06-16,Sunday,20998,109,1027,6.0,58.47,0.0,350.82,0.0,350.82,37.44,126.18,0.35967162647511547,Cash,Online,False,None,Snowy,False,342,False,127,129,2.0,False,1.0
20231743,2023-02-02,Thursday,20262,140,1040,4.0,91.32,0.35,365.28,127.848,237.432,47.28,48.312,0.20347720610532694,Gift Card,Mobile App,True,Clearance,Cloudy,False,220,False,423,386,-37.0,False,4.0
20231744,2023-07-17,Monday,21032,136,1008,4.0,656.36,0.21,2625.44,551.3424,2074.0976,397.4,484.4976,0.2335944075148634,Gift Card,In-Store,True,Bundle Deal,Cloudy,False,309,False,376,372,-4.0,False,1.0
20231745,2024-09-10,Tuesday,20839,134,1028,3.0,837.98,0.26,2513.94,653.6244,1860.3156,494.36,377.2356,0.20278043144937344,Debit Card,Curbside Pickup,True,Percentage Discount,Rainy,False,251,False,142,174,32.0,False,2.0
20231746,2024-06-19,Wednesday,21024,135,1021,5.0,83.17,0.23,415.85,95.6455,320.2045,45.04,95.0045,0.2966994530058135,Gift Card,Online,True,Percentage Discount,Windy,False,360,False,115,151,36.0,False,3.0
20231747,2024-05-05,Sunday,20575,136,1005,1.0,1169.25,0.0,1169.25,0.0,1169.25,774.22,395.03,0.3378490485353859,Gift Card,Online,False,None,Cloudy,False,438,False,302,416,114.0,False,3.0
20231748,2023-08-24,Thursday,21031,135,1009,1.0,1776.0,0.11,1776.0,195.36,1580.64,1077.88,502.76,0.3180736916691972,Cash,Mobile App,True,Loyalty Reward,Rainy,False,132,False,129,154,25.0,False,3.0
20231749,2024-07-04,Thursday,20147,103,1018,4.0,349.78,0.0,1399.12,0.0,1399.12,198.14,606.56,0.4335296472068157,Digital Wallet,Curbside Pickup,False,None,Cloudy,True,376,False,230,283,53.0,False,2.0
20231750,2024-11-12,Tuesday,20495,115,1046,3.0,567.09,0.0,1701.27,0.0,1701.27,345.33,665.28,0.3910490398349468,Debit Card,Mobile App,False,None,Windy,False,47,False,346,350,4.0,False,4.0
20231751,2024-06-26,Wednesday,20361,121,1010,2.0,407.07,0.0,814.14,0.0,814.14,261.42,291.3,0.357800869629302,Gift Card,In-Store,False,None,Cloudy,False,44,False,259,266,7.0,False,2.0
20231752,2024-12-03,Tuesday,20306,149,1026,3.0,222.71,0.32,668.13,213.8016,454.3284,130.01,64.2984,0.14152406056940314,Cash,Online,True,Percentage Discount,Sunny,False,183,False,467,401,-66.0,False,1.0
20231753,2023-03-01,Wednesday,20153,112,1030,2.0,937.11,0.0,1874.22,0.0,1874.22,569.19,735.84,0.3926113263117456,Credit Card,Curbside Pickup,False,None,Snowy,False,220,False,471,560,89.0,False,4.0
20231754,2024-12-02,Monday,20961,141,1026,1.0,233.11,0.22,233.11,51.2842,181.8258,130.01,51.8158,0.284974959549195,Debit Card,In-Store,True,Percentage Discount,Sunny,False,478,False,447,356,-91.0,False,1.0
20231755,2023-11-17,Friday,20056,134,1016,4.0,354.49,0.19,1417.96,269.4124,1148.5476,263.25,95.5476,0.0831899348359616,EBT,Mobile App,True,Bundle Deal,Cloudy,False,95,False,188,150,-38.0,False,5.0
20231756,2023-11-09,Thursday,20776,114,1031,3.0,525.59,0.0,1576.77,0.0,1576.77,402.09,370.5,0.23497402918624785,Credit Card,Curbside Pickup,False,None,Rainy,False,70,False,248,254,6.0,True,5.0
20231757,2024-06-16,Sunday,20313,137,1027,6.0,56.63,0.0,339.78,0.0,339.78,37.44,115.14,0.338866325269292,Debit Card,In-Store,False,None,Windy,False,343,False,273,165,-108.0,False,2.0
20231758,2024-12-21,Saturday,20807,106,1043,7.0,119.47,0.0,836.29,0.0,836.29,75.88,305.13,0.3648614714991211,Gift Card,In-Store,False,None,Cloudy,False,215,False,187,242,55.0,False,3.0
20231759,2024-10-31,Thursday,20227,121,1030,2.0,924.73,0.0,1849.46,0.0,1849.46,569.19,711.08,0.3844797941020622,Cash,In-Store,False,None,Windy,False,232,False,130,99,-31.0,False,1.0
20231760,2023-04-20,Thursday,20995,110,1032,2.0,970.91,0.0,1941.82,0.0,1941.82,572.31,797.2,0.410542686757784,Cash,Mobile App,False,None,Stormy,False,273,False,418,301,-117.0,False,4.0
20231761,2023-09-22,Friday,20086,123,1025,2.0,550.81,0.0,1101.62,0.0,1101.62,301.28,499.06,0.453023728690474,EBT,Curbside Pickup,False,None,Stormy,False,301,False,234,224,-10.0,False,3.0
20231762,2023-01-22,Sunday,20270,140,1014,5.0,232.57,0.0,1162.85,0.0,1162.85,172.18,301.95,0.2596637571483853,Credit Card,Online,False,None,Stormy,False,427,False,55,71,16.0,False,5.0
20231763,2024-08-10,Saturday,20616,131,1013,7.0,174.36,0.0,1220.52,0.0,1220.52,118.75,389.27,0.31893782977747187,Gift Card,Curbside Pickup,False,None,Stormy,False,346,False,210,182,-28.0,False,4.0
20231764,2023-12-21,Thursday,20184,142,1002,1.0,1222.07,0.0,1222.07,0.0,1222.07,759.3,462.77,0.378677162519332,Debit Card,Online,False,None,Stormy,False,48,False,149,128,-21.0,False,3.0
20231765,2023-10-30,Monday,20816,101,1026,6.0,217.88,0.0,1307.28,0.0,1307.28,130.01,527.22,0.4032953919588765,Digital Wallet,Curbside Pickup,False,None,Sunny,False,518,False,275,243,-32.0,False,4.0
20231766,2023-12-21,Thursday,20696,149,1034,2.0,1630.71,0.33,3261.42,1076.2686,2185.1514,1145.68,-106.2086,-0.04860468707111114,Debit Card,In-Store,True,Bundle Deal,Cloudy,False,308,False,118,150,32.0,False,5.0
20231767,2024-02-19,Monday,21076,141,1036,2.0,1107.76,0.29,2215.52,642.5008,1573.0192,738.32,96.3792,0.06127019937201025,Cash,In-Store,True,Loyalty Reward,Rainy,False,171,False,361,500,139.0,False,1.0
20231768,2023-02-13,Monday,20985,138,1015,1.0,251.37,0.0,251.37,0.0,251.37,149.38,101.99,0.4057365636313005,Digital Wallet,Online,False,None,Rainy,False,390,False,140,114,-26.0,False,2.0
20231769,2023-10-30,Monday,20437,109,1026,3.0,215.26,0.12,645.78,77.4936,568.2864,130.01,178.2564,0.313673527995743,Debit Card,Mobile App,True,BOGO,Stormy,False,127,False,212,228,16.0,False,2.0
20231770,2024-12-04,Wednesday,20116,128,1050,2.0,1335.64,0.27,2671.28,721.2456,1950.0344,742.28,465.4744,0.23870060958924624,EBT,Online,True,Manufacturer Rebate,Cloudy,False,73,False,378,275,-103.0,False,2.0
20231771,2024-12-21,Saturday,20769,122,1047,3.0,390.99,0.0,1172.97,0.0,1172.97,273.17,353.46,0.30133763011841735,Cash,Mobile App,False,None,Windy,False,21,True,102,114,12.0,False,3.0
20231772,2023-11-23,Thursday,20117,116,1028,2.0,794.86,0.09,1589.72,143.0748,1446.6452,494.36,457.9252,0.31654285376953517,Cash,In-Store,True,Clearance,Cloudy,False,504,False,464,574,110.0,False,4.0
20231773,2024-11-18,Monday,20843,107,1015,4.0,239.29,0.0,957.16,0.0,957.16,149.38,359.64,0.37573655397216765,Digital Wallet,Online,False,None,Cloudy,False,475,False,422,519,97.0,False,3.0
20231774,2023-09-21,Thursday,21145,113,1043,3.0,113.39,0.0,340.17,0.0,340.17,75.88,112.53,0.33080518564247297,Digital Wallet,In-Store,False,None,Cloudy,False,320,False,223,146,-77.0,False,2.0
20231775,2023-10-25,Wednesday,20257,126,1026,4.0,225.77,0.13,903.08,117.4004,785.6796,130.01,265.6396,0.33810168928912,Credit Card,In-Store,True,BOGO,Sunny,False,403,False,144,162,18.0,False,5.0
20231776,2023-11-15,Wednesday,20156,132,1021,2.0,77.61,0.16,155.22,24.8352,130.3848,45.04,40.3048,0.30912192218724877,Debit Card,Curbside Pickup,True,Manufacturer Rebate,Cloudy,False,454,False,387,257,-130.0,False,2.0
20231777,2024-06-07,Friday,20777,124,1003,2.0,1898.08,0.0,3796.16,0.0,3796.16,1394.94,1006.28,0.26507839500969393,Cash,Online,False,None,Stormy,False,190,False,43,51,8.0,False,2.0
20231778,2023-07-24,Monday,20226,130,1024,1.0,465.36,0.07,465.36,32.5752,432.7848,283.62,149.1648,0.3446627515568939,Digital Wallet,Curbside Pickup,True,Clearance,Sunny,False,219,False,142,122,-20.0,True,5.0
20231779,2023-11-12,Sunday,20146,144,1031,1.0,556.37,0.29,556.37,161.3473,395.0227,402.09,-7.0673,-0.0178908705752859,Credit Card,Online,True,Manufacturer Rebate,Sunny,False,162,False,132,147,15.0,False,3.0
20231780,2023-07-28,Friday,20868,147,1029,1.0,2259.49,0.24,2259.49,542.2776,1717.2124,1429.66,287.5524,0.1674530186248363,Cash,Curbside Pickup,True,Percentage Discount,Sunny,False,284,False,302,380,78.0,False,3.0
20231781,2023-06-27,Tuesday,21077,109,1026,5.0,217.03,0.24,1085.15,260.436,824.714,130.01,174.664,0.21178735901173024,Gift Card,In-Store,True,Manufacturer Rebate,Rainy,False,56,False,228,249,21.0,False,1.0
20231782,2024-01-14,Sunday,20519,146,1034,2.0,1519.93,0.0,3039.86,0.0,3039.86,1145.68,748.5,0.24622844473100733,EBT,In-Store,False,None,Stormy,False,198,False,156,197,41.0,False,2.0
20231783,2024-11-26,Tuesday,20876,122,1027,1.0,61.28,0.0,61.28,0.0,61.28,37.44,23.84,0.3890339425587468,EBT,In-Store,False,None,Cloudy,False,280,False,480,510,30.0,False,4.0
20231784,2023-06-23,Friday,21113,124,1025,2.0,519.67,0.06,1039.34,62.3604,976.9796,301.28,374.4196,0.38324198376301816,Cash,Curbside Pickup,True,Manufacturer Rebate,Cloudy,False,39,False,280,262,-18.0,False,4.0
20231785,2024-12-07,Saturday,20332,130,1019,1.0,1308.34,0.0,1308.34,0.0,1308.34,867.36,440.98,0.337053059602244,Debit Card,Mobile App,False,None,Cloudy,False,230,False,97,133,36.0,False,3.0
20231786,2023-12-26,Tuesday,20774,121,1043,4.0,112.62,0.0,450.48,0.0,450.48,75.88,146.96,0.3262297993251643,Cash,Online,False,None,Sunny,False,86,False,302,353,51.0,False,5.0
20231787,2024-10-02,Wednesday,20810,118,1001,3.0,617.61,0.26,1852.83,481.7358,1371.0942,419.73,111.9042,0.0816167116745151,Cash,Curbside Pickup,True,BOGO,Sunny,False,375,False,319,197,-122.0,False,4.0
20231788,2024-12-28,Saturday,20542,119,1010,4.0,371.87,0.16,1487.48,237.9968,1249.4832,261.42,203.8032,0.16310999619682764,Digital Wallet,Mobile App,True,BOGO,Rainy,False,396,False,333,259,-74.0,False,5.0
20231789,2024-01-30,Tuesday,20829,124,1009,2.0,1715.44,0.0,3430.88,0.0,3430.88,1077.88,1275.12,0.3716597491022711,Gift Card,Curbside Pickup,False,None,Snowy,False,163,False,285,319,34.0,False,1.0
20231790,2023-07-17,Monday,20904,104,1012,4.0,235.56,0.0,942.24,0.0,942.24,173.37,248.76,0.26400916963830867,Digital Wallet,Mobile App,False,None,Rainy,False,261,False,22,27,5.0,False,5.0
20231791,2023-03-01,Wednesday,20724,150,1005,2.0,1109.78,0.25,2219.56,554.89,1664.67,774.22,116.23,0.06982164633230611,Digital Wallet,Mobile App,True,Bundle Deal,Stormy,False,364,False,354,378,24.0,False,2.0
20231792,2024-10-06,Sunday,20737,123,1047,1.0,391.14,0.0,391.14,0.0,391.14,273.17,117.97,0.3016055632254435,Debit Card,Curbside Pickup,False,None,Sunny,False,14,True,340,450,110.0,False,2.0
20231793,2024-07-30,Tuesday,20456,124,1038,4.0,147.75,0.05,591.0,29.55,561.45,88.81,206.21,0.36728114703001163,Digital Wallet,Mobile App,True,Manufacturer Rebate,Cloudy,False,492,False,62,84,22.0,False,2.0
20231794,2023-07-22,Saturday,20346,106,1017,1.0,122.55,0.29,122.55,35.5395,87.0105,93.3,-6.2895,-0.07228437947144298,EBT,Online,True,BOGO,Snowy,False,456,False,213,148,-65.0,False,4.0
20231795,2024-04-24,Wednesday,20096,105,1049,2.0,155.85,0.32,311.7,99.744,211.956,117.26,-22.564,-0.10645605691747355,Debit Card,Mobile App,True,Clearance,Sunny,False,282,False,357,479,122.0,False,3.0
20231796,2023-04-19,Wednesday,21080,119,1029,2.0,2143.53,0.18,4287.06,771.6708,3515.3892,1429.66,656.0692,0.1866277566080024,EBT,Online,True,Loyalty Reward,Snowy,False,124,False,461,425,-36.0,False,5.0
20231797,2023-09-28,Thursday,20945,122,1030,1.0,939.94,0.0,939.94,0.0,939.94,569.19,370.75,0.39444007064280695,Digital Wallet,Curbside Pickup,False,None,Sunny,False,24,True,229,233,4.0,False,5.0
20231798,2024-09-20,Friday,20801,111,1032,1.0,981.61,0.24,981.61,235.5864,746.0236,572.31,173.7136,0.23285268723402322,EBT,Curbside Pickup,True,Percentage Discount,Sunny,False,319,False,366,431,65.0,False,3.0
20231799,2024-08-18,Sunday,20653,130,1013,6.0,173.57,0.0,1041.42,0.0,1041.42,118.75,328.92,0.3158379904361353,Gift Card,Mobile App,False,None,Cloudy,False,263,False,329,370,41.0,False,1.0
20231800,2024-05-03,Friday,20073,121,1010,4.0,400.91,0.0,1603.64,0.0,1603.64,261.42,557.96,0.3479334513980694,Gift Card,In-Store,False,None,Cloudy,False,518,False,480,692,212.0,False,3.0
20231801,2024-09-11,Wednesday,20079,102,1002,2.0,1328.07,0.0,2656.14,0.0,2656.14,759.3,1137.54,0.4282680882784793,Digital Wallet,Online,False,None,Sunny,False,258,False,393,510,117.0,False,2.0
20231802,2024-12-29,Sunday,20750,145,1037,1.0,371.48,0.16,371.48,59.4368,312.0432,270.26,41.7832,0.13390197254739095,Credit Card,Curbside Pickup,True,Loyalty Reward,Cloudy,False,519,False,180,110,-70.0,False,3.0
20231803,2024-12-26,Thursday,20884,125,1041,2.0,671.23,0.0,1342.46,0.0,1342.46,486.05,370.36,0.2758815905129389,Digital Wallet,Online,False,None,Snowy,False,46,False,359,419,60.0,True,3.0
20231804,2024-12-21,Saturday,20954,125,1011,1.0,929.71,0.13,929.71,120.8623,808.8477,618.67,190.1777,0.23512176643390353,EBT,Curbside Pickup,True,Bundle Deal,Snowy,False,42,False,301,408,107.0,False,4.0
20231805,2024-11-20,Wednesday,20365,119,1040,6.0,88.61,0.0,531.66,0.0,531.66,47.28,247.98,0.4664259112966933,Digital Wallet,Mobile App,False,None,Sunny,False,403,False,474,513,39.0,False,3.0
20231806,2024-12-15,Sunday,20632,103,1029,1.0,2219.47,0.0,2219.47,0.0,2219.47,1429.66,789.81,0.3558552266982657,EBT,Online,False,None,Snowy,False,116,False,385,514,129.0,False,5.0
20231807,2023-12-06,Wednesday,20518,130,1046,2.0,543.26,0.0,1086.52,0.0,1086.52,345.33,395.86,0.3643375179472076,Credit Card,Curbside Pickup,False,None,Rainy,False,36,False,37,39,2.0,False,3.0
20231808,2023-07-01,Saturday,20240,106,1042,3.0,421.76,0.06,1265.28,75.9168,1189.3632,233.03,490.2732,0.41221487263100115,EBT,Online,True,Clearance,Rainy,False,295,False,208,166,-42.0,True,2.0
20231809,2023-09-20,Wednesday,21046,127,1026,1.0,228.52,0.0,228.52,0.0,228.52,130.01,98.51,0.4310782426045861,Digital Wallet,Online,False,None,Snowy,False,58,False,133,147,14.0,False,4.0
20231810,2023-01-10,Tuesday,21010,141,1027,7.0,59.95,0.0,419.65,0.0,419.65,37.44,157.57,0.3754795663052545,Digital Wallet,In-Store,False,None,Rainy,False,242,False,108,107,-1.0,False,3.0
20231811,2024-03-16,Saturday,20112,124,1003,1.0,1836.05,0.06,1836.05,110.163,1725.887,1394.94,330.947,0.19175473249407401,Debit Card,Online,True,Percentage Discount,Sunny,False,270,False,306,376,70.0,False,1.0
20231812,2023-02-14,Tuesday,20570,124,1045,2.0,239.58,0.0,479.16,0.0,479.16,159.92,159.32,0.33249853911010946,Cash,Curbside Pickup,False,None,Sunny,True,18,True,30,20,-10.0,False,1.0
20231813,2024-06-07,Friday,20759,134,1024,3.0,473.49,0.0,1420.47,0.0,1420.47,283.62,569.61,0.4010010771082811,Credit Card,Mobile App,False,None,Snowy,False,113,False,314,364,50.0,False,3.0
20231814,2023-08-16,Wednesday,20555,141,1024,3.0,473.64,0.0,1420.92,0.0,1420.92,283.62,570.06,0.4011907778059286,Digital Wallet,Online,False,None,Cloudy,False,455,False,250,283,33.0,False,4.0
20231815,2023-09-25,Monday,20600,130,1049,2.0,150.24,0.32,300.48,96.1536,204.3264,117.26,-30.1936,-0.14777140888304205,Debit Card,In-Store,True,Bundle Deal,Sunny,False,514,False,342,299,-43.0,False,1.0
20231816,2024-01-12,Friday,21161,112,1033,1.0,810.34,0.18,810.34,145.8612,664.4788,465.85,198.6288,0.2989242094706408,Credit Card,Curbside Pickup,True,Loyalty Reward,Cloudy,False,18,True,450,487,37.0,False,2.0
20231817,2024-02-09,Friday,20034,110,1008,2.0,609.83,0.0,1219.66,0.0,1219.66,397.4,424.86,0.3483429808307234,Credit Card,Online,False,None,Cloudy,False,19,True,168,154,-14.0,False,4.0
20231818,2024-07-30,Tuesday,21022,113,1007,1.0,1100.17,0.0,1100.17,0.0,1100.17,637.12,463.05,0.42088949889562527,Cash,Curbside Pickup,False,None,Stormy,False,18,True,384,391,7.0,False,5.0
20231819,2024-05-05,Sunday,20676,125,1033,1.0,871.18,0.0,871.18,0.0,871.18,465.85,405.33,0.46526550196285493,Credit Card,Curbside Pickup,False,None,Stormy,False,511,False,349,232,-117.0,False,2.0
20231820,2024-01-30,Tuesday,20046,127,1026,4.0,236.58,0.0,946.32,0.0,946.32,130.01,426.28,0.4504607320990786,Gift Card,Online,False,None,Cloudy,False,162,False,210,182,-28.0,False,5.0
20231821,2024-12-25,Wednesday,20078,119,1010,1.0,400.22,0.0,400.22,0.0,400.22,261.42,138.8,0.34680925490979964,EBT,Mobile App,False,None,Stormy,True,328,False,238,320,82.0,False,5.0
20231822,2024-11-10,Sunday,20586,143,1003,2.0,1845.43,0.07,3690.86,258.3602,3432.4998,1394.94,642.6198,0.18721626728135568,EBT,Curbside Pickup,True,Loyalty Reward,Sunny,False,305,False,145,203,58.0,False,4.0
20231823,2024-03-29,Friday,20757,141,1018,2.0,364.38,0.22,728.76,160.3272,568.4328,198.14,172.1528,0.30285514840100725,Digital Wallet,Online,True,Manufacturer Rebate,Snowy,False,381,False,338,324,-14.0,False,1.0
20231824,2023-12-09,Saturday,20508,129,1023,7.0,124.28,0.0,869.96,0.0,869.96,70.74,374.78,0.4308014161570648,Cash,Online,False,None,Cloudy,False,113,False,411,303,-108.0,False,1.0
20231825,2024-10-16,Wednesday,20038,125,1035,3.0,742.9,0.0,2228.7,0.0,2228.7,403.28,1018.86,0.45715439493875354,EBT,In-Store,False,None,Rainy,False,167,False,57,48,-9.0,True,3.0
20231826,2024-06-29,Saturday,20522,113,1020,3.0,333.15,0.14,999.45,139.923,859.527,190.07,289.317,0.3366002464145977,Cash,Mobile App,True,BOGO,Rainy,False,392,False,439,401,-38.0,False,2.0
20231827,2024-09-14,Saturday,20159,147,1018,4.0,340.47,0.26,1361.88,354.0888,1007.7912,198.14,215.2312,0.21356725480436836,Debit Card,Mobile App,True,Bundle Deal,Windy,False,157,False,277,226,-51.0,False,3.0
20231828,2024-06-16,Sunday,20600,130,1004,4.0,725.63,0.0,2902.52,0.0,2902.52,445.03,1122.4,0.3866984551355374,Credit Card,Mobile App,False,None,Windy,False,496,False,248,268,20.0,False,4.0
20231829,2023-08-28,Monday,21076,141,1007,1.0,1067.15,0.0,1067.15,0.0,1067.15,637.12,430.03,0.4029705289790564,EBT,Online,False,None,Rainy,False,100,False,366,465,99.0,False,3.0
20231830,2024-03-01,Friday,20770,112,1016,2.0,385.65,0.28,771.3,215.964,555.336,263.25,28.836,0.051925320886814494,Gift Card,Mobile App,True,Bundle Deal,Windy,False,492,False,315,231,-84.0,False,4.0
20231831,2024-05-19,Sunday,20871,136,1002,2.0,1292.5,0.31,2585.0,801.35,1783.65,759.3,265.05,0.1485997813472375,Cash,In-Store,True,Bundle Deal,Rainy,False,178,False,356,391,35.0,False,1.0
20231832,2023-01-16,Monday,21011,125,1036,1.0,1052.49,0.05,1052.49,52.6245,999.8655,738.32,261.5455,0.2615806826018099,EBT,Online,True,Loyalty Reward,Stormy,False,348,False,178,244,66.0,False,5.0
20231833,2024-08-12,Monday,20588,147,1043,3.0,123.5,0.0,370.5,0.0,370.5,75.88,142.86,0.385587044534413,Credit Card,Curbside Pickup,False,None,Sunny,False,514,False,67,82,15.0,False,3.0
20231834,2023-11-10,Friday,21185,107,1007,1.0,1123.35,0.11,1123.35,123.5685,999.7815,637.12,362.6615,0.36274075885581,Credit Card,Online,True,Loyalty Reward,Cloudy,False,389,False,198,184,-14.0,False,1.0
20231835,2024-08-29,Thursday,20494,109,1006,6.0,271.83,0.0,1630.98,0.0,1630.98,163.55,649.68,0.39833719604164364,Cash,In-Store,False,None,Sunny,False,103,False,412,525,113.0,False,4.0
20231836,2023-01-27,Friday,20358,125,1014,7.0,223.95,0.13,1567.65,203.7945,1363.8555,172.18,158.5955,0.11628467971863582,Credit Card,Mobile App,True,Percentage Discount,Stormy,False,253,False,156,187,31.0,False,4.0
20231837,2024-12-08,Sunday,20092,135,1013,4.0,184.18,0.0,736.72,0.0,736.72,118.75,261.72,0.35525029862091434,Gift Card,Curbside Pickup,False,None,Cloudy,False,141,False,215,236,21.0,False,2.0
20231838,2023-04-30,Sunday,21102,146,1023,7.0,121.2,0.3,848.4,254.52,593.88,70.74,98.7,0.16619519094766627,Credit Card,In-Store,True,Bundle Deal,Cloudy,False,136,False,94,65,-29.0,False,1.0
20231839,2023-10-27,Friday,21026,147,1016,2.0,354.96,0.1,709.92,70.992,638.928,263.25,112.428,0.17596348884381338,Debit Card,Online,True,Bundle Deal,Snowy,False,411,False,452,372,-80.0,False,1.0
20231840,2024-09-12,Thursday,20668,140,1048,3.0,266.55,0.17,799.65,135.9405,663.7095,184.37,110.5995,0.16663841635534826,Debit Card,Online,True,Loyalty Reward,Sunny,False,165,False,127,118,-9.0,False,1.0
20231841,2024-05-21,Tuesday,20039,139,1046,1.0,516.37,0.0,516.37,0.0,516.37,345.33,171.04,0.3312353544938707,Debit Card,Curbside Pickup,False,None,Sunny,False,251,False,452,548,96.0,False,3.0
20231842,2023-04-09,Sunday,20778,112,1001,1.0,651.91,0.0,651.91,0.0,651.91,419.73,232.18,0.35615345676550436,Gift Card,Online,False,None,Windy,False,256,False,209,271,62.0,False,1.0
20231843,2024-11-29,Friday,20193,106,1017,4.0,135.02,0.27,540.08,145.8216,394.2584,93.3,21.0584,0.053412685690400155,EBT,In-Store,True,BOGO,Cloudy,True,112,False,401,356,-45.0,False,5.0
20231844,2024-05-05,Sunday,20904,104,1015,4.0,246.08,0.0,984.32,0.0,984.32,149.38,386.8,0.3929616384915475,Gift Card,Online,False,None,Windy,False,30,False,72,73,1.0,False,1.0
20231845,2024-04-18,Thursday,21025,149,1009,2.0,1769.66,0.0,3539.32,0.0,3539.32,1077.88,1383.56,0.3909112484884102,Credit Card,Curbside Pickup,False,None,Snowy,False,246,False,257,246,-11.0,False,4.0
20231846,2024-03-22,Friday,20256,136,1011,1.0,867.78,0.0,867.78,0.0,867.78,618.67,249.11,0.2870658461822121,Digital Wallet,Curbside Pickup,False,None,Cloudy,False,420,False,191,231,40.0,False,3.0
20231847,2024-11-22,Friday,21145,113,1027,5.0,57.17,0.35,285.85,100.0475,185.8025,37.44,-1.3975,-0.007521427322021929,Credit Card,Curbside Pickup,True,Clearance,Windy,False,450,False,164,135,-29.0,False,1.0
20231848,2024-08-10,Saturday,20526,110,1011,1.0,888.89,0.0,888.89,0.0,888.89,618.67,270.22,0.3039971200036,Digital Wallet,Curbside Pickup,False,None,Windy,False,189,False,105,66,-39.0,False,1.0
20231849,2024-01-25,Thursday,21068,103,1034,1.0,1548.7,0.0,1548.7,0.0,1548.7,1145.68,403.02,0.2602311616194227,EBT,Mobile App,False,None,Cloudy,False,75,False,141,140,-1.0,False,3.0
20231850,2023-10-15,Sunday,20609,117,1002,2.0,1262.52,0.0,2525.04,0.0,2525.04,759.3,1006.44,0.3985837848113297,EBT,Curbside Pickup,False,None,Cloudy,False,333,False,33,39,6.0,False,3.0
20231851,2024-10-30,Wednesday,20525,135,1040,1.0,92.22,0.0,92.22,0.0,92.22,47.28,44.94,0.4873129472999349,Credit Card,Curbside Pickup,False,None,Cloudy,False,148,False,404,299,-105.0,True,5.0
20231852,2024-09-22,Sunday,20183,141,1034,2.0,1604.89,0.25,3209.78,802.445,2407.335,1145.68,115.975,0.048175679745444615,Digital Wallet,Mobile App,True,Loyalty Reward,Sunny,False,164,False,221,293,72.0,False,3.0
20231853,2023-12-02,Saturday,20296,126,1003,2.0,1776.9,0.0,3553.8,0.0,3553.8,1394.94,763.92,0.21495863582643931,Debit Card,In-Store,False,None,Windy,False,193,False,405,518,113.0,False,3.0
20231854,2024-11-29,Friday,20011,111,1028,4.0,835.47,0.09,3341.88,300.7692,3041.1108,494.36,1063.6708,0.3497639086349632,Digital Wallet,Online,True,Clearance,Windy,True,319,False,344,285,-59.0,True,5.0
20231855,2024-12-20,Friday,20215,131,1019,1.0,1263.1,0.0,1263.1,0.0,1263.1,867.36,395.74,0.31330852664080433,Digital Wallet,Mobile App,False,None,Stormy,False,12,True,283,217,-66.0,True,2.0
20231856,2024-02-19,Monday,20111,121,1022,3.0,320.48,0.0,961.44,0.0,961.44,187.99,397.47,0.4134111333000499,Gift Card,Online,False,None,Rainy,False,137,False,474,337,-137.0,False,5.0
20231857,2024-06-23,Sunday,20879,129,1045,2.0,226.38,0.29,452.76,131.3004,321.4596,159.92,1.6196,0.005038269194636116,Cash,Online,True,Manufacturer Rebate,Cloudy,False,308,False,61,63,2.0,False,1.0
20231858,2024-12-21,Saturday,20676,124,1015,4.0,255.25,0.06,1021.0,61.26,959.74,149.38,362.22,0.3774147164857149,EBT,Mobile App,True,BOGO,Snowy,False,99,False,341,481,140.0,False,2.0
20231859,2023-12-23,Saturday,20069,104,1016,4.0,387.3,0.0,1549.2,0.0,1549.2,263.25,496.2,0.320294345468629,Gift Card,Curbside Pickup,False,None,Cloudy,False,348,False,409,271,-138.0,False,5.0
20231860,2023-02-22,Wednesday,20669,123,1004,3.0,656.0,0.0,1968.0,0.0,1968.0,445.03,632.91,0.3216006097560976,Digital Wallet,Online,False,None,Cloudy,False,352,False,153,148,-5.0,False,1.0
20231861,2024-11-18,Monday,20714,129,1042,4.0,417.31,0.0,1669.24,0.0,1669.24,233.03,737.12,0.44159018475473866,EBT,In-Store,False,None,Snowy,False,22,True,444,607,163.0,False,2.0
20231862,2023-06-01,Thursday,20567,130,1024,2.0,471.37,0.14,942.74,131.9836,810.7564,283.62,243.5164,0.30035704929372126,Cash,Curbside Pickup,True,BOGO,Rainy,False,107,False,26,32,6.0,False,3.0
20231863,2024-12-21,Saturday,21162,135,1042,2.0,424.31,0.0,848.62,0.0,848.62,233.03,382.56,0.45080247931936557,Cash,In-Store,False,None,Windy,False,212,False,344,389,45.0,False,3.0
20231864,2024-11-22,Friday,20516,107,1029,1.0,2241.53,0.0,2241.53,0.0,2241.53,1429.66,811.87,0.3621945724572056,Debit Card,In-Store,False,None,Rainy,False,71,False,314,218,-96.0,True,3.0
20231865,2023-09-25,Monday,20121,116,1044,6.0,68.64,0.0,411.84,0.0,411.84,46.06,135.48,0.328962703962704,Credit Card,Mobile App,False,None,Rainy,False,410,False,449,537,88.0,False,5.0
20231866,2023-02-09,Thursday,20584,137,1046,3.0,564.71,0.0,1694.13,0.0,1694.13,345.33,658.14,0.3884825839811585,Cash,In-Store,False,None,Cloudy,False,475,False,236,142,-94.0,False,3.0
20231867,2023-08-09,Wednesday,20088,107,1044,5.0,68.75,0.0,343.75,0.0,343.75,46.06,113.45,0.3300363636363636,Credit Card,Mobile App,False,None,Rainy,False,388,False,358,465,107.0,False,3.0
20231868,2024-12-09,Monday,20037,101,1009,2.0,1771.65,0.0,3543.3,0.0,3543.3,1077.88,1387.54,0.391595405413033,Cash,Mobile App,False,None,Snowy,False,252,False,450,436,-14.0,False,5.0
20231869,2024-09-18,Wednesday,20966,142,1049,5.0,155.75,0.32,778.75,249.2,529.55,117.26,-56.75,-0.10716646209045438,Cash,Mobile App,True,Percentage Discount,Cloudy,False,331,False,376,335,-41.0,True,1.0
20231870,2024-07-24,Wednesday,20233,121,1048,7.0,283.44,0.0,1984.08,0.0,1984.08,184.37,693.49,0.34952723680496744,Gift Card,Curbside Pickup,False,None,Rainy,False,11,True,194,184,-10.0,False,4.0
20231871,2023-11-27,Monday,20944,148,1007,2.0,1080.9,0.23,2161.8,497.214,1664.586,637.12,390.346,0.23450035023723628,Credit Card,Mobile App,True,Manufacturer Rebate,Windy,False,155,False,433,357,-76.0,False,3.0
20231872,2024-09-16,Monday,20721,145,1001,4.0,626.83,0.0,2507.32,0.0,2507.32,419.73,828.4,0.33039261043664153,Debit Card,In-Store,False,None,Stormy,False,150,False,347,356,9.0,False,4.0
20231873,2023-08-11,Friday,20273,102,1044,3.0,73.15,0.0,219.45,0.0,219.45,46.06,81.27,0.3703349282296651,Credit Card,Online,False,None,Sunny,False,66,False,432,523,91.0,False,2.0
20231874,2023-11-18,Saturday,20197,115,1032,2.0,969.56,0.0,1939.12,0.0,1939.12,572.31,794.5,0.40972193572342097,Gift Card,Curbside Pickup,False,None,Windy,False,227,False,175,165,-10.0,False,5.0
20231875,2024-11-30,Saturday,20756,148,1035,2.0,710.52,0.25,1421.04,355.26,1065.78,403.28,259.22,0.24322092739589787,Digital Wallet,Curbside Pickup,True,Bundle Deal,Rainy,False,235,False,317,416,99.0,False,5.0
20231876,2023-02-22,Wednesday,20232,119,1039,6.0,100.63,0.0,603.78,0.0,603.78,71.53,174.6,0.2891781774818642,Cash,In-Store,False,None,Windy,False,61,False,210,168,-42.0,False,1.0
20231877,2024-05-12,Sunday,20691,113,1028,3.0,770.42,0.08,2311.26,184.9008,2126.3592,494.36,643.2792,0.3025261207043476,EBT,Online,True,Bundle Deal,Snowy,False,39,False,121,76,-45.0,False,3.0
20231878,2023-09-20,Wednesday,21119,139,1036,2.0,1090.49,0.0,2180.98,0.0,2180.98,738.32,704.34,0.3229465653055048,Gift Card,Online,False,None,Sunny,False,53,False,427,319,-108.0,False,4.0
20231879,2023-09-14,Thursday,20250,137,1025,1.0,559.71,0.0,559.71,0.0,559.71,301.28,258.43,0.4617212485036895,Gift Card,In-Store,False,None,Snowy,False,412,False,380,268,-112.0,False,3.0
20231880,2023-11-20,Monday,20157,102,1013,4.0,169.52,0.0,678.08,0.0,678.08,118.75,203.08,0.2994926852288816,Cash,In-Store,False,None,Cloudy,False,44,False,453,389,-64.0,False,4.0
20231881,2023-06-18,Sunday,20740,130,1010,4.0,416.87,0.0,1667.48,0.0,1667.48,261.42,621.8,0.3728980257634274,Credit Card,Mobile App,False,None,Sunny,False,274,False,77,100,23.0,False,5.0
20231882,2023-08-29,Tuesday,20891,133,1026,5.0,239.18,0.14,1195.9,167.426,1028.474,130.01,378.424,0.3679470749868253,Cash,Mobile App,True,Bundle Deal,Snowy,False,299,False,388,294,-94.0,False,1.0
20231883,2023-12-01,Friday,20580,102,1040,7.0,92.66,0.0,648.62,0.0,648.62,47.28,317.66,0.48974746384631984,Credit Card,Online,False,None,Sunny,False,361,False,349,310,-39.0,False,1.0
20231884,2023-12-11,Monday,20382,126,1045,2.0,236.59,0.0,473.18,0.0,473.18,159.92,153.34,0.32406272454457086,Digital Wallet,Mobile App,False,None,Sunny,False,156,False,410,560,150.0,False,3.0
20231885,2024-06-02,Sunday,20708,124,1023,7.0,126.36,0.0,884.52,0.0,884.52,70.74,389.34,0.4401709401709402,EBT,Online,False,None,Snowy,False,98,False,416,483,67.0,False,2.0
20231886,2024-04-29,Monday,21096,132,1004,3.0,704.44,0.0,2113.32,0.0,2113.32,445.03,778.23,0.3682499574129806,Cash,Curbside Pickup,False,None,Sunny,False,471,False,401,474,73.0,False,5.0
20231887,2023-05-29,Monday,20411,141,1015,3.0,255.12,0.0,765.36,0.0,765.36,149.38,317.22,0.4144716211978677,Debit Card,Curbside Pickup,False,None,Rainy,False,291,False,325,332,7.0,False,5.0
20231888,2023-08-21,Monday,20134,118,1012,2.0,239.01,0.0,478.02,0.0,478.02,173.37,131.28,0.27463286054976777,Gift Card,Curbside Pickup,False,None,Snowy,False,422,False,195,237,42.0,False,5.0
20231889,2024-05-28,Tuesday,20747,133,1050,2.0,1296.7,0.0,2593.4,0.0,2593.4,742.28,1108.84,0.42756227346340714,Gift Card,In-Store,False,None,Cloudy,False,316,False,347,287,-60.0,False,5.0
20231890,2024-12-03,Tuesday,20551,132,1037,3.0,390.42,0.05,1171.26,58.563,1112.697,270.26,301.917,0.2713380192451314,Debit Card,In-Store,True,Clearance,Rainy,False,321,False,29,42,13.0,False,5.0
20231891,2023-09-30,Saturday,20160,109,1026,3.0,229.35,0.0,688.05,0.0,688.05,130.01,298.02,0.4331371266623065,Digital Wallet,Online,False,None,Sunny,False,469,False,95,72,-23.0,False,1.0
20231892,2024-04-12,Friday,20608,109,1049,3.0,148.98,0.13,446.94,58.1022,388.8378,117.26,37.0578,0.09530400593769416,Cash,Curbside Pickup,True,Clearance,Cloudy,False,263,False,324,309,-15.0,False,2.0
20231893,2024-07-25,Thursday,20188,135,1042,1.0,417.63,0.0,417.63,0.0,417.63,233.03,184.6,0.4420180542585542,Digital Wallet,Curbside Pickup,False,None,Sunny,False,420,False,262,201,-61.0,False,4.0
20231894,2024-07-24,Wednesday,20152,109,1041,4.0,676.81,0.0,2707.24,0.0,2707.24,486.05,763.04,0.2818516274877734,Gift Card,Mobile App,False,None,Sunny,False,212,False,305,289,-16.0,True,3.0
20231895,2024-07-29,Monday,20889,103,1042,1.0,412.35,0.0,412.35,0.0,412.35,233.03,179.32,0.4348732872559719,Credit Card,Curbside Pickup,False,None,Rainy,False,78,False,255,249,-6.0,False,1.0
20231896,2024-12-04,Wednesday,20288,147,1043,5.0,118.13,0.11,590.65,64.9715,525.6785,75.88,146.2785,0.2782660884932521,EBT,Mobile App,True,Clearance,Cloudy,False,448,False,96,74,-22.0,False,4.0
20231897,2023-02-09,Thursday,20306,104,1011,1.0,881.12,0.0,881.12,0.0,881.12,618.67,262.45,0.2978595424005811,Digital Wallet,In-Store,False,None,Windy,False,201,False,67,57,-10.0,False,2.0
20231898,2024-09-01,Sunday,20851,147,1014,1.0,232.45,0.11,232.45,25.5695,206.8805,172.18,34.7005,0.16773209654849044,Gift Card,Curbside Pickup,True,Loyalty Reward,Sunny,False,269,False,449,376,-73.0,False,5.0
20231899,2024-06-05,Wednesday,21120,127,1034,1.0,1544.19,0.0,1544.19,0.0,1544.19,1145.68,398.51,0.2580705742169033,Cash,Curbside Pickup,False,None,Cloudy,False,504,False,49,70,21.0,False,4.0
20231900,2024-11-21,Thursday,21102,146,1006,1.0,267.91,0.0,267.91,0.0,267.91,163.55,104.36,0.3895337986637304,Credit Card,Curbside Pickup,False,None,Windy,False,389,False,456,539,83.0,False,2.0
20231901,2023-10-13,Friday,20462,118,1010,3.0,401.49,0.0,1204.47,0.0,1204.47,261.42,420.21,0.34887543898976314,Cash,Online,False,None,Windy,False,399,False,135,106,-29.0,False,4.0
20231902,2024-09-27,Friday,21036,118,1024,2.0,484.37,0.16,968.74,154.9984,813.7416,283.62,246.5016,0.30292367994950736,Cash,Online,True,Loyalty Reward,Cloudy,False,490,False,300,364,64.0,False,5.0
20231903,2023-12-18,Monday,20524,102,1049,3.0,162.54,0.0,487.62,0.0,487.62,117.26,135.84,0.27857758090316226,Credit Card,In-Store,False,None,Sunny,False,204,False,177,233,56.0,False,2.0
20231904,2023-04-15,Saturday,20926,107,1023,5.0,122.15,0.0,610.75,0.0,610.75,70.74,257.05,0.4208759721653705,Credit Card,Mobile App,False,None,Cloudy,False,13,True,321,283,-38.0,False,3.0
20231905,2024-12-19,Thursday,21062,101,1009,1.0,1783.29,0.0,1783.29,0.0,1783.29,1077.88,705.41,0.39556662124500214,Digital Wallet,Online,False,None,Stormy,False,145,False,63,83,20.0,False,1.0
20231906,2023-10-30,Monday,20611,133,1008,1.0,644.87,0.21,644.87,135.4227,509.4473,397.4,112.0473,0.21993894167267164,Cash,Mobile App,True,BOGO,Sunny,False,285,False,151,141,-10.0,False,5.0
20231907,2024-11-03,Sunday,20486,119,1009,1.0,1824.67,0.0,1824.67,0.0,1824.67,1077.88,746.79,0.4092740057106216,Digital Wallet,Online,False,None,Sunny,False,511,False,416,401,-15.0,False,3.0
20231908,2024-06-18,Tuesday,21182,145,1018,3.0,353.91,0.0,1061.73,0.0,1061.73,198.14,467.31,0.4401401486253568,Cash,Curbside Pickup,False,None,Sunny,False,515,False,352,327,-25.0,False,2.0
20231909,2023-07-03,Monday,20206,126,1041,4.0,678.37,0.0,2713.48,0.0,2713.48,486.05,769.28,0.28350310302637205,Debit Card,In-Store,False,None,Cloudy,False,408,False,177,251,74.0,False,2.0
20231910,2023-04-22,Saturday,20081,132,1016,3.0,369.5,0.0,1108.5,0.0,1108.5,263.25,318.75,0.28755074424898514,Digital Wallet,Mobile App,False,None,Cloudy,False,211,False,21,15,-6.0,False,4.0
20231911,2024-10-17,Thursday,20552,109,1036,2.0,1070.32,0.08,2140.64,171.2512,1969.3888,738.32,492.7488,0.2502039211353288,Cash,Mobile App,True,Bundle Deal,Snowy,False,254,False,246,179,-67.0,False,4.0
20231912,2023-05-25,Thursday,20609,121,1025,3.0,525.17,0.24,1575.51,378.1224,1197.3876,301.28,293.5476,0.24515670614928695,Gift Card,Online,True,Bundle Deal,Rainy,False,203,False,227,145,-82.0,False,4.0
20231913,2023-04-13,Thursday,20545,103,1001,4.0,671.75,0.19,2687.0,510.53,2176.47,419.73,497.55,0.22860411583895013,Cash,Mobile App,True,Manufacturer Rebate,Windy,False,289,False,337,403,66.0,False,2.0
20231914,2024-01-11,Thursday,20968,116,1043,2.0,121.53,0.0,243.06,0.0,243.06,75.88,91.3,0.3756274170986588,Digital Wallet,Mobile App,False,None,Cloudy,False,1,True,466,472,6.0,False,3.0
20231915,2024-02-18,Sunday,20095,112,1009,2.0,1756.78,0.0,3513.56,0.0,3513.56,1077.88,1357.8,0.38644565625747096,Gift Card,In-Store,False,None,Rainy,False,256,False,403,344,-59.0,False,4.0
20231916,2023-02-12,Sunday,20189,134,1011,1.0,867.87,0.0,867.87,0.0,867.87,618.67,249.2,0.28713977899915893,Cash,Online,False,None,Stormy,False,501,False,218,184,-34.0,False,5.0
20231917,2024-08-19,Monday,20336,143,1029,2.0,2234.69,0.0,4469.38,0.0,4469.38,1429.66,1610.06,0.3602423602378853,Digital Wallet,Mobile App,False,None,Windy,False,59,False,349,264,-85.0,False,5.0
20231918,2023-06-11,Sunday,20568,108,1010,4.0,375.15,0.29,1500.6,435.174,1065.426,261.42,19.746,0.018533431697743314,Digital Wallet,Curbside Pickup,True,Clearance,Sunny,False,423,False,242,197,-45.0,False,2.0
20231919,2023-07-04,Tuesday,20596,134,1047,1.0,408.14,0.09,408.14,36.7326,371.4074,273.17,98.2374,0.26450038421420785,Debit Card,In-Store,True,Percentage Discount,Sunny,True,31,False,106,125,19.0,False,2.0
20231920,2023-11-19,Sunday,20636,110,1022,2.0,306.32,0.0,612.64,0.0,612.64,187.99,236.66,0.3862953773831287,Credit Card,Mobile App,False,None,Sunny,False,100,False,409,533,124.0,False,4.0
20231921,2024-07-15,Monday,20724,150,1041,2.0,635.48,0.0,1270.96,0.0,1270.96,486.05,298.86,0.23514508717819602,Gift Card,Online,False,None,Snowy,False,1,True,24,17,-7.0,False,1.0
20231922,2023-12-29,Friday,20712,137,1015,6.0,250.17,0.0,1501.02,0.0,1501.02,149.38,604.74,0.40288603749450375,Cash,Curbside Pickup,False,None,Snowy,False,292,False,229,248,19.0,False,5.0
20231923,2023-10-09,Monday,20231,113,1036,2.0,1033.62,0.0,2067.24,0.0,2067.24,738.32,590.6,0.2856949362434936,EBT,Curbside Pickup,False,None,Cloudy,False,132,False,96,97,1.0,False,4.0
20231924,2023-07-30,Sunday,20154,128,1046,3.0,569.09,0.0,1707.27,0.0,1707.27,345.33,671.28,0.39318912650020205,Digital Wallet,Online,False,None,Sunny,False,519,False,202,148,-54.0,False,3.0
20231925,2023-01-25,Wednesday,20372,122,1043,2.0,124.99,0.19,249.98,47.4962,202.4838,75.88,50.7238,0.2505079418699174,Digital Wallet,In-Store,True,Bundle Deal,Stormy,False,358,False,90,125,35.0,False,3.0
20231926,2023-08-23,Wednesday,20708,131,1030,1.0,837.96,0.07,837.96,58.6572,779.3028,569.19,210.1128,0.26961638017982226,Gift Card,In-Store,True,Loyalty Reward,Cloudy,False,462,False,371,265,-106.0,False,5.0
20231927,2023-12-25,Monday,20014,106,1019,1.0,1315.4,0.0,1315.4,0.0,1315.4,867.36,448.04,0.3406112209213928,Cash,Online,False,None,Sunny,True,403,False,355,332,-23.0,False,1.0
20231928,2024-03-24,Sunday,20484,101,1041,4.0,656.01,0.0,2624.04,0.0,2624.04,486.05,679.84,0.25908141644182253,Cash,In-Store,False,None,Sunny,False,192,False,364,528,164.0,False,4.0
20231929,2023-11-05,Sunday,20347,109,1034,2.0,1603.83,0.0,3207.66,0.0,3207.66,1145.68,916.3,0.28565995149111806,Digital Wallet,Online,False,None,Rainy,False,40,False,148,99,-49.0,False,2.0
20231930,2023-10-22,Sunday,20319,143,1021,6.0,75.22,0.0,451.32,0.0,451.32,45.04,181.08,0.40122307896835946,Gift Card,Curbside Pickup,False,None,Rainy,False,36,False,259,293,34.0,False,2.0
20231931,2024-12-06,Friday,20130,128,1038,3.0,151.23,0.0,453.69,0.0,453.69,88.81,187.26,0.4127487932288566,Debit Card,In-Store,False,None,Rainy,False,319,False,407,248,-159.0,False,4.0
20231932,2023-12-04,Monday,21176,150,1020,4.0,364.75,0.34,1459.0,496.06,962.94,190.07,202.66,0.210459634037427,Debit Card,Mobile App,True,Clearance,Sunny,False,402,False,60,75,15.0,False,4.0
20231933,2024-05-24,Friday,20001,129,1029,1.0,2135.53,0.15,2135.53,320.3295,1815.2005,1429.66,385.5405,0.2123955452854933,Cash,Mobile App,True,Loyalty Reward,Windy,False,10,True,86,88,2.0,False,2.0
20231934,2023-12-05,Tuesday,20643,118,1035,1.0,777.26,0.27,777.26,209.8602,567.3998,403.28,164.1198,0.28924895637961096,Gift Card,Mobile App,True,Percentage Discount,Cloudy,False,438,False,273,279,6.0,False,2.0
20231935,2023-09-08,Friday,20458,117,1047,1.0,398.13,0.0,398.13,0.0,398.13,273.17,124.96,0.3138673297666591,EBT,In-Store,False,None,Rainy,False,164,False,459,557,98.0,False,5.0
20231936,2023-12-14,Thursday,20897,139,1035,4.0,766.29,0.0,3065.16,0.0,3065.16,403.28,1452.04,0.4737240470318026,EBT,Curbside Pickup,False,None,Stormy,False,160,False,338,263,-75.0,False,2.0
20231937,2023-11-15,Wednesday,20038,125,1040,4.0,90.44,0.0,361.76,0.0,361.76,47.28,172.64,0.4772224679345422,Cash,Online,False,None,Stormy,False,294,False,147,193,46.0,False,2.0
20231938,2024-01-29,Monday,20713,145,1033,2.0,843.44,0.0,1686.88,0.0,1686.88,465.85,755.18,0.4476785544911316,Digital Wallet,Mobile App,False,None,Snowy,False,301,False,123,110,-13.0,False,4.0
20231939,2023-05-28,Sunday,20824,120,1029,1.0,2096.88,0.0,2096.88,0.0,2096.88,1429.66,667.22,0.31819655869673036,Debit Card,In-Store,False,None,Stormy,False,408,False,385,548,163.0,False,2.0
20231940,2024-03-24,Sunday,20296,126,1001,4.0,647.31,0.12,2589.24,310.7088,2278.5312,419.73,599.6112,0.263156896864085,EBT,Online,True,Manufacturer Rebate,Stormy,False,103,False,193,157,-36.0,False,1.0
20231941,2023-04-14,Friday,20410,137,1039,5.0,104.1,0.0,520.5,0.0,520.5,71.53,162.85,0.31287223823246885,Debit Card,Online,False,None,Sunny,False,232,False,427,574,147.0,False,2.0
20231942,2024-08-21,Wednesday,20305,115,1041,3.0,615.95,0.0,1847.85,0.0,1847.85,486.05,389.7,0.21089374137511163,EBT,In-Store,False,None,Stormy,False,479,False,90,95,5.0,False,5.0
20231943,2024-10-30,Wednesday,20621,117,1034,2.0,1604.96,0.0,3209.92,0.0,3209.92,1145.68,918.56,0.2861628950254212,Gift Card,Mobile App,False,None,Sunny,False,207,False,195,281,86.0,False,1.0
20231944,2024-11-26,Tuesday,20936,150,1048,2.0,288.82,0.21,577.64,121.3044,456.3356,184.37,87.5956,0.19195434237434028,Gift Card,In-Store,True,Loyalty Reward,Cloudy,False,189,False,319,245,-74.0,False,1.0
20231945,2023-09-14,Thursday,20770,112,1007,2.0,1124.58,0.0,2249.16,0.0,2249.16,637.12,974.92,0.4334596026961176,EBT,Mobile App,False,None,Sunny,False,314,False,478,353,-125.0,False,2.0
20231946,2024-04-23,Tuesday,20411,134,1030,1.0,932.7,0.0,932.7,0.0,932.7,569.19,363.51,0.3897394660662592,Credit Card,Curbside Pickup,False,None,Sunny,False,400,False,211,221,10.0,False,5.0
20231947,2023-06-25,Sunday,20807,119,1026,4.0,221.13,0.0,884.52,0.0,884.52,130.01,364.48,0.41206530095418986,Credit Card,Mobile App,False,None,Rainy,False,256,False,87,91,4.0,False,2.0
20231948,2023-05-19,Friday,20626,115,1032,2.0,976.21,0.2,1952.42,390.484,1561.936,572.31,417.316,0.2671786808166277,Gift Card,Curbside Pickup,True,Clearance,Snowy,False,197,False,355,336,-19.0,False,3.0
20231949,2024-01-30,Tuesday,20573,128,1042,3.0,399.8,0.0,1199.4,0.0,1199.4,233.03,500.31,0.4171335667833917,Digital Wallet,Mobile App,False,None,Cloudy,False,503,False,156,105,-51.0,False,5.0
20231950,2024-12-25,Wednesday,20091,120,1030,1.0,915.61,0.0,915.61,0.0,915.61,569.19,346.42,0.3783488603226264,EBT,Curbside Pickup,False,None,Sunny,True,179,False,172,112,-60.0,False,1.0
20231951,2024-07-03,Wednesday,20506,131,1035,2.0,719.88,0.18,1439.76,259.1568,1180.6032,403.28,374.0432,0.3168238066778068,Debit Card,Mobile App,True,BOGO,Rainy,False,336,False,99,121,22.0,False,4.0
20231952,2024-11-08,Friday,20288,124,1009,1.0,1755.15,0.0,1755.15,0.0,1755.15,1077.88,677.27,0.38587585106686034,Debit Card,Online,False,None,Sunny,False,411,False,433,314,-119.0,False,2.0
20231953,2024-04-11,Thursday,20013,110,1039,5.0,96.55,0.21,482.75,101.3775,381.3725,71.53,23.7225,0.06220296429344021,Debit Card,Curbside Pickup,True,Percentage Discount,Sunny,False,367,False,210,251,41.0,False,1.0
20231954,2024-02-02,Friday,20312,148,1014,6.0,221.87,0.0,1331.22,0.0,1331.22,172.18,298.14,0.2239599765628522,Gift Card,Online,False,None,Cloudy,False,92,False,477,618,141.0,False,5.0
20231955,2023-11-19,Sunday,20413,111,1003,1.0,1882.46,0.13,1882.46,244.7198,1637.7402,1394.94,242.8002,0.14825318447944302,EBT,Curbside Pickup,True,Loyalty Reward,Sunny,False,399,False,44,31,-13.0,False,4.0
20231956,2023-09-12,Tuesday,20941,121,1027,2.0,56.34,0.0,112.68,0.0,112.68,37.44,37.8,0.3354632587859426,Gift Card,Curbside Pickup,False,None,Rainy,False,63,False,444,382,-62.0,True,5.0
20231957,2023-01-30,Monday,20495,115,1005,1.0,1088.05,0.0,1088.05,0.0,1088.05,774.22,313.83,0.28843343596342075,Gift Card,Curbside Pickup,False,None,Rainy,False,173,False,276,379,103.0,False,1.0
20231958,2024-01-17,Wednesday,20225,105,1004,1.0,686.72,0.26,686.72,178.5472,508.1728,445.03,63.1428,0.12425458426739895,Gift Card,Curbside Pickup,True,Bundle Deal,Sunny,False,98,False,71,56,-15.0,False,2.0
20231959,2023-01-26,Thursday,21047,143,1029,1.0,2130.89,0.27,2130.89,575.3403,1555.5497,1429.66,125.8897,0.08092939749851769,Credit Card,Online,True,Manufacturer Rebate,Cloudy,False,177,False,148,183,35.0,False,4.0
20231960,2024-06-10,Monday,20383,117,1026,6.0,218.14,0.27,1308.84,353.3868,955.4532,130.01,175.3932,0.18357068666471577,Debit Card,Mobile App,True,Clearance,Sunny,False,65,False,110,129,19.0,False,3.0
20231961,2023-11-26,Sunday,20743,104,1030,1.0,941.9,0.0,941.9,0.0,941.9,569.19,372.71,0.3957001804862511,EBT,Mobile App,False,None,Cloudy,False,469,False,145,120,-25.0,False,2.0
20231962,2023-11-24,Friday,20494,109,1013,2.0,180.1,0.0,360.2,0.0,360.2,118.75,122.7,0.3406440866185452,Cash,Mobile App,False,None,Sunny,False,136,False,139,173,34.0,False,4.0
20231963,2023-06-05,Monday,20656,141,1038,4.0,140.66,0.0,562.64,0.0,562.64,88.81,207.4,0.36861936584672256,Gift Card,Online,False,None,Rainy,False,110,False,291,326,35.0,False,1.0
20231964,2024-07-26,Friday,20292,126,1005,1.0,1070.2,0.31,1070.2,331.762,738.438,774.22,-35.782,-0.04845633621238333,Gift Card,Curbside Pickup,True,Loyalty Reward,Cloudy,False,249,False,397,561,164.0,False,2.0
20231965,2023-09-17,Sunday,20820,138,1017,6.0,122.11,0.0,732.66,0.0,732.66,93.3,172.86,0.23593481287363854,EBT,Curbside Pickup,False,None,Sunny,False,241,False,386,471,85.0,False,3.0
20231966,2024-10-31,Thursday,20273,102,1039,3.0,95.29,0.0,285.87,0.0,285.87,71.53,71.28,0.2493441074614335,Credit Card,Online,False,None,Stormy,False,25,False,419,344,-75.0,False,1.0
20231967,2024-01-14,Sunday,20789,148,1009,1.0,1737.73,0.0,1737.73,0.0,1737.73,1077.88,659.85,0.3797195191427897,Digital Wallet,Curbside Pickup,False,None,Windy,False,483,False,318,441,123.0,False,1.0
20231968,2023-02-21,Tuesday,20679,148,1033,1.0,819.18,0.21,819.18,172.0278,647.1522,465.85,181.3022,0.28015388033912264,EBT,Online,True,Percentage Discount,Stormy,False,227,False,254,327,73.0,False,4.0
20231969,2023-11-14,Tuesday,20769,122,1012,1.0,243.47,0.07,243.47,17.0429,226.4271,173.37,53.0571,0.23432310001762152,EBT,Mobile App,True,Loyalty Reward,Cloudy,False,421,False,21,26,5.0,False,3.0
20231970,2024-06-24,Monday,20394,123,1007,2.0,1141.74,0.0,2283.48,0.0,2283.48,637.12,1009.24,0.44197453010317583,EBT,In-Store,False,None,Snowy,False,468,False,109,113,4.0,False,2.0
20231971,2024-03-30,Saturday,20658,113,1008,4.0,610.11,0.0,2440.44,0.0,2440.44,397.4,850.84,0.34864204815525074,Cash,Online,False,None,Sunny,False,139,False,110,119,9.0,False,5.0
20231972,2024-11-18,Monday,20435,130,1011,1.0,872.66,0.19,872.66,165.8054,706.8546,618.67,88.1846,0.12475635017442066,Gift Card,In-Store,True,Loyalty Reward,Cloudy,False,84,False,311,408,97.0,False,4.0
20231973,2024-11-20,Wednesday,20294,148,1029,1.0,2084.15,0.0,2084.15,0.0,2084.15,1429.66,654.49,0.31403209941702853,Credit Card,In-Store,False,None,Windy,False,203,False,458,637,179.0,False,3.0
20231974,2023-11-16,Thursday,20047,104,1031,4.0,565.8,0.3,2263.2,678.96,1584.24,402.09,-24.12,-0.015224965914255493,Digital Wallet,Online,True,Clearance,Sunny,False,421,False,95,104,9.0,False,4.0
20231975,2024-01-17,Wednesday,20430,134,1036,1.0,1039.35,0.0,1039.35,0.0,1039.35,738.32,301.03,0.28963294366671466,EBT,Mobile App,False,None,Windy,False,67,False,152,117,-35.0,False,4.0
20231976,2023-11-03,Friday,20272,127,1009,2.0,1733.3,0.15,3466.6,519.99,2946.61,1077.88,790.85,0.26839317045689776,Digital Wallet,Curbside Pickup,True,Loyalty Reward,Sunny,False,377,False,336,362,26.0,False,3.0
20231977,2024-10-26,Saturday,20307,124,1007,1.0,1121.16,0.32,1121.16,358.7712,762.3888,637.12,125.2688,0.1643109132767953,Gift Card,In-Store,True,Percentage Discount,Snowy,False,390,False,464,554,90.0,False,4.0
20231978,2023-10-27,Friday,21181,109,1027,4.0,62.12,0.0,248.48,0.0,248.48,37.44,98.72,0.3972955569864778,EBT,Mobile App,False,None,Windy,False,283,False,178,226,48.0,False,3.0
20231979,2023-12-14,Thursday,20382,117,1027,2.0,59.97,0.0,119.94,0.0,119.94,37.44,45.06,0.37568784392196103,Credit Card,Mobile App,False,None,Stormy,False,168,False,222,212,-10.0,False,2.0
20231980,2023-10-22,Sunday,20289,136,1028,1.0,826.54,0.0,826.54,0.0,826.54,494.36,332.18,0.40189222542163716,Credit Card,Mobile App,False,None,Snowy,False,99,False,119,129,10.0,False,3.0
20231981,2024-02-29,Thursday,20129,137,1034,2.0,1602.51,0.34,3205.02,1089.7068,2115.3132,1145.68,-176.0468,-0.08322493331011245,Digital Wallet,Mobile App,True,Loyalty Reward,Windy,False,427,False,66,89,23.0,False,3.0
20231982,2024-12-30,Monday,20182,135,1037,1.0,404.67,0.0,404.67,0.0,404.67,270.26,134.41,0.3321471816541874,Credit Card,Mobile App,False,None,Cloudy,False,183,False,166,120,-46.0,False,5.0
20231983,2023-07-24,Monday,20740,148,1017,1.0,127.7,0.0,127.7,0.0,127.7,93.3,34.4,0.26938136256852,Digital Wallet,Curbside Pickup,False,None,Cloudy,False,155,False,113,116,3.0,False,1.0
20231984,2023-12-12,Tuesday,21022,113,1040,7.0,83.77,0.0,586.39,0.0,586.39,47.28,255.43,0.4355974692610719,Gift Card,Mobile App,False,None,Rainy,False,391,False,258,332,74.0,False,1.0
20231985,2023-08-17,Thursday,20457,147,1016,2.0,387.94,0.27,775.88,209.4876,566.3924,263.25,39.8924,0.07043244224322211,Cash,In-Store,True,Percentage Discount,Cloudy,False,288,False,396,482,86.0,False,3.0
20231986,2024-09-25,Wednesday,21136,145,1022,4.0,321.21,0.0,1284.84,0.0,1284.84,187.99,532.88,0.4147442483110737,Debit Card,Online,False,None,Cloudy,False,304,False,381,381,0.0,False,2.0
20231987,2024-05-10,Friday,21174,105,1017,3.0,125.73,0.23,377.19,86.7537,290.4363,93.3,10.5363,0.036277490107124985,Digital Wallet,Mobile App,True,Percentage Discount,Rainy,False,266,False,101,78,-23.0,False,4.0
20231988,2024-07-19,Friday,20328,110,1019,2.0,1220.76,0.1,2441.52,244.152,2197.368,867.36,462.648,0.21054643555380798,Digital Wallet,In-Store,True,Percentage Discount,Snowy,False,36,False,479,342,-137.0,False,4.0
20231989,2023-11-09,Thursday,20456,124,1030,2.0,924.99,0.0,1849.98,0.0,1849.98,569.19,711.6,0.38465280705737354,Debit Card,Online,False,None,Cloudy,False,195,False,339,336,-3.0,False,2.0
20231990,2023-06-07,Wednesday,20143,138,1003,1.0,1850.88,0.0,1850.88,0.0,1850.88,1394.94,455.94,0.246336877593361,Cash,Online,False,None,Cloudy,False,424,False,224,302,78.0,False,3.0
20231991,2023-02-03,Friday,21021,104,1031,4.0,561.12,0.25,2244.48,561.12,1683.36,402.09,75.0,0.04455374964357013,Credit Card,Mobile App,True,Percentage Discount,Snowy,False,193,False,85,91,6.0,False,1.0
20231992,2024-04-11,Thursday,20701,125,1020,1.0,363.14,0.34,363.14,123.4676,239.6724,190.07,49.6024,0.20695916592815858,Cash,Mobile App,True,BOGO,Sunny,False,81,False,467,383,-84.0,False,4.0
20231993,2023-01-14,Saturday,20905,120,1040,7.0,91.89,0.0,643.23,0.0,643.23,47.28,312.27,0.4854717597126999,Debit Card,Mobile App,False,None,Windy,False,215,False,211,199,-12.0,False,4.0
20231994,2023-01-02,Monday,21000,132,1019,2.0,1338.45,0.0,2676.9,0.0,2676.9,867.36,942.18,0.3519668273002354,Debit Card,In-Store,False,None,Sunny,False,71,False,184,151,-33.0,False,5.0
20231995,2024-06-12,Wednesday,21109,117,1022,4.0,336.62,0.0,1346.48,0.0,1346.48,187.99,594.52,0.44153645059711244,Debit Card,Online,False,None,Sunny,False,162,False,382,360,-22.0,False,1.0
20231996,2023-11-08,Wednesday,20095,112,1038,7.0,153.46,0.18,1074.22,193.3596,880.8604,88.81,259.1904,0.29424685228215497,Cash,Online,True,Clearance,Rainy,False,159,False,28,40,12.0,False,4.0
20231997,2023-09-03,Sunday,20582,102,1038,4.0,149.13,0.0,596.52,0.0,596.52,88.81,241.28,0.40447931335076776,EBT,Mobile App,False,None,Rainy,False,497,False,303,302,-1.0,False,4.0
20231998,2023-01-23,Monday,20356,106,1018,3.0,357.66,0.0,1072.98,0.0,1072.98,198.14,478.56,0.44601017726332276,Credit Card,Mobile App,False,None,Sunny,False,348,False,148,198,50.0,False,2.0
20231999,2023-11-11,Saturday,20051,128,1024,1.0,483.42,0.0,483.42,0.0,483.42,283.62,199.8,0.41330520044681646,EBT,Mobile App,False,None,Stormy,False,454,False,198,123,-75.0,False,1.0
20232000,2023-02-12,Sunday,21075,150,1032,2.0,994.57,0.1,1989.14,198.914,1790.226,572.31,645.606,0.3606282111867441,Digital Wallet,Curbside Pickup,True,BOGO,Rainy,False,393,False,127,175,48.0,True,5.0
20232001,2024-10-25,Friday,20357,106,1016,1.0,362.36,0.0,362.36,0.0,362.36,263.25,99.11,0.27351252897670825,Debit Card,In-Store,False,None,Snowy,False,44,False,176,252,76.0,False,1.0
20232002,2023-05-13,Saturday,20771,108,1016,3.0,373.56,0.0,1120.68,0.0,1120.68,263.25,330.93,0.2952939286861549,Gift Card,Mobile App,False,None,Snowy,False,3,True,111,78,-33.0,False,1.0
20232003,2023-11-06,Monday,20966,142,1023,3.0,130.18,0.0,390.54,0.0,390.54,70.74,178.32,0.45659855584575215,Gift Card,In-Store,False,None,Sunny,False,183,False,233,221,-12.0,False,1.0
20232004,2024-07-21,Sunday,21153,141,1013,4.0,179.43,0.0,717.72,0.0,717.72,118.75,242.72,0.3381820208437831,Credit Card,Curbside Pickup,False,None,Cloudy,False,430,False,433,451,18.0,False,3.0
20232005,2024-08-24,Saturday,21152,134,1048,4.0,285.79,0.0,1143.16,0.0,1143.16,184.37,405.68,0.35487595787116416,EBT,Mobile App,False,None,Rainy,False,152,False,89,60,-29.0,False,4.0
20232006,2024-05-10,Friday,20890,113,1017,7.0,135.31,0.0,947.17,0.0,947.17,93.3,294.07,0.3104722489099106,Credit Card,Curbside Pickup,False,None,Cloudy,False,428,False,277,254,-23.0,False,1.0
20232007,2023-12-07,Thursday,20398,121,1020,2.0,330.9,0.19,661.8,125.742,536.058,190.07,155.918,0.2908603173537192,Gift Card,Mobile App,True,Percentage Discount,Snowy,False,31,False,84,102,18.0,False,1.0
20232008,2023-05-01,Monday,20964,107,1046,3.0,527.44,0.18,1582.32,284.8176,1297.5024,345.33,261.5124,0.20155060984858297,EBT,Online,True,Percentage Discount,Windy,False,26,False,41,50,9.0,False,2.0
20232009,2024-12-12,Thursday,20883,108,1007,2.0,1050.23,0.25,2100.46,525.115,1575.345,637.12,301.105,0.1911359099117971,Credit Card,Mobile App,True,Bundle Deal,Snowy,False,321,False,140,100,-40.0,False,2.0
20232010,2024-03-10,Sunday,20157,128,1012,6.0,238.73,0.0,1432.38,0.0,1432.38,173.37,392.16,0.27378209692958566,Digital Wallet,Curbside Pickup,False,None,Cloudy,False,56,False,227,322,95.0,False,3.0
20232011,2024-04-07,Sunday,20807,119,1022,3.0,339.09,0.0,1017.27,0.0,1017.27,187.99,453.3,0.44560441180807453,Credit Card,Curbside Pickup,False,None,Sunny,False,290,False,292,380,88.0,False,4.0
20232012,2023-12-15,Friday,20590,109,1039,1.0,93.51,0.0,93.51,0.0,93.51,71.53,21.98,0.2350550743236018,EBT,Online,False,None,Cloudy,False,62,False,68,41,-27.0,False,1.0
20232013,2023-10-30,Monday,20227,121,1046,2.0,528.78,0.0,1057.56,0.0,1057.56,345.33,366.9,0.3469306706002496,Credit Card,Online,False,None,Cloudy,False,507,False,236,211,-25.0,False,4.0
20232014,2024-08-11,Sunday,20435,130,1037,4.0,378.08,0.28,1512.32,423.4496,1088.8704,270.26,7.8304,0.007191305778906129,Debit Card,In-Store,True,BOGO,Sunny,False,511,False,376,510,134.0,False,3.0
20232015,2024-08-07,Wednesday,21148,120,1001,1.0,633.92,0.0,633.92,0.0,633.92,419.73,214.19,0.3378817516405855,Digital Wallet,Mobile App,False,None,Sunny,False,306,False,42,38,-4.0,False,1.0
20232016,2024-04-08,Monday,20542,149,1043,1.0,122.51,0.0,122.51,0.0,122.51,75.88,46.63,0.38062199004162933,Digital Wallet,Curbside Pickup,False,None,Stormy,False,330,False,415,565,150.0,False,1.0
20232017,2023-11-03,Friday,20086,123,1047,4.0,377.58,0.09,1510.32,135.9288,1374.3912,273.17,281.7112,0.20497162671006622,Credit Card,Curbside Pickup,True,Clearance,Cloudy,False,484,False,273,193,-80.0,False,2.0
20232018,2024-05-11,Saturday,20580,102,1047,2.0,398.0,0.0,796.0,0.0,796.0,273.17,249.66,0.31364321608040197,Cash,Online,False,None,Windy,False,486,False,250,225,-25.0,False,1.0
20232019,2024-07-28,Sunday,20405,126,1002,2.0,1302.48,0.15,2604.96,390.744,2214.216,759.3,695.616,0.31415905223338647,Debit Card,Online,True,Loyalty Reward,Cloudy,False,514,False,84,118,34.0,False,2.0
20232020,2023-08-26,Saturday,20214,124,1049,1.0,157.04,0.11,157.04,17.2744,139.7656,117.26,22.5056,0.1610238857057817,Gift Card,In-Store,True,Clearance,Stormy,False,354,False,92,102,10.0,False,4.0
20232021,2024-12-30,Monday,20670,137,1001,3.0,651.48,0.0,1954.44,0.0,1954.44,419.73,695.25,0.3557284951188064,EBT,In-Store,False,None,Cloudy,False,53,False,80,84,4.0,False,4.0
20232022,2024-05-17,Friday,20637,138,1009,2.0,1755.25,0.0,3510.5,0.0,3510.5,1077.88,1354.74,0.38591083891183586,Debit Card,In-Store,False,None,Cloudy,False,345,False,287,243,-44.0,False,2.0
20232023,2024-11-28,Thursday,21004,138,1044,3.0,73.26,0.1,219.78,21.978,197.802,46.06,59.622,0.30142263475596814,Credit Card,In-Store,True,Clearance,Cloudy,True,4,True,141,190,49.0,False,1.0
20232024,2023-04-18,Tuesday,20410,137,1030,2.0,914.93,0.25,1829.86,457.465,1372.395,569.19,234.015,0.17051577716328015,Debit Card,Mobile App,True,Bundle Deal,Sunny,False,239,False,219,313,94.0,False,1.0
20232025,2023-10-14,Saturday,20856,116,1022,4.0,331.85,0.0,1327.4,0.0,1327.4,187.99,575.44,0.43350911556426097,Cash,In-Store,False,None,Cloudy,False,228,False,172,240,68.0,False,3.0
20232026,2023-09-21,Thursday,20125,124,1037,4.0,413.03,0.18,1652.12,297.3816,1354.7384,270.26,273.6984,0.20203044366351466,Debit Card,Curbside Pickup,True,BOGO,Cloudy,False,45,False,292,414,122.0,False,1.0
20232027,2024-09-27,Friday,20979,146,1002,2.0,1358.61,0.0,2717.22,0.0,2717.22,759.3,1198.62,0.4411199682027955,Cash,Online,False,None,Stormy,False,306,False,151,147,-4.0,False,2.0
20232028,2024-08-04,Sunday,21182,132,1004,2.0,677.14,0.0,1354.28,0.0,1354.28,445.03,464.22,0.3427799273414656,Cash,Mobile App,False,None,Windy,False,447,False,63,61,-2.0,False,1.0
20232029,2024-11-11,Monday,20770,113,1032,1.0,980.95,0.17,980.95,166.7615,814.1885,572.31,241.8785,0.2970792390214306,Debit Card,In-Store,True,Loyalty Reward,Windy,False,10,True,161,202,41.0,False,5.0
20232030,2023-10-07,Saturday,20619,138,1005,2.0,1155.58,0.0,2311.16,0.0,2311.16,774.22,762.72,0.3300160958133577,Gift Card,Online,False,None,Sunny,False,465,False,349,240,-109.0,False,2.0
20232031,2024-12-05,Thursday,20176,144,1031,1.0,538.09,0.0,538.09,0.0,538.09,402.09,136.0,0.25274582318942934,Gift Card,Online,False,None,Stormy,False,332,False,361,266,-95.0,False,2.0
20232032,2024-10-07,Monday,20536,104,1037,2.0,392.57,0.33,785.14,259.0962,526.0438,270.26,-14.4762,-0.02751900126947616,Gift Card,In-Store,True,BOGO,Windy,False,168,False,63,39,-24.0,False,4.0
20232033,2024-09-07,Saturday,20819,142,1028,1.0,820.12,0.21,820.12,172.2252,647.8948,494.36,153.5348,0.23697489160277257,EBT,Mobile App,True,Bundle Deal,Stormy,False,206,False,151,169,18.0,False,2.0
20232034,2023-01-04,Wednesday,20844,130,1009,2.0,1732.2,0.0,3464.4,0.0,3464.4,1077.88,1308.64,0.37773929107493354,Credit Card,Curbside Pickup,False,None,Stormy,False,125,False,417,489,72.0,False,3.0
20232035,2023-07-27,Thursday,20192,114,1045,5.0,230.56,0.0,1152.8,0.0,1152.8,159.92,353.2,0.3063844552394171,Digital Wallet,In-Store,False,None,Cloudy,False,319,False,224,195,-29.0,False,3.0
20232036,2023-12-29,Friday,20703,101,1021,7.0,81.66,0.0,571.62,0.0,571.62,45.04,256.34,0.4484447710017145,EBT,Online,False,None,Sunny,False,380,False,98,71,-27.0,True,3.0
20232037,2024-11-14,Thursday,20819,142,1038,1.0,157.35,0.0,157.35,0.0,157.35,88.81,68.54,0.4355894502700985,EBT,In-Store,False,None,Stormy,False,295,False,447,473,26.0,False,5.0
20232038,2023-12-21,Thursday,21099,141,1031,3.0,534.4,0.0,1603.2,0.0,1603.2,402.09,396.93,0.2475860778443113,Gift Card,Mobile App,False,None,Rainy,False,14,True,181,229,48.0,True,4.0
20232039,2023-01-05,Thursday,20640,105,1046,1.0,547.33,0.0,547.33,0.0,547.33,345.33,202.0,0.3690643670180696,Digital Wallet,In-Store,False,None,Cloudy,False,462,False,182,235,53.0,False,4.0
20232040,2023-11-03,Friday,20678,120,1012,4.0,236.29,0.0,945.16,0.0,945.16,173.37,251.68,0.26628295738287694,Digital Wallet,Mobile App,False,None,Cloudy,False,307,False,265,349,84.0,False,2.0
20232041,2024-11-20,Wednesday,20311,144,1010,4.0,406.93,0.0,1627.72,0.0,1627.72,261.42,582.04,0.3575799277517017,Credit Card,Online,False,None,Cloudy,False,2,True,202,137,-65.0,False,1.0
20232042,2023-01-30,Monday,20850,102,1036,1.0,1087.31,0.0,1087.31,0.0,1087.31,738.32,348.99,0.32096642171965667,Credit Card,Curbside Pickup,False,None,Windy,False,20,True,82,84,2.0,False,5.0
20232043,2023-04-03,Monday,21005,141,1010,1.0,395.95,0.34,395.95,134.623,261.327,261.42,-0.093,-0.00035587597148407067,Gift Card,In-Store,True,Manufacturer Rebate,Stormy,False,308,False,265,294,29.0,False,3.0
20232044,2023-06-28,Wednesday,20470,104,1043,5.0,125.43,0.0,627.15,0.0,627.15,75.88,247.75,0.39504105875787304,Credit Card,In-Store,False,None,Rainy,False,92,False,393,356,-37.0,False,2.0
20232045,2024-08-08,Thursday,20995,138,1023,2.0,129.96,0.08,259.92,20.7936,239.1264,70.74,97.6464,0.4083463808262075,Credit Card,Curbside Pickup,True,Bundle Deal,Sunny,False,227,False,261,299,38.0,False,2.0
20232046,2024-10-16,Wednesday,20770,122,1014,6.0,223.71,0.0,1342.26,0.0,1342.26,172.18,309.18,0.23034285458852985,Cash,Mobile App,False,None,Snowy,False,39,False,261,244,-17.0,False,2.0
20232047,2023-09-27,Wednesday,20404,133,1016,4.0,379.24,0.26,1516.96,394.4096,1122.5504,263.25,69.5504,0.06195748538328442,Debit Card,In-Store,True,Clearance,Snowy,False,12,True,52,58,6.0,False,1.0
20232048,2023-11-05,Sunday,21093,103,1032,1.0,947.43,0.18,947.43,170.5374,776.8926,572.31,204.5826,0.263334468625393,Debit Card,Online,True,Loyalty Reward,Windy,False,97,False,365,390,25.0,False,2.0
20232049,2023-12-10,Sunday,20251,124,1025,4.0,544.3,0.0,2177.2,0.0,2177.2,301.28,972.08,0.44648171963990446,Gift Card,In-Store,False,None,Rainy,False,21,True,451,643,192.0,False,3.0
20232050,2024-04-04,Thursday,20880,130,1018,2.0,355.67,0.34,711.34,241.8556,469.4844,198.14,73.2044,0.15592509570073046,EBT,Online,True,Percentage Discount,Snowy,False,435,False,161,203,42.0,False,2.0
20232051,2024-02-22,Thursday,20382,126,1046,2.0,557.0,0.0,1114.0,0.0,1114.0,345.33,423.34,0.38001795332136445,Credit Card,Mobile App,False,None,Cloudy,False,504,False,385,465,80.0,False,2.0
20232052,2023-10-30,Monday,20304,136,1045,3.0,230.47,0.2,691.41,138.282,553.128,159.92,73.368,0.13264199245021036,Gift Card,Mobile App,True,Manufacturer Rebate,Cloudy,False,447,False,141,192,51.0,False,3.0
20232053,2023-12-17,Sunday,20487,129,1046,2.0,566.08,0.0,1132.16,0.0,1132.16,345.33,441.5,0.3899625494629735,EBT,Online,False,None,Cloudy,False,238,False,404,298,-106.0,False,2.0
20232054,2024-02-20,Tuesday,21161,112,1048,5.0,263.39,0.0,1316.95,0.0,1316.95,184.37,395.1,0.3000113899540604,Debit Card,Online,False,None,Windy,False,262,False,436,472,36.0,False,3.0
20232055,2024-12-06,Friday,21132,134,1048,3.0,288.55,0.0,865.65,0.0,865.65,184.37,312.54,0.3610466123722059,Digital Wallet,Curbside Pickup,False,None,Rainy,False,474,False,138,95,-43.0,False,1.0
20232056,2024-09-09,Monday,20349,137,1007,1.0,1026.67,0.0,1026.67,0.0,1026.67,637.12,389.55,0.37943058626433035,Cash,In-Store,False,None,Sunny,False,238,False,201,211,10.0,False,5.0
20232057,2024-10-13,Sunday,20153,111,1049,3.0,157.67,0.0,473.01,0.0,473.01,117.26,121.23,0.2562947929219255,Cash,Online,False,None,Cloudy,False,313,False,343,239,-104.0,False,2.0
20232058,2024-06-24,Monday,20651,112,1019,1.0,1299.12,0.0,1299.12,0.0,1299.12,867.36,431.76,0.3323480509883613,Credit Card,In-Store,False,None,Cloudy,False,35,False,442,416,-26.0,False,5.0
20232059,2024-11-06,Wednesday,20018,130,1030,2.0,838.63,0.0,1677.26,0.0,1677.26,569.19,538.88,0.3212859067765283,EBT,In-Store,False,None,Cloudy,False,351,False,77,100,23.0,False,2.0
20232060,2024-01-12,Friday,20012,142,1045,7.0,224.72,0.11,1573.04,173.0344,1400.0056,159.92,280.5656,0.20040319838720655,Gift Card,Mobile App,True,Manufacturer Rebate,Rainy,False,6,True,391,440,49.0,False,1.0
20232061,2023-12-18,Monday,20606,122,1029,1.0,2090.94,0.0,2090.94,0.0,2090.94,1429.66,661.28,0.31625967268309946,Credit Card,Online,False,None,Snowy,False,146,False,217,136,-81.0,False,5.0
20232062,2024-11-26,Tuesday,21010,141,1010,4.0,385.17,0.12,1540.68,184.8816,1355.7984,261.42,310.1184,0.22873489155909907,Digital Wallet,Mobile App,True,Loyalty Reward,Cloudy,False,78,False,107,155,48.0,False,1.0
20232063,2024-12-19,Thursday,21071,132,1046,1.0,527.39,0.12,527.39,63.2868,464.1032,345.33,118.7732,0.25591980404358344,Cash,Mobile App,True,Clearance,Cloudy,False,2,True,302,196,-106.0,False,2.0
20232064,2023-12-10,Sunday,20871,136,1005,2.0,1082.87,0.3,2165.74,649.722,1516.018,774.22,-32.422,-0.021386289608698594,Debit Card,Curbside Pickup,True,Clearance,Cloudy,False,167,False,116,126,10.0,False,1.0
20232065,2024-12-17,Tuesday,21017,124,1041,2.0,664.05,0.0,1328.1,0.0,1328.1,486.05,356.0,0.2680521045102025,EBT,In-Store,False,None,Cloudy,False,290,False,365,226,-139.0,False,3.0
20232066,2023-02-25,Saturday,20830,134,1050,1.0,1259.31,0.0,1259.31,0.0,1259.31,742.28,517.03,0.4105661036599408,Gift Card,In-Store,False,None,Cloudy,False,265,False,291,203,-88.0,False,2.0
20232067,2023-05-16,Tuesday,21046,127,1002,2.0,1239.36,0.0,2478.72,0.0,2478.72,759.3,960.12,0.38734508133230056,Digital Wallet,Mobile App,False,None,Sunny,False,386,False,217,212,-5.0,False,4.0
20232068,2024-01-21,Sunday,20540,149,1033,2.0,821.43,0.0,1642.86,0.0,1642.86,465.85,711.16,0.4328792471665266,Cash,In-Store,False,None,Stormy,False,286,False,251,345,94.0,False,4.0
20232069,2024-12-23,Monday,20804,127,1015,1.0,262.38,0.0,262.38,0.0,262.38,149.38,113.0,0.43067306959371904,Gift Card,Online,False,None,Cloudy,False,489,False,48,65,17.0,False,3.0
20232070,2023-11-15,Wednesday,20422,102,1006,3.0,261.01,0.29,783.03,227.0787,555.9513,163.55,65.3013,0.11745866949137437,Cash,In-Store,True,Manufacturer Rebate,Rainy,False,204,False,233,259,26.0,False,4.0
20232071,2024-02-04,Sunday,20263,128,1041,2.0,622.52,0.0,1245.04,0.0,1245.04,486.05,272.94,0.21922187238964205,Debit Card,In-Store,False,None,Windy,False,160,False,215,272,57.0,False,5.0
20232072,2024-12-26,Thursday,21197,134,1014,1.0,216.67,0.09,216.67,19.5003,197.1697,172.18,24.9897,0.12674209069649126,Digital Wallet,Curbside Pickup,True,Manufacturer Rebate,Cloudy,False,394,False,359,516,157.0,False,4.0
20232073,2023-11-07,Tuesday,20338,121,1013,3.0,176.69,0.0,530.07,0.0,530.07,118.75,173.82,0.3279189541004017,Debit Card,Mobile App,False,None,Sunny,False,467,False,207,189,-18.0,False,5.0
20232074,2023-11-27,Monday,20419,129,1017,5.0,130.91,0.0,654.55,0.0,654.55,93.3,188.05,0.2872966159957222,Credit Card,In-Store,False,None,Rainy,False,440,False,193,189,-4.0,False,5.0
20232075,2023-05-01,Monday,20647,119,1035,3.0,778.65,0.0,2335.95,0.0,2335.95,403.28,1126.11,0.48207795543569,Credit Card,Curbside Pickup,False,None,Cloudy,False,340,False,46,66,20.0,False,1.0
20232076,2024-06-30,Sunday,20736,138,1036,2.0,1124.05,0.05,2248.1,112.405,2135.695,738.32,659.055,0.30859041202044285,EBT,In-Store,True,Bundle Deal,Cloudy,False,298,False,175,197,22.0,False,5.0
20232077,2023-11-16,Thursday,20279,146,1003,1.0,1788.64,0.0,1788.64,0.0,1788.64,1394.94,393.7,0.2201113695321585,Digital Wallet,Online,False,None,Cloudy,False,285,False,93,72,-21.0,False,3.0
20232078,2023-01-28,Saturday,20922,109,1011,2.0,886.55,0.0,1773.1,0.0,1773.1,618.67,535.76,0.3021600586543342,Credit Card,Curbside Pickup,False,None,Cloudy,False,190,False,99,123,24.0,False,4.0
20232079,2023-03-25,Saturday,20842,104,1046,3.0,546.46,0.0,1639.38,0.0,1639.38,345.33,603.39,0.36805987629469683,Digital Wallet,Mobile App,False,None,Cloudy,False,72,False,377,534,157.0,False,1.0
20232080,2024-01-11,Thursday,20144,146,1035,3.0,771.49,0.16,2314.47,370.3152,1944.1548,403.28,734.3148,0.37770387419767204,Digital Wallet,Curbside Pickup,True,BOGO,Windy,False,463,False,466,673,207.0,True,1.0
20232081,2024-08-26,Monday,20149,144,1003,2.0,1823.05,0.0,3646.1,0.0,3646.1,1394.94,856.22,0.23483173802144752,Debit Card,Curbside Pickup,False,None,Stormy,False,64,False,353,416,63.0,False,1.0
20232082,2023-07-13,Thursday,20630,119,1037,4.0,417.83,0.0,1671.32,0.0,1671.32,270.26,590.28,0.35318191609027594,Cash,In-Store,False,None,Rainy,False,311,False,58,65,7.0,False,1.0
20232083,2023-07-06,Thursday,21059,116,1046,1.0,513.78,0.3,513.78,154.134,359.646,345.33,14.316,0.0398058090455614,Credit Card,Online,True,Loyalty Reward,Windy,False,160,False,123,83,-40.0,False,3.0
20232084,2024-07-14,Sunday,21063,136,1049,5.0,164.74,0.0,823.7,0.0,823.7,117.26,237.4,0.28821172757071745,Cash,Online,False,None,Cloudy,False,39,False,302,354,52.0,False,1.0
20232085,2024-02-03,Saturday,21156,119,1035,1.0,749.68,0.32,749.68,239.8976,509.7824,403.28,106.5024,0.2089173733734236,Gift Card,Online,True,Loyalty Reward,Sunny,False,86,False,55,44,-11.0,False,1.0
20232086,2023-09-01,Friday,20303,135,1020,2.0,350.15,0.0,700.3,0.0,700.3,190.07,320.16,0.4571754962159075,Credit Card,In-Store,False,None,Cloudy,False,228,False,317,430,113.0,False,2.0
20232087,2023-03-13,Monday,21077,146,1034,2.0,1675.16,0.27,3350.32,904.5864,2445.7336,1145.68,154.3736,0.06311954826151135,Digital Wallet,Mobile App,True,BOGO,Stormy,False,269,False,361,352,-9.0,False,5.0
20232088,2023-06-01,Thursday,21062,101,1039,1.0,99.59,0.13,99.59,12.9467,86.6433,71.53,15.1133,0.17443126012051707,Credit Card,Online,True,Clearance,Rainy,False,42,False,51,42,-9.0,False,2.0
20232089,2024-02-05,Monday,20214,142,1026,5.0,216.16,0.0,1080.8,0.0,1080.8,130.01,430.75,0.3985473723168024,Credit Card,Mobile App,False,None,Cloudy,False,89,False,185,238,53.0,False,4.0
20232090,2024-07-09,Tuesday,20191,147,1032,2.0,882.85,0.05,1765.7,88.285,1677.415,572.31,532.795,0.31762861307428397,Credit Card,Curbside Pickup,True,BOGO,Snowy,False,95,False,216,194,-22.0,False,1.0
20232091,2023-04-01,Saturday,20012,146,1035,3.0,744.23,0.22,2232.69,491.1918,1741.4982,403.28,531.6582,0.30528782630955353,Gift Card,Online,True,Manufacturer Rebate,Rainy,False,51,False,21,29,8.0,False,4.0
20232092,2024-11-09,Saturday,20207,133,1032,1.0,893.27,0.0,893.27,0.0,893.27,572.31,320.96,0.3593090554927402,Credit Card,Curbside Pickup,False,None,Rainy,False,311,False,114,149,35.0,False,1.0
20232093,2023-12-14,Thursday,21001,133,1036,1.0,1107.59,0.0,1107.59,0.0,1107.59,738.32,369.27,0.3333995431522494,Digital Wallet,Curbside Pickup,False,None,Stormy,False,137,False,66,49,-17.0,False,2.0
20232094,2024-05-30,Thursday,21151,101,1011,2.0,932.23,0.0,1864.46,0.0,1864.46,618.67,627.12,0.3363547622367871,Digital Wallet,Curbside Pickup,False,None,Stormy,False,431,False,318,212,-106.0,False,1.0
20232095,2023-12-05,Tuesday,20438,141,1033,1.0,888.1,0.33,888.1,293.073,595.027,465.85,129.177,0.21709435034040475,EBT,In-Store,True,Bundle Deal,Stormy,False,73,False,424,318,-106.0,False,1.0
20232096,2024-09-05,Thursday,20900,147,1024,3.0,464.87,0.0,1394.61,0.0,1394.61,283.62,543.75,0.38989394884591394,Debit Card,Curbside Pickup,False,None,Sunny,False,465,False,300,420,120.0,False,5.0
20232097,2023-07-08,Saturday,20126,116,1032,2.0,890.72,0.0,1781.44,0.0,1781.44,572.31,636.82,0.3574748518052812,Digital Wallet,Curbside Pickup,False,None,Sunny,False,213,False,87,88,1.0,False,2.0
20232098,2024-12-25,Wednesday,20119,141,1032,1.0,993.29,0.0,993.29,0.0,993.29,572.31,420.98,0.42382385808776896,Credit Card,Online,False,None,Cloudy,True,445,False,46,46,0.0,False,2.0
20232099,2023-08-14,Monday,20142,122,1016,3.0,385.53,0.3,1156.59,346.977,809.613,263.25,19.863,0.024533943995464432,Gift Card,Curbside Pickup,True,Loyalty Reward,Sunny,False,435,False,399,314,-85.0,False,3.0
20232100,2023-02-24,Friday,20419,129,1001,2.0,622.35,0.0,1244.7,0.0,1244.7,419.73,405.24,0.32557242709086526,Cash,Online,False,None,Rainy,False,202,False,45,63,18.0,False,1.0
20232101,2023-06-25,Sunday,20255,119,1031,4.0,551.28,0.0,2205.12,0.0,2205.12,402.09,596.76,0.2706247279059643,Gift Card,Curbside Pickup,False,None,Sunny,False,204,False,351,318,-33.0,False,4.0
20232102,2023-07-12,Wednesday,20187,126,1037,1.0,382.46,0.0,382.46,0.0,382.46,270.26,112.2,0.29336401192281547,Credit Card,Online,False,None,Cloudy,False,27,False,334,477,143.0,False,3.0
20232103,2023-11-22,Wednesday,20609,121,1050,2.0,1338.42,0.0,2676.84,0.0,2676.84,742.28,1192.28,0.44540577696089423,EBT,Curbside Pickup,False,None,Windy,False,220,False,446,631,185.0,False,2.0
20232104,2024-11-13,Wednesday,20655,101,1019,1.0,1299.32,0.29,1299.32,376.8028,922.5172,867.36,55.1572,0.05978988792837683,Credit Card,Online,True,Percentage Discount,Sunny,False,243,False,417,267,-150.0,False,2.0
20232105,2024-01-08,Monday,21102,146,1019,1.0,1278.27,0.0,1278.27,0.0,1278.27,867.36,410.91,0.3214579079537187,Gift Card,Curbside Pickup,False,None,Stormy,False,516,False,239,192,-47.0,False,4.0
20232106,2024-07-21,Sunday,20551,132,1047,1.0,407.27,0.0,407.27,0.0,407.27,273.17,134.1,0.32926559776069925,Debit Card,In-Store,False,None,Cloudy,False,402,False,424,555,131.0,False,5.0
20232107,2024-11-11,Monday,20235,129,1003,2.0,1873.62,0.35,3747.24,1311.534,2435.706,1394.94,-354.174,-0.14540917499895306,Gift Card,Curbside Pickup,True,Clearance,Sunny,False,321,False,288,298,10.0,False,1.0
20232108,2023-02-02,Thursday,20202,134,1009,1.0,1745.48,0.0,1745.48,0.0,1745.48,1077.88,667.6,0.3824735889268281,EBT,Curbside Pickup,False,None,Snowy,False,252,False,414,482,68.0,False,5.0
20232109,2023-08-24,Thursday,20035,140,1035,3.0,771.9,0.27,2315.7,625.239,1690.461,403.28,480.621,0.28431356890221066,Digital Wallet,Curbside Pickup,True,Bundle Deal,Sunny,False,89,False,45,36,-9.0,False,4.0
20232110,2024-07-02,Tuesday,20657,118,1026,4.0,224.75,0.0,899.0,0.0,899.0,130.01,378.96,0.4215350389321469,Gift Card,Mobile App,False,None,Stormy,False,224,False,257,176,-81.0,False,5.0
20232111,2024-11-25,Monday,20601,124,1030,2.0,851.23,0.3,1702.46,510.738,1191.722,569.19,53.342,0.04476043909569503,Digital Wallet,Mobile App,True,Percentage Discount,Rainy,False,325,False,319,294,-25.0,False,4.0
20232112,2023-11-26,Sunday,20094,131,1002,2.0,1223.62,0.0,2447.24,0.0,2447.24,759.3,928.64,0.37946421274578707,Gift Card,Online,False,None,Sunny,False,181,False,243,248,5.0,False,3.0
20232113,2023-09-04,Monday,20956,109,1002,1.0,1338.09,0.0,1338.09,0.0,1338.09,759.3,578.79,0.43254938008654126,Credit Card,In-Store,False,None,Stormy,False,55,False,111,146,35.0,False,5.0
20232114,2024-05-15,Wednesday,20253,116,1035,1.0,725.96,0.0,725.96,0.0,725.96,403.28,322.68,0.44448729957573424,EBT,In-Store,False,None,Stormy,False,222,False,223,300,77.0,False,1.0
20232115,2024-03-18,Monday,20907,129,1035,4.0,776.09,0.0,3104.36,0.0,3104.36,403.28,1491.24,0.4803695447692923,Credit Card,Mobile App,False,None,Cloudy,False,107,False,441,410,-31.0,False,5.0
20232116,2024-12-21,Saturday,20943,146,1040,5.0,90.08,0.0,450.4,0.0,450.4,47.28,214.0,0.475133214920071,Cash,Curbside Pickup,False,None,Rainy,False,349,False,329,368,39.0,False,2.0
20232117,2023-01-05,Thursday,20143,138,1011,1.0,942.92,0.06,942.92,56.5752,886.3448,618.67,267.6748,0.3019984999065827,Digital Wallet,Online,True,Manufacturer Rebate,Cloudy,False,55,False,284,304,20.0,False,1.0
20232118,2023-09-17,Sunday,20941,121,1026,2.0,238.08,0.0,476.16,0.0,476.16,130.01,216.14,0.45392305107526887,Credit Card,Online,False,None,Stormy,False,470,False,235,149,-86.0,False,2.0
20232119,2023-11-14,Tuesday,20722,149,1039,2.0,101.82,0.05,203.64,10.182,193.458,71.53,50.398,0.2605113254556544,Credit Card,In-Store,True,Clearance,Sunny,False,277,False,302,231,-71.0,False,2.0
20232120,2023-10-08,Sunday,21021,104,1010,1.0,418.26,0.0,418.26,0.0,418.26,261.42,156.84,0.37498206856978905,Credit Card,Mobile App,False,None,Stormy,False,286,False,282,196,-86.0,True,3.0
20232121,2023-12-31,Sunday,20488,131,1017,1.0,129.19,0.0,129.19,0.0,129.19,93.3,35.89,0.2778078798668628,Cash,Curbside Pickup,False,None,Stormy,True,307,False,290,234,-56.0,False,4.0
20232122,2024-08-28,Wednesday,20341,140,1009,1.0,1825.53,0.2,1825.53,365.106,1460.424,1077.88,382.544,0.2619403680027169,Gift Card,Curbside Pickup,True,Loyalty Reward,Sunny,False,511,False,107,113,6.0,False,5.0
20232123,2023-08-02,Wednesday,20327,135,1005,1.0,1068.59,0.0,1068.59,0.0,1068.59,774.22,294.37,0.27547515885419094,Digital Wallet,Curbside Pickup,False,None,Windy,False,89,False,65,83,18.0,False,1.0
20232124,2023-01-13,Friday,20826,142,1014,6.0,223.31,0.0,1339.86,0.0,1339.86,172.18,306.78,0.22896422014240306,Debit Card,In-Store,False,None,Cloudy,False,82,False,288,406,118.0,False,4.0
20232125,2024-04-28,Sunday,20272,127,1019,1.0,1316.45,0.0,1316.45,0.0,1316.45,867.36,449.09,0.34113714915112614,Debit Card,Online,False,None,Stormy,False,31,False,420,419,-1.0,False,1.0
20232126,2023-05-09,Tuesday,20961,141,1007,1.0,1118.7,0.11,1118.7,123.057,995.643,637.12,358.523,0.3600919204976081,Debit Card,Curbside Pickup,True,Percentage Discount,Rainy,False,58,False,463,498,35.0,False,3.0
20232127,2023-12-21,Thursday,21055,104,1025,3.0,553.15,0.18,1659.45,298.701,1360.749,301.28,456.909,0.3357775754382329,EBT,Online,True,Clearance,Windy,False,282,False,387,509,122.0,False,3.0
20232128,2024-11-05,Tuesday,21067,122,1032,2.0,906.88,0.0,1813.76,0.0,1813.76,572.31,669.14,0.3689242237120678,Credit Card,Mobile App,False,None,Windy,False,436,False,308,385,77.0,False,3.0
20232129,2023-07-12,Wednesday,21099,141,1012,3.0,245.66,0.0,736.98,0.0,736.98,173.37,216.87,0.29426850118049336,Cash,Online,False,None,Cloudy,False,230,False,435,505,70.0,False,4.0
20232130,2023-08-03,Thursday,21009,111,1036,1.0,1073.48,0.0,1073.48,0.0,1073.48,738.32,335.16,0.31221820620784735,Gift Card,Mobile App,False,None,Sunny,False,119,False,460,368,-92.0,True,1.0
20232131,2024-06-10,Monday,20272,119,1020,3.0,338.85,0.0,1016.55,0.0,1016.55,190.07,446.34,0.4390733362844917,Debit Card,In-Store,False,None,Sunny,False,12,True,241,205,-36.0,False,3.0
20232132,2023-10-31,Tuesday,20862,141,1013,4.0,180.5,0.0,722.0,0.0,722.0,118.75,247.0,0.34210526315789475,EBT,Online,False,None,Cloudy,False,326,False,451,523,72.0,False,5.0
20232133,2023-03-24,Friday,21185,107,1048,3.0,291.77,0.15,875.31,131.2965,744.0135,184.37,190.9035,0.2565860700108264,Digital Wallet,Online,True,Clearance,Cloudy,False,164,False,151,192,41.0,False,5.0
20232134,2023-02-25,Saturday,20475,146,1042,4.0,442.79,0.0,1771.16,0.0,1771.16,233.03,839.04,0.47372343548860635,Debit Card,Online,False,None,Cloudy,False,456,False,32,36,4.0,False,2.0
20232135,2024-09-19,Thursday,20794,134,1050,1.0,1304.18,0.0,1304.18,0.0,1304.18,742.28,561.9,0.43084543544602744,Digital Wallet,Curbside Pickup,False,None,Snowy,False,462,False,221,183,-38.0,False,4.0
20232136,2023-11-03,Friday,20809,137,1026,5.0,219.79,0.0,1098.95,0.0,1098.95,130.01,448.9,0.4084808226033942,Gift Card,Curbside Pickup,False,None,Stormy,False,132,False,345,278,-67.0,False,3.0
20232137,2023-06-13,Tuesday,20326,109,1022,3.0,309.98,0.0,929.94,0.0,929.94,187.99,365.97,0.393541518807665,Credit Card,Curbside Pickup,False,None,Windy,False,300,False,169,230,61.0,False,1.0
20232138,2023-10-04,Wednesday,20391,143,1049,5.0,162.48,0.17,812.4,138.108,674.292,117.26,87.992,0.1304953936870078,Credit Card,Mobile App,True,Bundle Deal,Rainy,False,140,False,33,31,-2.0,False,1.0
20232139,2023-04-18,Tuesday,20325,109,1040,5.0,93.77,0.0,468.85,0.0,468.85,47.28,232.45,0.4957875653193985,Credit Card,Online,False,None,Cloudy,False,345,False,338,332,-6.0,False,2.0
20232140,2023-07-21,Friday,21164,137,1015,7.0,261.57,0.0,1830.99,0.0,1830.99,149.38,785.33,0.42891004320067294,Credit Card,Curbside Pickup,False,None,Windy,False,83,False,81,116,35.0,False,3.0
20232141,2023-11-28,Tuesday,20240,123,1032,2.0,926.35,0.0,1852.7,0.0,1852.7,572.31,708.08,0.3821881578237168,Credit Card,Mobile App,False,None,Sunny,True,114,False,113,71,-42.0,False,3.0
20232142,2024-12-17,Tuesday,20918,138,1026,4.0,232.08,0.25,928.32,232.08,696.24,130.01,176.2,0.253073652763415,EBT,Curbside Pickup,True,Loyalty Reward,Sunny,False,46,False,142,167,25.0,False,3.0
20232143,2023-04-20,Thursday,20097,104,1028,1.0,825.85,0.0,825.85,0.0,825.85,494.36,331.49,0.4013925046921354,Gift Card,Curbside Pickup,False,None,Sunny,False,288,False,37,36,-1.0,False,2.0
20232144,2024-12-13,Friday,20369,102,1047,3.0,387.07,0.0,1161.21,0.0,1161.21,273.17,341.7,0.2942620197897022,Cash,Curbside Pickup,False,None,Sunny,False,156,False,359,304,-55.0,False,1.0
20232145,2023-09-08,Friday,20661,111,1006,1.0,285.27,0.0,285.27,0.0,285.27,163.55,121.72,0.42668349283135265,Credit Card,Curbside Pickup,False,None,Sunny,False,362,False,144,136,-8.0,False,4.0
20232146,2023-09-16,Saturday,20744,111,1032,2.0,889.27,0.25,1778.54,444.635,1333.905,572.31,189.285,0.14190290912771156,Credit Card,Curbside Pickup,True,Loyalty Reward,Sunny,False,219,False,50,54,4.0,False,2.0
20232147,2023-11-22,Wednesday,20944,121,1016,1.0,373.7,0.0,373.7,0.0,373.7,263.25,110.45,0.29555793417179554,Digital Wallet,Online,False,None,Windy,False,175,False,430,312,-118.0,False,4.0
20232148,2024-03-18,Monday,20783,108,1017,6.0,122.76,0.0,736.56,0.0,736.56,93.3,176.76,0.23998044965786913,Gift Card,Online,False,None,Snowy,False,152,False,141,118,-23.0,False,4.0
20232149,2023-12-22,Friday,21071,132,1050,2.0,1288.59,0.28,2577.18,721.6104,1855.5696,742.28,371.0096,0.19994378006623945,Debit Card,Online,True,Clearance,Sunny,False,337,False,400,511,111.0,False,4.0
20232150,2023-10-21,Saturday,21105,142,1007,2.0,1151.67,0.0,2303.34,0.0,2303.34,637.12,1029.1,0.44678597167591416,Digital Wallet,In-Store,False,None,Stormy,False,189,False,315,211,-104.0,False,1.0
20232151,2023-06-11,Sunday,20121,116,1040,4.0,86.58,0.0,346.32,0.0,346.32,47.28,157.2,0.4539154539154539,Credit Card,Curbside Pickup,False,None,Stormy,False,494,False,322,298,-24.0,False,1.0
20232152,2023-12-04,Monday,20652,114,1030,1.0,836.1,0.25,836.1,209.025,627.075,569.19,57.885,0.09230953235258939,Digital Wallet,Mobile App,True,Percentage Discount,Stormy,False,402,False,272,194,-78.0,False,2.0
20232153,2023-09-06,Wednesday,20779,122,1026,4.0,213.97,0.0,855.88,0.0,855.88,130.01,335.84,0.3923914567462729,Gift Card,Mobile App,False,None,Windy,False,157,False,351,223,-128.0,False,1.0
20232154,2023-01-13,Friday,21142,121,1007,1.0,1061.23,0.31,1061.23,328.9813,732.2487,637.12,95.1287,0.12991310192834768,Digital Wallet,Curbside Pickup,True,Percentage Discount,Stormy,False,412,False,140,107,-33.0,False,4.0
20232155,2023-11-10,Friday,20957,130,1036,2.0,1129.22,0.0,2258.44,0.0,2258.44,738.32,781.8,0.34616815146738455,Credit Card,In-Store,False,None,Rainy,False,382,False,338,265,-73.0,True,1.0
20232156,2023-12-04,Monday,20950,148,1018,3.0,328.85,0.0,986.55,0.0,986.55,198.14,392.13,0.39747605291166194,EBT,In-Store,False,None,Snowy,False,115,False,459,473,14.0,False,2.0
20232157,2023-03-01,Wednesday,20728,145,1038,1.0,145.31,0.0,145.31,0.0,145.31,88.81,56.5,0.3888238937444085,Credit Card,Curbside Pickup,False,None,Sunny,False,147,False,430,594,164.0,False,1.0
20232158,2023-12-28,Thursday,20498,149,1010,4.0,392.81,0.17,1571.24,267.1108,1304.1292,261.42,258.4492,0.1981776038754441,Credit Card,Mobile App,True,Bundle Deal,Sunny,False,238,False,432,577,145.0,True,4.0
20232159,2023-01-17,Tuesday,20143,138,1036,2.0,1085.36,0.0,2170.72,0.0,2170.72,738.32,694.08,0.3197464435763248,Cash,Mobile App,False,None,Cloudy,False,17,True,236,315,79.0,False,5.0
20232160,2023-02-09,Thursday,20716,113,1046,2.0,569.13,0.0,1138.26,0.0,1138.26,345.33,447.6,0.3932317748141901,Credit Card,Online,False,None,Cloudy,False,393,False,57,64,7.0,False,1.0
20232161,2023-03-12,Sunday,20840,102,1024,2.0,474.68,0.0,949.36,0.0,949.36,283.62,382.12,0.4025027386871155,EBT,Online,False,None,Snowy,False,453,False,215,197,-18.0,False,1.0
20232162,2024-04-01,Monday,20269,102,1001,1.0,659.05,0.0,659.05,0.0,659.05,419.73,239.32,0.3631287459221606,Credit Card,Online,False,None,Snowy,False,396,False,156,119,-37.0,False,3.0
20232163,2023-07-02,Sunday,20098,133,1002,2.0,1245.53,0.0,2491.06,0.0,2491.06,759.3,972.46,0.3903799988759805,Digital Wallet,Online,False,None,Stormy,False,172,False,93,133,40.0,False,2.0
20232164,2023-02-19,Sunday,20629,125,1009,2.0,1723.41,0.0,3446.82,0.0,3446.82,1077.88,1291.06,0.3745655415716515,Cash,In-Store,False,None,Cloudy,False,475,False,91,67,-24.0,False,3.0
20232165,2023-03-31,Friday,20049,123,1041,1.0,673.46,0.0,673.46,0.0,673.46,486.05,187.41,0.27827933359071066,Gift Card,Curbside Pickup,False,None,Sunny,False,42,False,159,126,-33.0,False,4.0
20232166,2023-04-13,Thursday,20603,127,1029,2.0,2145.95,0.0,4291.9,0.0,4291.9,1429.66,1432.58,0.3337869009063584,Cash,In-Store,False,None,Stormy,False,455,False,471,564,93.0,False,4.0
20232167,2024-12-20,Friday,20143,103,1039,3.0,101.26,0.18,303.78,54.6804,249.0996,71.53,34.5096,0.13853735614188062,Debit Card,Mobile App,True,Bundle Deal,Rainy,False,359,False,40,25,-15.0,False,2.0
20232168,2023-08-11,Friday,20114,132,1031,1.0,517.22,0.32,517.22,165.5104,351.7096,402.09,-50.3804,-0.1432443129217967,EBT,Online,True,Loyalty Reward,Sunny,False,363,False,66,43,-23.0,False,5.0
20232169,2023-04-02,Sunday,20950,104,1013,6.0,187.24,0.19,1123.44,213.4536,909.9864,118.75,197.4864,0.21702126537275723,Cash,Mobile App,True,Bundle Deal,Rainy,False,137,False,221,175,-46.0,False,4.0
20232170,2024-12-07,Saturday,20929,135,1014,5.0,217.93,0.0,1089.65,0.0,1089.65,172.18,228.75,0.20992979397054098,Debit Card,Curbside Pickup,False,None,Cloudy,False,166,False,353,270,-83.0,False,3.0
20232171,2024-04-20,Saturday,20896,107,1009,2.0,1850.83,0.24,3701.66,888.3984,2813.2616,1077.88,657.5016,0.23371505870623607,Debit Card,Online,True,BOGO,Stormy,False,189,False,317,264,-53.0,False,2.0
20232172,2024-11-09,Saturday,21197,134,1048,5.0,267.02,0.18,1335.1,240.318,1094.782,184.37,172.932,0.15796021491036563,Gift Card,Mobile App,True,Percentage Discount,Cloudy,False,91,False,475,483,8.0,False,3.0
20232173,2024-02-11,Sunday,20087,139,1009,1.0,1844.21,0.0,1844.21,0.0,1844.21,1077.88,766.33,0.41553293822287046,EBT,Curbside Pickup,False,None,Cloudy,False,286,False,372,279,-93.0,False,2.0
20232174,2023-12-28,Thursday,20192,114,1039,7.0,97.13,0.07,679.91,47.5937,632.3163,71.53,131.6063,0.2081336508326607,Cash,In-Store,True,Manufacturer Rebate,Sunny,False,43,False,472,400,-72.0,False,1.0
20232175,2023-06-04,Sunday,20940,140,1031,2.0,553.46,0.24,1106.92,265.6608,841.2592,402.09,37.0792,0.0440758329894046,Debit Card,Mobile App,True,Manufacturer Rebate,Sunny,False,72,False,50,39,-11.0,False,4.0
20232176,2024-04-22,Monday,20501,124,1015,7.0,245.5,0.0,1718.5,0.0,1718.5,149.38,672.84,0.39152749490835037,Cash,Mobile App,False,None,Rainy,False,37,False,171,199,28.0,False,3.0
20232177,2023-12-24,Sunday,20561,115,1013,6.0,169.61,0.0,1017.66,0.0,1017.66,118.75,305.16,0.2998643947880432,Gift Card,Online,False,None,Sunny,True,61,False,126,139,13.0,False,4.0
20232178,2024-12-05,Thursday,20801,111,1029,2.0,2255.59,0.3,4511.18,1353.354,3157.826,1429.66,298.506,0.09452895758030995,Credit Card,Curbside Pickup,True,BOGO,Sunny,False,463,False,88,92,4.0,False,4.0
20232179,2024-08-22,Thursday,20514,125,1009,2.0,1765.95,0.0,3531.9,0.0,3531.9,1077.88,1376.14,0.38963164302500064,EBT,Curbside Pickup,False,None,Stormy,False,46,False,377,493,116.0,False,3.0
20232180,2024-09-08,Sunday,20280,150,1022,4.0,319.62,0.0,1278.48,0.0,1278.48,187.99,526.52,0.4118328014517239,Cash,Online,False,None,Stormy,False,111,False,106,89,-17.0,False,5.0
20232181,2024-06-12,Wednesday,20887,138,1019,1.0,1293.5,0.0,1293.5,0.0,1293.5,867.36,426.14,0.3294472361809045,Digital Wallet,Online,False,None,Cloudy,False,156,False,139,95,-44.0,False,3.0
20232182,2023-04-30,Sunday,20792,104,1043,6.0,121.37,0.23,728.22,167.4906,560.7294,75.88,105.4494,0.18805755503456761,Credit Card,In-Store,True,Bundle Deal,Cloudy,False,65,False,252,196,-56.0,False,3.0
20232183,2023-09-28,Thursday,20126,137,1016,3.0,385.16,0.0,1155.48,0.0,1155.48,263.25,365.73,0.3165178107799356,Cash,In-Store,False,None,Rainy,False,105,False,212,169,-43.0,False,3.0
20232184,2023-06-11,Sunday,20945,122,1050,2.0,1245.59,0.0,2491.18,0.0,2491.18,742.28,1006.62,0.4040735715604653,Credit Card,Curbside Pickup,False,None,Windy,False,386,False,165,139,-26.0,False,3.0
20232185,2023-03-22,Wednesday,20768,139,1023,7.0,129.22,0.07,904.54,63.3178,841.2222,70.74,346.0422,0.41135647632694433,Gift Card,Mobile App,True,Manufacturer Rebate,Stormy,False,182,False,289,200,-89.0,False,3.0
20232186,2023-05-19,Friday,21096,132,1034,2.0,1608.08,0.0,3216.16,0.0,3216.16,1145.68,924.8,0.287547883189891,Cash,In-Store,False,None,Stormy,False,74,False,162,195,33.0,False,4.0
20232187,2023-07-04,Tuesday,20104,114,1043,2.0,125.45,0.19,250.9,47.671,203.229,75.88,51.469,0.25325617899020325,Digital Wallet,In-Store,True,BOGO,Stormy,True,227,False,120,160,40.0,True,1.0
20232188,2023-11-09,Thursday,21139,139,1032,2.0,951.06,0.32,1902.12,608.6784,1293.4416,572.31,148.8216,0.11505861571175692,Cash,Curbside Pickup,True,Manufacturer Rebate,Sunny,False,36,False,343,465,122.0,False,4.0
20232189,2023-12-14,Thursday,20034,110,1044,3.0,70.95,0.0,212.85,0.0,212.85,46.06,74.67,0.35081042988019734,Cash,In-Store,False,None,Stormy,False,125,False,338,478,140.0,False,1.0
20232190,2024-04-08,Monday,20050,114,1022,3.0,325.21,0.34,975.63,331.7142,643.9158,187.99,79.9458,0.12415567376976906,Debit Card,Online,True,Manufacturer Rebate,Stormy,False,76,False,446,588,142.0,False,3.0
20232191,2024-11-10,Sunday,20443,121,1001,3.0,618.59,0.21,1855.77,389.7117,1466.0583,419.73,206.8683,0.14110509793505474,Credit Card,Curbside Pickup,True,Loyalty Reward,Cloudy,False,159,False,126,91,-35.0,True,3.0
20232192,2023-08-06,Sunday,20756,148,1021,4.0,75.25,0.0,301.0,0.0,301.0,45.04,120.84,0.4014617940199336,EBT,In-Store,False,None,Snowy,False,13,True,450,452,2.0,False,2.0
20232193,2024-11-29,Friday,20992,142,1009,2.0,1704.17,0.0,3408.34,0.0,3408.34,1077.88,1252.58,0.36750441563928476,EBT,In-Store,False,None,Cloudy,True,28,False,363,460,97.0,False,3.0
20232194,2023-03-26,Sunday,20408,117,1034,1.0,1603.02,0.0,1603.02,0.0,1603.02,1145.68,457.34,0.2852989981410088,Digital Wallet,Online,False,None,Sunny,False,56,False,86,99,13.0,False,1.0
20232195,2024-04-07,Sunday,20409,127,1048,6.0,278.75,0.25,1672.5,418.125,1254.375,184.37,148.155,0.11811061285500746,Credit Card,Online,True,Bundle Deal,Windy,False,409,False,317,346,29.0,False,3.0
20232196,2023-11-14,Tuesday,20418,109,1014,7.0,234.78,0.0,1643.46,0.0,1643.46,172.18,438.2,0.2666325922139876,Credit Card,Curbside Pickup,False,None,Sunny,False,297,False,304,208,-96.0,False,5.0
20232197,2023-11-18,Saturday,20661,111,1019,1.0,1235.03,0.19,1235.03,234.6557,1000.3743,867.36,133.0143,0.13296453137590594,EBT,Online,True,Manufacturer Rebate,Sunny,False,167,False,186,133,-53.0,False,4.0
20232198,2024-12-07,Saturday,20846,116,1007,1.0,1094.51,0.0,1094.51,0.0,1094.51,637.12,457.39,0.4178947656942376,EBT,Online,False,None,Snowy,False,49,False,447,471,24.0,False,1.0
20232199,2024-11-27,Wednesday,20796,121,1015,6.0,234.67,0.16,1408.02,225.2832,1182.7368,149.38,286.4568,0.24219826422920124,Credit Card,Online,True,Loyalty Reward,Snowy,False,63,False,107,139,32.0,False,5.0
20232200,2023-12-03,Sunday,21105,142,1037,3.0,384.9,0.0,1154.7,0.0,1154.7,270.26,343.92,0.2978435957391529,Gift Card,Curbside Pickup,False,None,Cloudy,False,83,False,141,119,-22.0,False,3.0
20232201,2024-09-09,Monday,21196,134,1020,1.0,363.73,0.0,363.73,0.0,363.73,190.07,173.66,0.47744205866989253,Credit Card,In-Store,False,None,Cloudy,False,7,True,100,130,30.0,False,2.0
20232202,2024-01-27,Saturday,20337,108,1049,5.0,158.3,0.35,791.5,277.025,514.475,117.26,-71.825,-0.13960833859759958,Cash,Curbside Pickup,True,Manufacturer Rebate,Snowy,False,30,False,68,83,15.0,False,4.0
20232203,2024-08-22,Thursday,20190,141,1034,2.0,1591.43,0.1,3182.86,318.286,2864.574,1145.68,573.214,0.20010444834031166,Credit Card,Online,True,Clearance,Rainy,False,302,False,174,137,-37.0,False,1.0
20232204,2024-01-31,Wednesday,20838,143,1008,1.0,638.42,0.0,638.42,0.0,638.42,397.4,241.02,0.3775257667366311,EBT,Mobile App,False,None,Sunny,False,210,False,353,451,98.0,False,2.0
20232205,2024-11-28,Thursday,20235,129,1033,2.0,821.48,0.0,1642.96,0.0,1642.96,465.85,711.26,0.43291376539903587,Debit Card,Mobile App,False,None,Sunny,True,382,False,213,153,-60.0,False,1.0
20232206,2023-05-15,Monday,20499,146,1045,1.0,237.68,0.0,237.68,0.0,237.68,159.92,77.76,0.3271625715247392,EBT,Curbside Pickup,False,None,Cloudy,False,287,False,449,499,50.0,False,2.0
20232207,2024-06-01,Saturday,20307,124,1047,4.0,375.64,0.0,1502.56,0.0,1502.56,273.17,409.88,0.27278777552976247,Cash,Curbside Pickup,False,None,Windy,False,202,False,119,117,-2.0,False,4.0
20232208,2024-04-10,Wednesday,20158,128,1003,2.0,1835.3,0.0,3670.6,0.0,3670.6,1394.94,880.72,0.2399389745545687,Digital Wallet,In-Store,False,None,Windy,False,115,False,313,274,-39.0,False,4.0
20232209,2024-12-21,Saturday,21088,145,1046,4.0,574.99,0.23,2299.96,528.9908,1770.9692,345.33,389.6492,0.22002031430021485,Gift Card,In-Store,True,BOGO,Sunny,False,506,False,117,156,39.0,False,4.0
20232210,2023-08-09,Wednesday,20721,145,1018,1.0,344.53,0.0,344.53,0.0,344.53,198.14,146.39,0.4248976867036252,EBT,In-Store,False,None,Sunny,False,396,False,352,248,-104.0,False,3.0
20232211,2023-12-13,Wednesday,20002,126,1034,1.0,1544.26,0.31,1544.26,478.7206,1065.5394,1145.68,-80.1406,-0.07521129673853444,Credit Card,Mobile App,True,Percentage Discount,Cloudy,False,220,False,286,254,-32.0,False,1.0
20232212,2023-07-23,Sunday,21081,105,1045,5.0,220.19,0.26,1100.95,286.247,814.703,159.92,15.103,0.018538043925209635,Debit Card,Online,True,BOGO,Cloudy,False,412,False,407,368,-39.0,False,4.0
20232213,2024-11-03,Sunday,21031,148,1022,2.0,319.27,0.0,638.54,0.0,638.54,187.99,262.56,0.4111880226767312,EBT,Curbside Pickup,False,None,Sunny,False,115,False,269,245,-24.0,False,2.0
20232214,2024-11-22,Friday,20607,138,1015,1.0,241.71,0.15,241.71,36.2565,205.4535,149.38,56.0735,0.27292550382446645,Digital Wallet,Mobile App,True,Bundle Deal,Sunny,False,21,True,300,423,123.0,False,1.0
20232215,2024-02-12,Monday,20567,130,1007,2.0,1123.87,0.0,2247.74,0.0,2247.74,637.12,973.5,0.4331016932563374,Cash,In-Store,False,None,Windy,False,322,False,369,425,56.0,False,3.0
20232216,2023-12-07,Thursday,20321,145,1021,5.0,76.25,0.16,381.25,61.0,320.25,45.04,95.05,0.29679937548790014,Credit Card,Mobile App,True,Percentage Discount,Cloudy,False,24,True,84,86,2.0,False,3.0
20232217,2023-12-01,Friday,20389,130,1017,6.0,127.52,0.0,765.12,0.0,765.12,93.3,205.32,0.2683500627352573,Digital Wallet,Curbside Pickup,False,None,Snowy,False,223,False,296,289,-7.0,False,1.0
20232218,2024-11-02,Saturday,20403,120,1006,4.0,270.5,0.0,1082.0,0.0,1082.0,163.55,427.8,0.3953789279112754,Gift Card,Mobile App,False,None,Cloudy,False,402,False,474,493,19.0,False,3.0
20232219,2023-08-02,Wednesday,20287,140,1048,5.0,289.15,0.24,1445.75,346.98,1098.77,184.37,176.92,0.1610164092576244,Debit Card,In-Store,True,Manufacturer Rebate,Sunny,False,124,False,469,290,-179.0,False,4.0
20232220,2023-11-23,Thursday,20701,125,1036,2.0,1093.56,0.17,2187.12,371.8104,1815.3096,738.32,338.6696,0.18656299729809162,Gift Card,Online,True,Bundle Deal,Snowy,False,421,False,257,343,86.0,False,5.0
20232221,2024-04-08,Monday,20812,121,1023,4.0,126.05,0.0,504.2,0.0,504.2,70.74,221.24,0.4387941293137644,Debit Card,Curbside Pickup,False,None,Snowy,False,347,False,251,296,45.0,False,4.0
20232222,2023-12-20,Wednesday,20070,140,1011,2.0,899.6,0.27,1799.2,485.784,1313.416,618.67,76.076,0.05792224245783516,Gift Card,In-Store,True,Clearance,Sunny,False,474,False,206,276,70.0,False,5.0
20232223,2023-07-04,Tuesday,20391,119,1012,1.0,259.42,0.0,259.42,0.0,259.42,173.37,86.05,0.3317014879346234,Digital Wallet,In-Store,False,None,Sunny,True,210,False,202,276,74.0,False,5.0
20232224,2024-12-23,Monday,20647,119,1015,2.0,262.07,0.35,524.14,183.449,340.691,149.38,41.931,0.12307633603470604,Gift Card,Mobile App,True,BOGO,Sunny,False,183,False,130,109,-21.0,False,5.0
20232225,2024-03-28,Thursday,20989,107,1042,2.0,439.12,0.0,878.24,0.0,878.24,233.03,412.18,0.469325013663691,Debit Card,In-Store,False,None,Sunny,False,295,False,236,264,28.0,False,5.0
20232226,2024-02-13,Tuesday,21178,138,1013,1.0,184.43,0.0,184.43,0.0,184.43,118.75,65.68,0.3561242747926043,Digital Wallet,Mobile App,False,None,Sunny,False,248,False,226,207,-19.0,False,4.0
20232227,2024-09-12,Thursday,20067,150,1040,3.0,94.45,0.0,283.35,0.0,283.35,47.28,141.51,0.49941768131286396,EBT,Curbside Pickup,False,None,Windy,False,480,False,371,361,-10.0,False,1.0
20232228,2023-01-14,Saturday,20359,131,1014,3.0,215.69,0.25,647.07,161.7675,485.3025,172.18,-31.2375,-0.06436707002333598,EBT,Online,True,Bundle Deal,Windy,False,358,False,376,242,-134.0,False,5.0
20232229,2024-02-11,Sunday,20775,109,1008,1.0,671.87,0.0,671.87,0.0,671.87,397.4,274.47,0.4085165284950958,Gift Card,Online,False,None,Rainy,False,381,False,400,313,-87.0,False,4.0
20232230,2023-11-30,Thursday,20873,111,1011,2.0,865.51,0.12,1731.02,207.7224,1523.2976,618.67,285.9576,0.18772274045465573,Credit Card,Mobile App,True,BOGO,Stormy,False,38,False,46,34,-12.0,False,2.0
20232231,2024-05-31,Friday,20148,124,1038,7.0,156.71,0.22,1096.97,241.3334,855.6366,88.81,233.9666,0.27344155217296684,Cash,Curbside Pickup,True,Bundle Deal,Stormy,False,450,False,158,106,-52.0,False,5.0
20232232,2023-11-17,Friday,21187,122,1018,3.0,351.48,0.22,1054.44,231.9768,822.4632,198.14,228.0432,0.27726857566393254,Credit Card,In-Store,True,Bundle Deal,Snowy,False,93,False,234,263,29.0,False,5.0
20232233,2024-09-15,Sunday,20293,113,1009,2.0,1761.29,0.0,3522.58,0.0,3522.58,1077.88,1366.82,0.3880167377320032,Gift Card,Online,False,None,Sunny,False,237,False,154,100,-54.0,False,2.0
20232234,2023-11-07,Tuesday,20421,141,1033,1.0,850.03,0.19,850.03,161.5057,688.5243,465.85,222.6743,0.32340804819815366,Cash,Mobile App,True,BOGO,Sunny,False,146,False,320,315,-5.0,False,1.0
20232235,2023-03-24,Friday,20147,103,1013,1.0,186.4,0.17,186.4,31.688,154.712,118.75,35.962,0.23244480066187492,Digital Wallet,Mobile App,True,Clearance,Sunny,False,15,True,188,156,-32.0,False,5.0
20232236,2023-08-23,Wednesday,20716,113,1018,1.0,332.93,0.0,332.93,0.0,332.93,198.14,134.79,0.40485988045535104,EBT,Curbside Pickup,False,None,Cloudy,False,197,False,409,587,178.0,False,1.0
20232237,2023-05-18,Thursday,20012,142,1038,4.0,153.2,0.0,612.8,0.0,612.8,88.81,257.56,0.4203002610966057,EBT,Curbside Pickup,False,None,Sunny,False,81,False,412,395,-17.0,False,4.0
20232238,2024-08-07,Wednesday,20293,129,1004,1.0,655.42,0.0,655.42,0.0,655.42,445.03,210.39,0.3210002746330597,Cash,Mobile App,False,None,Sunny,False,500,False,31,32,1.0,False,3.0
20232239,2024-04-22,Monday,20596,134,1027,5.0,60.58,0.16,302.9,48.464,254.436,37.44,67.236,0.26425505824647455,Digital Wallet,Mobile App,True,BOGO,Rainy,False,435,False,186,204,18.0,False,4.0
20232240,2023-04-03,Monday,21031,135,1034,1.0,1523.34,0.33,1523.34,502.7022,1020.6378,1145.68,-125.0422,-0.1225137850077668,Cash,Curbside Pickup,True,BOGO,Cloudy,False,194,False,360,407,47.0,False,2.0
20232241,2023-06-21,Wednesday,20420,122,1022,4.0,323.27,0.1,1293.08,129.308,1163.772,187.99,411.812,0.3538596907297992,Credit Card,In-Store,True,Loyalty Reward,Cloudy,False,479,False,134,115,-19.0,False,3.0
20232242,2023-11-20,Monday,20485,145,1043,3.0,112.9,0.33,338.7,111.771,226.929,75.88,-0.711,-0.003133138558756068,Digital Wallet,Mobile App,True,Percentage Discount,Sunny,False,13,True,348,461,113.0,False,3.0
20232243,2024-04-23,Tuesday,20689,110,1023,1.0,135.35,0.07,135.35,9.4745,125.8755,70.74,55.1355,0.43801613499052633,Digital Wallet,Online,True,Bundle Deal,Sunny,False,146,False,301,284,-17.0,False,2.0
20232244,2023-05-20,Saturday,20341,140,1025,3.0,513.78,0.0,1541.34,0.0,1541.34,301.28,637.5,0.4136011522441512,Cash,In-Store,False,None,Cloudy,False,260,False,75,57,-18.0,False,4.0
20232245,2023-07-15,Saturday,20070,140,1044,3.0,65.48,0.0,196.44,0.0,196.44,46.06,58.26,0.2965791081246182,Debit Card,Online,False,None,Windy,False,9,True,68,75,7.0,False,4.0
20232246,2024-08-22,Thursday,20123,140,1003,2.0,1800.25,0.0,3600.5,0.0,3600.5,1394.94,810.62,0.22514095264546588,EBT,In-Store,False,None,Cloudy,False,444,False,342,399,57.0,False,2.0
20232247,2024-01-11,Thursday,20887,138,1013,7.0,182.97,0.07,1280.79,89.6553,1191.1347,118.75,359.8847,0.3021360220636676,Digital Wallet,In-Store,True,Clearance,Stormy,False,159,False,405,366,-39.0,False,4.0
20232248,2024-12-25,Wednesday,20742,106,1011,1.0,857.59,0.35,857.59,300.1565,557.4335,618.67,-61.2365,-0.10985435930922675,Debit Card,Curbside Pickup,True,Manufacturer Rebate,Cloudy,True,218,False,310,240,-70.0,False,4.0
20232249,2024-04-21,Sunday,20698,119,1023,2.0,126.09,0.13,252.18,32.7834,219.3966,70.74,77.9166,0.3551404169435625,Gift Card,In-Store,True,Clearance,Snowy,False,402,False,332,361,29.0,False,3.0
20232250,2023-11-08,Wednesday,20082,103,1031,3.0,535.05,0.21,1605.15,337.0815,1268.0685,402.09,61.7985,0.04873435465039931,Cash,In-Store,True,Loyalty Reward,Cloudy,False,363,False,462,434,-28.0,False,5.0
20232251,2023-04-10,Monday,20845,132,1019,2.0,1215.62,0.21,2431.24,510.5604,1920.6796,867.36,185.9596,0.09681968819786492,Digital Wallet,Curbside Pickup,True,Manufacturer Rebate,Snowy,False,444,False,364,360,-4.0,False,4.0
20232252,2024-01-25,Thursday,20809,137,1018,1.0,358.24,0.0,358.24,0.0,358.24,198.14,160.1,0.4469071013845467,Cash,Online,False,None,Cloudy,False,297,False,56,66,10.0,False,2.0
20232253,2024-12-28,Saturday,20875,123,1011,2.0,943.79,0.0,1887.58,0.0,1887.58,618.67,650.24,0.34448341262357096,EBT,In-Store,False,None,Snowy,False,79,False,390,538,148.0,False,2.0
20232254,2024-10-31,Thursday,20946,121,1003,2.0,1818.22,0.0,3636.44,0.0,3636.44,1394.94,846.56,0.2327991112186644,EBT,Mobile App,False,None,Cloudy,False,119,False,271,252,-19.0,False,1.0
20232255,2024-12-07,Saturday,20675,128,1009,2.0,1828.16,0.0,3656.32,0.0,3656.32,1077.88,1500.56,0.4104017153859618,Gift Card,In-Store,False,None,Sunny,False,492,False,274,187,-87.0,True,4.0
20232256,2024-04-05,Friday,20096,105,1033,2.0,874.56,0.09,1749.12,157.4208,1591.6992,465.85,659.9992,0.4146507078724422,Credit Card,Online,True,Manufacturer Rebate,Stormy,False,433,False,268,184,-84.0,False,3.0
20232257,2023-08-24,Thursday,20691,113,1008,1.0,619.36,0.0,619.36,0.0,619.36,397.4,221.96,0.3583699302505813,EBT,In-Store,False,None,Cloudy,False,309,False,441,394,-47.0,False,5.0
20232258,2023-11-30,Thursday,20288,124,1027,6.0,61.68,0.34,370.08,125.8272,244.2528,37.44,19.6128,0.08029713477184292,Gift Card,In-Store,True,Bundle Deal,Stormy,False,109,False,103,94,-9.0,False,2.0
20232259,2024-08-26,Monday,21123,139,1023,1.0,121.06,0.0,121.06,0.0,121.06,70.74,50.32,0.41566165537749883,Cash,Curbside Pickup,False,None,Rainy,False,21,True,204,292,88.0,False,4.0
20232260,2023-12-05,Tuesday,21088,145,1039,1.0,96.69,0.0,96.69,0.0,96.69,71.53,25.16,0.26021305202192574,EBT,Online,False,None,Snowy,False,45,False,156,162,6.0,False,5.0
20232261,2024-05-11,Saturday,20767,120,1002,2.0,1257.68,0.0,2515.36,0.0,2515.36,759.3,996.76,0.39626932128999437,EBT,Curbside Pickup,False,None,Sunny,False,66,False,410,502,92.0,False,5.0
20232262,2023-09-27,Wednesday,20257,126,1005,2.0,1098.08,0.27,2196.16,592.9632,1603.1968,774.22,54.7568,0.03415475879193351,Credit Card,Mobile App,True,Clearance,Sunny,False,131,False,120,150,30.0,False,1.0
20232263,2023-11-13,Monday,20520,129,1018,1.0,340.77,0.2,340.77,68.154,272.616,198.14,74.476,0.2731901282389882,Debit Card,Mobile App,True,Clearance,Cloudy,False,158,False,93,114,21.0,False,3.0
20232264,2024-02-20,Tuesday,20938,131,1025,1.0,548.36,0.0,548.36,0.0,548.36,301.28,247.08,0.4505799110073675,EBT,Mobile App,False,None,Rainy,False,374,False,129,174,45.0,False,5.0
20232265,2023-10-17,Tuesday,20820,138,1040,6.0,89.43,0.0,536.58,0.0,536.58,47.28,252.9,0.47131834954713187,Digital Wallet,Mobile App,False,None,Sunny,False,7,True,181,163,-18.0,False,4.0
20232266,2023-07-06,Thursday,20941,121,1013,2.0,183.89,0.0,367.78,0.0,367.78,118.75,130.28,0.3542335091630866,Debit Card,Mobile App,False,None,Rainy,False,511,False,444,333,-111.0,False,4.0
20232267,2023-03-09,Thursday,20097,104,1031,1.0,515.63,0.0,515.63,0.0,515.63,402.09,113.54,0.22019665263851992,Cash,Online,False,None,Sunny,False,142,False,271,340,69.0,False,3.0
20232268,2023-08-13,Sunday,20872,144,1014,2.0,220.74,0.0,441.48,0.0,441.48,172.18,97.12,0.21998731539367583,Debit Card,In-Store,False,None,Snowy,False,6,True,429,598,169.0,False,4.0
20232269,2023-11-01,Wednesday,20395,129,1019,1.0,1227.76,0.0,1227.76,0.0,1227.76,867.36,360.4,0.2935427119306705,EBT,Curbside Pickup,False,None,Cloudy,False,93,False,161,119,-42.0,False,3.0
20232270,2024-08-23,Friday,20016,108,1033,2.0,791.14,0.0,1582.28,0.0,1582.28,465.85,650.58,0.4111661652804813,Cash,Online,False,None,Sunny,False,216,False,43,59,16.0,True,1.0
20232271,2024-11-22,Friday,20357,106,1018,3.0,357.84,0.0,1073.52,0.0,1073.52,198.14,479.1,0.44628884417616815,Debit Card,Curbside Pickup,False,None,Rainy,False,67,False,207,300,93.0,False,1.0
20232272,2024-03-07,Thursday,20598,102,1002,1.0,1348.58,0.33,1348.58,445.0314,903.5486,759.3,144.2486,0.15964675281440302,Debit Card,Curbside Pickup,True,Clearance,Snowy,False,18,True,66,85,19.0,False,3.0
20232273,2023-08-05,Saturday,20150,126,1006,4.0,292.89,0.21,1171.56,246.0276,925.5324,163.55,271.3324,0.2931635888705786,EBT,Online,True,Bundle Deal,Rainy,False,125,False,177,191,14.0,False,1.0
20232274,2023-02-22,Wednesday,21101,145,1042,3.0,433.82,0.3,1301.46,390.438,911.022,233.03,211.932,0.23263104513392652,EBT,Curbside Pickup,True,Bundle Deal,Sunny,False,237,False,435,293,-142.0,False,1.0
20232275,2024-12-30,Monday,20785,129,1016,2.0,385.38,0.29,770.76,223.5204,547.2396,263.25,20.7396,0.03789857312957614,Debit Card,In-Store,True,BOGO,Cloudy,False,119,False,338,450,112.0,False,2.0
20232276,2024-11-26,Tuesday,21182,132,1028,1.0,775.11,0.0,775.11,0.0,775.11,494.36,280.75,0.3622066545393557,Cash,In-Store,False,None,Windy,False,423,False,461,397,-64.0,False,4.0
20232277,2023-12-01,Friday,20033,135,1016,1.0,396.78,0.0,396.78,0.0,396.78,263.25,133.53,0.33653409950098284,Debit Card,Online,False,None,Rainy,False,145,False,27,33,6.0,False,4.0
20232278,2023-10-31,Tuesday,20060,150,1050,2.0,1235.32,0.0,2470.64,0.0,2470.64,742.28,986.08,0.3991192565489104,Credit Card,Curbside Pickup,False,None,Stormy,False,235,False,36,50,14.0,False,4.0
20232279,2023-02-14,Tuesday,20761,108,1024,3.0,501.13,0.0,1503.39,0.0,1503.39,283.62,652.53,0.4340390716979626,Gift Card,Curbside Pickup,False,None,Sunny,True,307,False,395,268,-127.0,False,4.0
20232280,2024-07-27,Saturday,20110,111,1039,5.0,101.4,0.0,507.0,0.0,507.0,71.53,149.35,0.29457593688362926,Credit Card,Mobile App,False,None,Sunny,False,406,False,134,140,6.0,False,3.0
20232281,2023-04-02,Sunday,20688,110,1003,2.0,1976.63,0.0,3953.26,0.0,3953.26,1394.94,1163.38,0.2942837050940237,Digital Wallet,Online,False,None,Sunny,False,241,False,106,142,36.0,False,3.0
20232282,2024-06-01,Saturday,20168,119,1039,1.0,96.85,0.0,96.85,0.0,96.85,71.53,25.32,0.26143520908621576,EBT,Curbside Pickup,False,None,Cloudy,False,52,False,109,144,35.0,False,4.0
20232283,2024-05-23,Thursday,20395,129,1020,1.0,335.49,0.0,335.49,0.0,335.49,190.07,145.42,0.4334555426391249,Cash,Curbside Pickup,False,None,Rainy,False,131,False,23,19,-4.0,False,4.0
20232284,2024-12-21,Saturday,20242,136,1033,1.0,823.38,0.0,823.38,0.0,823.38,465.85,357.53,0.4342223517695353,Credit Card,In-Store,False,None,Snowy,False,197,False,292,343,51.0,False,3.0
20232285,2024-12-10,Tuesday,20755,114,1040,2.0,83.76,0.21,167.52,35.1792,132.3408,47.28,37.7808,0.28548112146820936,Credit Card,Online,True,Loyalty Reward,Rainy,False,307,False,389,485,96.0,False,2.0
20232286,2024-12-02,Monday,20234,129,1042,3.0,413.17,0.0,1239.51,0.0,1239.51,233.03,540.42,0.43599486894014566,Digital Wallet,Online,False,None,Rainy,False,214,False,309,203,-106.0,False,1.0
20232287,2023-07-25,Tuesday,20465,103,1050,1.0,1325.69,0.0,1325.69,0.0,1325.69,742.28,583.41,0.44008026009097156,Gift Card,In-Store,False,None,Sunny,False,402,False,117,149,32.0,False,2.0
20232288,2023-05-20,Saturday,20059,125,1012,6.0,254.77,0.0,1528.62,0.0,1528.62,173.37,488.4,0.319503866232288,Gift Card,Mobile App,False,None,Rainy,False,344,False,55,60,5.0,False,1.0
20232289,2023-11-18,Saturday,20710,138,1007,2.0,1036.16,0.0,2072.32,0.0,2072.32,637.12,798.08,0.3851142680667079,Gift Card,Curbside Pickup,False,None,Rainy,False,383,False,124,133,9.0,False,1.0
20232290,2023-09-28,Thursday,20671,133,1045,5.0,222.24,0.0,1111.2,0.0,1111.2,159.92,311.6,0.28041756659467254,Gift Card,Online,False,None,Stormy,False,272,False,269,233,-36.0,False,4.0
20232291,2024-03-21,Thursday,21049,103,1027,3.0,59.9,0.12,179.7,21.564,158.136,37.44,45.816,0.28972529974199424,EBT,Online,True,Loyalty Reward,Rainy,False,96,False,371,405,34.0,False,1.0
20232292,2023-07-03,Monday,21004,138,1010,4.0,409.83,0.0,1639.32,0.0,1639.32,261.42,593.64,0.36212575946124,Gift Card,Online,False,None,Cloudy,False,430,False,370,380,10.0,False,5.0
20232293,2023-03-30,Thursday,21191,118,1042,1.0,407.02,0.0,407.02,0.0,407.02,233.03,173.99,0.4274728514569308,Digital Wallet,Online,False,None,Sunny,False,104,False,243,327,84.0,False,1.0
20232294,2023-11-11,Saturday,21198,119,1019,1.0,1279.25,0.0,1279.25,0.0,1279.25,867.36,411.89,0.32197772132108654,Gift Card,Mobile App,False,None,Cloudy,False,94,False,382,365,-17.0,False,2.0
20232295,2024-11-21,Thursday,20684,132,1027,6.0,57.32,0.0,343.92,0.0,343.92,37.44,119.28,0.34682484298674116,Debit Card,Curbside Pickup,False,None,Cloudy,False,373,False,254,350,96.0,False,1.0
20232296,2024-10-19,Saturday,21074,128,1035,4.0,740.12,0.0,2960.48,0.0,2960.48,403.28,1347.36,0.45511538669404966,EBT,Mobile App,False,None,Sunny,False,451,False,20,15,-5.0,False,2.0
20232297,2023-03-21,Tuesday,20032,101,1027,5.0,57.74,0.31,288.7,89.497,199.203,37.44,12.003,0.06025511663980958,EBT,Curbside Pickup,True,Loyalty Reward,Windy,False,251,False,30,38,8.0,False,5.0
20232298,2023-05-07,Sunday,20959,116,1019,1.0,1288.27,0.31,1288.27,399.3637,888.9063,867.36,21.5463,0.02423911271637964,Debit Card,In-Store,True,Manufacturer Rebate,Cloudy,False,364,False,128,92,-36.0,False,1.0
20232299,2023-12-16,Saturday,20833,137,1043,4.0,117.08,0.0,468.32,0.0,468.32,75.88,164.8,0.3518961393918688,EBT,Online,False,None,Cloudy,False,116,False,225,197,-28.0,False,3.0
20232300,2024-03-19,Tuesday,21041,110,1007,2.0,1110.89,0.0,2221.78,0.0,2221.78,637.12,947.54,0.42647786909595015,Cash,Mobile App,False,None,Snowy,False,348,False,109,109,0.0,False,2.0
20232301,2023-06-21,Wednesday,20699,110,1022,3.0,321.9,0.0,965.7,0.0,965.7,187.99,401.73,0.41599875737806763,Cash,Online,False,None,Sunny,False,326,False,368,267,-101.0,False,3.0
20232302,2024-01-17,Wednesday,21119,139,1027,6.0,59.69,0.12,358.14,42.9768,315.1632,37.44,90.5232,0.28722642745092064,Credit Card,Mobile App,True,Clearance,Snowy,False,246,False,27,17,-10.0,False,2.0
20232303,2023-06-06,Tuesday,21088,111,1024,4.0,509.31,0.11,2037.24,224.0964,1813.1436,283.62,678.6636,0.3743021788235637,Credit Card,Online,True,Bundle Deal,Snowy,False,136,False,232,255,23.0,False,2.0
20232304,2023-04-14,Friday,20681,120,1037,4.0,375.29,0.35,1501.16,525.406,975.754,270.26,-105.286,-0.1079021966602236,Cash,Curbside Pickup,True,Percentage Discount,Stormy,False,226,False,48,44,-4.0,False,4.0
20232305,2023-12-19,Tuesday,20077,143,1007,1.0,1063.09,0.0,1063.09,0.0,1063.09,637.12,425.97,0.4006904401320678,Digital Wallet,Online,False,None,Rainy,False,323,False,31,43,12.0,False,3.0
20232306,2024-11-04,Monday,20645,114,1006,4.0,270.18,0.1,1080.72,108.072,972.648,163.55,318.448,0.32740313042333913,Credit Card,Curbside Pickup,True,Bundle Deal,Sunny,False,120,False,312,352,40.0,False,2.0
20232307,2024-06-16,Sunday,20679,130,1031,3.0,576.22,0.0,1728.66,0.0,1728.66,402.09,522.39,0.302193606608587,EBT,In-Store,False,None,Sunny,False,209,False,214,264,50.0,False,4.0
20232308,2024-11-25,Monday,20893,120,1032,1.0,951.17,0.0,951.17,0.0,951.17,572.31,378.86,0.39830945046626787,Cash,Online,False,None,Sunny,False,287,False,461,426,-35.0,False,3.0
20232309,2024-07-28,Sunday,20227,122,1012,7.0,235.19,0.0,1646.33,0.0,1646.33,173.37,432.74,0.2628513117054295,Debit Card,Online,False,None,Sunny,False,163,False,335,343,8.0,False,4.0
20232310,2024-12-13,Friday,20888,120,1048,4.0,283.59,0.31,1134.36,351.6516,782.7084,184.37,45.2284,0.05778448270134825,Debit Card,Online,True,Percentage Discount,Snowy,False,456,False,145,196,51.0,False,5.0
20232311,2024-02-21,Wednesday,20109,106,1045,5.0,232.1,0.0,1160.5,0.0,1160.5,159.92,360.9,0.31098664368806556,Debit Card,Online,False,None,Windy,False,457,False,414,326,-88.0,False,2.0
20232312,2024-10-02,Wednesday,20538,108,1046,4.0,531.15,0.0,2124.6,0.0,2124.6,345.33,743.28,0.34984467664501556,Digital Wallet,Mobile App,False,None,Rainy,False,396,False,334,395,61.0,False,2.0
20232313,2024-07-21,Sunday,20651,112,1041,2.0,660.09,0.0,1320.18,0.0,1320.18,486.05,348.08,0.26366101592207125,Cash,Curbside Pickup,False,None,Stormy,False,216,False,148,147,-1.0,False,4.0
20232314,2024-05-20,Monday,21179,150,1009,2.0,1753.75,0.0,3507.5,0.0,3507.5,1077.88,1351.74,0.38538560228082674,Cash,Online,False,None,Rainy,False,186,False,368,439,71.0,True,5.0
20232315,2024-11-10,Sunday,20357,106,1029,1.0,2103.01,0.0,2103.01,0.0,2103.01,1429.66,673.35,0.3201839268477088,Gift Card,Online,False,None,Stormy,False,73,False,476,644,168.0,False,2.0
20232316,2024-07-19,Friday,20654,140,1023,1.0,122.14,0.25,122.14,30.535,91.605,70.74,20.865,0.22777140985754063,Gift Card,Online,True,Clearance,Rainy,False,423,False,187,163,-24.0,False,1.0
20232317,2024-05-02,Thursday,20815,117,1011,1.0,941.53,0.0,941.53,0.0,941.53,618.67,322.86,0.3429099444521152,Debit Card,Curbside Pickup,False,None,Sunny,False,285,False,425,284,-141.0,False,3.0
20232318,2024-10-31,Thursday,20389,130,1028,1.0,821.79,0.0,821.79,0.0,821.79,494.36,327.43,0.3984351233283442,Debit Card,Curbside Pickup,False,None,Windy,False,347,False,380,310,-70.0,False,5.0
20232319,2023-10-10,Tuesday,20314,120,1006,6.0,286.36,0.0,1718.16,0.0,1718.16,163.55,736.86,0.428865763374773,Digital Wallet,In-Store,False,None,Snowy,False,162,False,455,449,-6.0,False,1.0
20232320,2023-12-11,Monday,20219,121,1007,2.0,1029.29,0.29,2058.58,596.9882,1461.5918,637.12,187.3518,0.1281833956649183,Credit Card,Curbside Pickup,True,Bundle Deal,Sunny,False,88,False,178,244,66.0,False,5.0
20232321,2023-05-15,Monday,20598,138,1025,1.0,512.74,0.0,512.74,0.0,512.74,301.28,211.46,0.4124117486445373,EBT,Online,False,None,Cloudy,False,186,False,103,69,-34.0,False,2.0
20232322,2023-05-24,Wednesday,20722,149,1039,2.0,98.73,0.0,197.46,0.0,197.46,71.53,54.4,0.2754988352071306,Cash,Curbside Pickup,False,None,Snowy,False,116,False,226,192,-34.0,False,5.0
20232323,2024-03-18,Monday,20841,138,1001,2.0,667.34,0.0,1334.68,0.0,1334.68,419.73,495.22,0.3710402493481584,EBT,Curbside Pickup,False,None,Cloudy,False,173,False,49,33,-16.0,False,5.0
20232324,2024-02-01,Thursday,20533,116,1010,1.0,388.95,0.0,388.95,0.0,388.95,261.42,127.53,0.3278827612803702,Credit Card,Mobile App,False,None,Rainy,False,130,False,258,330,72.0,False,5.0
20232325,2023-12-31,Sunday,20251,143,1038,7.0,142.18,0.0,995.26,0.0,995.26,88.81,373.59,0.37536925024616674,Cash,In-Store,False,None,Cloudy,True,340,False,141,162,21.0,False,3.0
20232326,2023-08-30,Wednesday,20536,104,1048,1.0,285.86,0.08,285.86,22.8688,262.9912,184.37,78.6212,0.29894992684165855,EBT,In-Store,True,Percentage Discount,Rainy,False,15,True,116,165,49.0,False,3.0
20232327,2024-07-15,Monday,20077,130,1029,1.0,2064.75,0.0,2064.75,0.0,2064.75,1429.66,635.09,0.30758687492432496,Digital Wallet,In-Store,False,None,Sunny,False,75,False,229,328,99.0,False,4.0
20232328,2024-06-22,Saturday,20934,130,1008,2.0,643.57,0.0,1287.14,0.0,1287.14,397.4,492.34,0.38250695340056257,Credit Card,Curbside Pickup,False,None,Rainy,False,489,False,233,238,5.0,False,2.0
20232329,2024-07-06,Saturday,20563,150,1019,2.0,1275.67,0.0,2551.34,0.0,2551.34,867.36,816.62,0.3200749410113901,Cash,Curbside Pickup,False,None,Sunny,False,4,True,424,281,-143.0,True,2.0
20232330,2023-11-10,Friday,20974,125,1029,2.0,2174.46,0.0,4348.92,0.0,4348.92,1429.66,1489.6,0.3425218215097081,Gift Card,Mobile App,False,None,Cloudy,False,137,False,246,323,77.0,False,3.0
20232331,2023-07-29,Saturday,20237,106,1032,2.0,993.48,0.0,1986.96,0.0,1986.96,572.31,842.34,0.42393405000603945,Debit Card,Curbside Pickup,False,None,Stormy,False,5,True,472,376,-96.0,False,2.0
20232332,2023-04-27,Thursday,20076,123,1010,4.0,372.81,0.0,1491.24,0.0,1491.24,261.42,445.56,0.2987849038384163,Debit Card,Curbside Pickup,False,None,Cloudy,False,351,False,345,258,-87.0,False,4.0
20232333,2024-11-24,Sunday,20554,128,1021,7.0,82.17,0.21,575.19,120.7899,454.4001,45.04,139.1201,0.3061621245241805,Gift Card,Mobile App,True,Clearance,Cloudy,False,49,False,314,239,-75.0,False,3.0
20232334,2024-03-19,Tuesday,20199,101,1005,1.0,1172.49,0.15,1172.49,175.8735,996.6165,774.22,222.3965,0.22315153321262488,Cash,Curbside Pickup,True,Loyalty Reward,Snowy,False,140,False,246,321,75.0,False,4.0
20232335,2023-04-12,Wednesday,20583,144,1023,2.0,122.25,0.0,244.5,0.0,244.5,70.74,103.02,0.42134969325153376,Digital Wallet,Online,False,None,Rainy,False,290,False,422,458,36.0,False,1.0
20232336,2023-05-26,Friday,20404,135,1049,1.0,159.34,0.29,159.34,46.2086,113.1314,117.26,-4.1286,-0.03649384697793885,Cash,Mobile App,True,BOGO,Cloudy,False,31,False,275,174,-101.0,False,3.0
20232337,2023-02-19,Sunday,20444,137,1035,1.0,777.4,0.0,777.4,0.0,777.4,403.28,374.12,0.48124517622845386,Digital Wallet,Mobile App,False,None,Snowy,False,62,False,85,79,-6.0,False,3.0
20232338,2024-01-24,Wednesday,20789,144,1009,2.0,1717.36,0.26,3434.72,893.0272,2541.6928,1077.88,385.9328,0.15184085189209318,Debit Card,Online,True,Clearance,Rainy,False,131,False,70,69,-1.0,False,1.0
20232339,2023-02-04,Saturday,20140,143,1021,4.0,80.11,0.0,320.44,0.0,320.44,45.04,140.28,0.4377730620396954,Cash,Mobile App,False,None,Rainy,False,11,True,111,95,-16.0,True,4.0
20232340,2024-07-24,Wednesday,20469,146,1035,2.0,725.01,0.21,1450.02,304.5042,1145.5158,403.28,338.9558,0.29589797015458025,Credit Card,In-Store,True,BOGO,Cloudy,False,316,False,420,571,151.0,False,2.0
20232341,2023-02-10,Friday,20466,145,1050,1.0,1222.86,0.13,1222.86,158.9718,1063.8882,742.28,321.6082,0.3022951095801231,Debit Card,Online,True,Manufacturer Rebate,Rainy,False,272,False,41,56,15.0,False,2.0
20232342,2023-10-23,Monday,20551,132,1002,1.0,1312.36,0.0,1312.36,0.0,1312.36,759.3,553.06,0.42142399951232895,Cash,In-Store,False,None,Stormy,False,357,False,45,49,4.0,True,3.0
20232343,2023-04-08,Saturday,20486,134,1034,1.0,1630.74,0.0,1630.74,0.0,1630.74,1145.68,485.06,0.29744778444141917,EBT,Curbside Pickup,False,None,Sunny,False,497,False,442,501,59.0,False,5.0
20232344,2024-10-07,Monday,20319,143,1027,3.0,57.18,0.0,171.54,0.0,171.54,37.44,59.22,0.34522560335781743,Gift Card,In-Store,False,None,Cloudy,False,452,False,146,152,6.0,False,3.0
20232345,2024-11-24,Sunday,20743,104,1032,2.0,908.97,0.0,1817.94,0.0,1817.94,572.31,673.32,0.37037525990956804,Gift Card,In-Store,False,None,Sunny,False,438,False,92,100,8.0,False,5.0
20232346,2023-12-27,Wednesday,20781,128,1021,3.0,75.76,0.0,227.28,0.0,227.28,45.04,92.16,0.4054910242872229,Digital Wallet,In-Store,False,None,Sunny,False,490,False,80,71,-9.0,False,5.0
20232347,2023-04-14,Friday,20540,149,1007,1.0,1043.59,0.0,1043.59,0.0,1043.59,637.12,406.47,0.3894920418938472,EBT,Mobile App,False,None,Snowy,False,373,False,327,375,48.0,False,5.0
20232348,2024-12-03,Tuesday,20268,132,1038,2.0,144.46,0.33,288.92,95.3436,193.5764,88.81,15.9564,0.08242946970808426,Gift Card,Mobile App,True,Percentage Discount,Windy,False,424,False,140,163,23.0,False,2.0
20232349,2023-11-15,Wednesday,20215,131,1043,7.0,116.34,0.0,814.38,0.0,814.38,75.88,283.22,0.34777376654632974,EBT,Curbside Pickup,False,None,Rainy,False,425,False,228,282,54.0,False,1.0
20232350,2023-04-27,Thursday,20753,110,1013,4.0,186.05,0.0,744.2,0.0,744.2,118.75,269.2,0.361730717549046,Cash,Online,False,None,Cloudy,False,419,False,111,86,-25.0,False,3.0
20232351,2023-12-23,Saturday,20565,121,1033,2.0,855.3,0.0,1710.6,0.0,1710.6,465.85,778.9,0.4553373085467087,Credit Card,Curbside Pickup,False,None,Cloudy,False,24,True,69,55,-14.0,True,3.0
20232352,2023-04-16,Sunday,20239,145,1003,2.0,1781.71,0.0,3563.42,0.0,3563.42,1394.94,773.54,0.2170779756526034,Credit Card,In-Store,False,None,Windy,False,6,True,127,114,-13.0,False,3.0
20232353,2023-05-16,Tuesday,20961,119,1007,1.0,1141.12,0.0,1141.12,0.0,1141.12,637.12,504.0,0.44167134043746487,Credit Card,Online,False,None,Cloudy,False,81,False,467,671,204.0,False,1.0
20232354,2024-10-17,Thursday,20391,119,1014,4.0,238.98,0.25,955.92,238.98,716.94,172.18,28.22,0.039361731804613935,Debit Card,In-Store,True,Clearance,Cloudy,False,483,False,217,274,57.0,False,3.0
20232355,2023-12-09,Saturday,20093,118,1016,1.0,360.93,0.0,360.93,0.0,360.93,263.25,97.68,0.2706341949962597,Digital Wallet,Mobile App,False,None,Stormy,False,306,False,445,442,-3.0,False,3.0
20232356,2023-08-14,Monday,20491,149,1035,3.0,697.77,0.0,2093.31,0.0,2093.31,403.28,883.47,0.4220445132350202,Digital Wallet,Curbside Pickup,False,None,Cloudy,False,396,False,82,105,23.0,False,3.0
20232357,2023-07-05,Wednesday,20633,135,1050,1.0,1214.05,0.27,1214.05,327.7935,886.2565,742.28,143.9765,0.16245466182758603,Gift Card,Mobile App,True,Bundle Deal,Sunny,False,33,False,461,371,-90.0,False,5.0
20232358,2024-08-22,Thursday,20028,121,1048,3.0,280.16,0.27,840.48,226.9296,613.5504,184.37,60.4404,0.09850926672038672,EBT,Online,True,Manufacturer Rebate,Sunny,False,341,False,402,330,-72.0,False,1.0
20232359,2023-05-17,Wednesday,21138,142,1037,2.0,407.76,0.0,815.52,0.0,815.52,270.26,275.0,0.33720816166372375,Debit Card,Mobile App,False,None,Snowy,False,475,False,321,253,-68.0,False,3.0
20232360,2024-05-19,Sunday,20495,115,1008,3.0,635.9,0.05,1907.7,95.385,1812.315,397.4,620.115,0.3421673384593738,Credit Card,Mobile App,True,Percentage Discount,Cloudy,False,305,False,323,234,-89.0,False,3.0
20232361,2023-04-16,Sunday,20624,144,1033,2.0,825.37,0.0,1650.74,0.0,1650.74,465.85,719.04,0.4355864642523959,Debit Card,Mobile App,False,None,Rainy,False,402,False,84,59,-25.0,False,4.0
20232362,2023-10-06,Friday,20565,121,1045,1.0,230.13,0.06,230.13,13.8078,216.3222,159.92,56.4022,0.2607323705102852,EBT,In-Store,True,Percentage Discount,Sunny,False,428,False,425,445,20.0,False,1.0
20232363,2024-10-10,Thursday,20328,110,1020,3.0,352.6,0.09,1057.8,95.202,962.598,190.07,392.388,0.4076343395685427,Debit Card,Curbside Pickup,True,Loyalty Reward,Cloudy,False,295,False,177,179,2.0,True,5.0
20232364,2024-03-25,Monday,21005,141,1038,4.0,146.53,0.0,586.12,0.0,586.12,88.81,230.88,0.39391250938374395,EBT,Online,False,None,Snowy,False,464,False,253,240,-13.0,False,2.0
20232365,2023-12-16,Saturday,20341,140,1045,6.0,221.53,0.05,1329.18,66.459,1262.721,159.92,303.201,0.24011717552808579,Cash,Curbside Pickup,True,Bundle Deal,Snowy,False,45,False,374,521,147.0,False,4.0
20232366,2023-08-14,Monday,21158,126,1026,2.0,214.17,0.11,428.34,47.1174,381.2226,130.01,121.2026,0.3179313083746872,EBT,Online,True,Clearance,Cloudy,False,369,False,340,222,-118.0,False,2.0
20232367,2024-10-21,Monday,20774,121,1026,1.0,234.37,0.25,234.37,58.5925,175.7775,130.01,45.7675,0.2603717768201278,Debit Card,In-Store,True,Clearance,Snowy,False,6,True,346,420,74.0,False,4.0
20232368,2023-12-02,Saturday,20974,125,1016,2.0,375.99,0.17,751.98,127.8366,624.1434,263.25,97.6434,0.15644385569085573,Digital Wallet,In-Store,True,Clearance,Sunny,False,139,False,121,96,-25.0,False,2.0
20232369,2024-06-05,Wednesday,20566,150,1003,2.0,1927.82,0.0,3855.64,0.0,3855.64,1394.94,1065.76,0.27641584795260965,Credit Card,Curbside Pickup,False,None,Sunny,False,516,False,261,344,83.0,False,3.0
20232370,2023-04-04,Tuesday,20644,124,1047,3.0,399.6,0.0,1198.8,0.0,1198.8,273.17,379.29,0.3163913913913915,Debit Card,Online,False,None,Rainy,False,193,False,474,408,-66.0,False,4.0
20232371,2023-04-13,Thursday,21013,122,1009,2.0,1745.56,0.0,3491.12,0.0,3491.12,1077.88,1335.36,0.38250189051078154,Debit Card,Curbside Pickup,False,None,Cloudy,False,180,False,329,414,85.0,False,1.0
20232372,2023-04-01,Saturday,20642,127,1012,5.0,261.56,0.0,1307.8,0.0,1307.8,173.37,440.95,0.3371692919406637,Gift Card,Online,False,None,Cloudy,False,222,False,377,434,57.0,False,5.0
20232373,2023-10-14,Saturday,21028,139,1023,1.0,133.32,0.0,133.32,0.0,133.32,70.74,62.58,0.4693969396939694,Credit Card,Curbside Pickup,False,None,Stormy,False,302,False,132,142,10.0,False,2.0
20232374,2023-11-07,Tuesday,20365,107,1044,7.0,72.68,0.08,508.76,40.7008,468.0592,46.06,145.6392,0.31115551195233426,Debit Card,Curbside Pickup,True,Percentage Discount,Sunny,False,490,False,38,42,4.0,False,3.0
20232375,2024-06-07,Friday,20675,135,1022,2.0,320.65,0.0,641.3,0.0,641.3,187.99,265.32,0.41372212692967403,Credit Card,Mobile App,False,None,Cloudy,False,512,False,226,250,24.0,False,2.0
20232376,2024-05-21,Tuesday,20196,146,1039,1.0,101.28,0.0,101.28,0.0,101.28,71.53,29.75,0.29374012638230645,EBT,Mobile App,False,None,Cloudy,False,496,False,60,81,21.0,False,4.0
20232377,2024-05-05,Sunday,21114,133,1026,3.0,227.77,0.0,683.31,0.0,683.31,130.01,293.28,0.4292048996795013,Credit Card,Online,False,None,Rainy,False,161,False,204,142,-62.0,False,4.0
20232378,2024-09-01,Sunday,20725,140,1010,3.0,404.68,0.0,1214.04,0.0,1214.04,261.42,429.78,0.35400810516951664,Digital Wallet,Mobile App,False,None,Sunny,False,4,True,130,171,41.0,False,3.0
20232379,2023-07-11,Tuesday,20787,130,1007,1.0,1121.73,0.26,1121.73,291.6498,830.0802,637.12,192.9602,0.23245970690542914,Debit Card,Curbside Pickup,True,Percentage Discount,Sunny,False,478,False,178,231,53.0,False,3.0
20232380,2024-10-23,Wednesday,20462,118,1030,2.0,885.37,0.1,1770.74,177.074,1593.666,569.19,455.286,0.2856847043232395,Digital Wallet,Mobile App,True,BOGO,Sunny,False,276,False,288,384,96.0,False,5.0
20232381,2024-09-28,Saturday,20943,146,1042,2.0,448.23,0.0,896.46,0.0,896.46,233.03,430.4,0.48011065747495707,Cash,Online,False,None,Rainy,False,282,False,140,111,-29.0,False,3.0
20232382,2024-12-21,Saturday,20158,128,1043,5.0,123.66,0.0,618.3,0.0,618.3,75.88,238.9,0.3863820152029759,Credit Card,Online,False,None,Snowy,False,140,False,257,293,36.0,False,2.0
20232383,2024-05-04,Saturday,20761,142,1045,7.0,222.18,0.31,1555.26,482.1306,1073.1294,159.92,-46.3106,-0.04315472113614611,Debit Card,Curbside Pickup,True,Percentage Discount,Cloudy,False,27,False,338,222,-116.0,False,3.0
20232384,2024-01-04,Thursday,21008,118,1037,1.0,379.68,0.0,379.68,0.0,379.68,270.26,109.42,0.28819005478297516,Gift Card,Curbside Pickup,False,None,Sunny,False,79,False,266,324,58.0,False,4.0
20232385,2024-04-13,Saturday,20409,142,1014,6.0,222.49,0.0,1334.94,0.0,1334.94,172.18,301.86,0.2261225223605556,EBT,Curbside Pickup,False,None,Windy,False,399,False,131,137,6.0,False,3.0
20232386,2024-02-27,Tuesday,20396,148,1012,3.0,254.16,0.0,762.48,0.0,762.48,173.37,242.37,0.3178706326723324,Cash,In-Store,False,None,Sunny,False,446,False,417,279,-138.0,False,3.0
20232387,2023-10-04,Wednesday,20893,120,1035,3.0,770.06,0.18,2310.18,415.8324,1894.3476,403.28,684.5076,0.3613421317185927,Credit Card,In-Store,True,Loyalty Reward,Sunny,False,270,False,239,155,-84.0,False,3.0
20232388,2024-03-29,Friday,20764,102,1044,5.0,71.83,0.0,359.15,0.0,359.15,46.06,128.85,0.35876374773771397,Credit Card,In-Store,False,None,Cloudy,False,181,False,270,223,-47.0,False,5.0
20232389,2024-07-21,Sunday,20811,149,1037,3.0,399.11,0.06,1197.33,71.8398,1125.4902,270.26,314.7102,0.27962056000132207,Debit Card,Mobile App,True,BOGO,Cloudy,False,419,False,262,295,33.0,False,4.0
20232390,2024-11-03,Sunday,20557,104,1004,3.0,664.73,0.0,1994.19,0.0,1994.19,445.03,659.1,0.33051013193326617,Cash,Mobile App,False,None,Windy,False,111,False,80,115,35.0,False,4.0
20232391,2023-03-20,Monday,20335,132,1009,1.0,1855.55,0.07,1855.55,129.8885,1725.6615,1077.88,647.7815,0.37538155657989697,Credit Card,Online,True,Clearance,Snowy,False,150,False,122,159,37.0,False,1.0
20232392,2023-09-12,Tuesday,20058,123,1001,1.0,654.61,0.18,654.61,117.8298,536.7802,419.73,117.0502,0.21805983156606748,EBT,Mobile App,True,Percentage Discount,Snowy,False,50,False,22,19,-3.0,True,2.0
20232393,2024-02-21,Wednesday,21092,101,1033,1.0,794.94,0.0,794.94,0.0,794.94,465.85,329.09,0.4139809293783179,Debit Card,Online,False,None,Cloudy,False,4,True,479,350,-129.0,False,4.0
20232394,2024-12-14,Saturday,21154,108,1043,6.0,116.13,0.0,696.78,0.0,696.78,75.88,241.5,0.3465943339361061,Cash,In-Store,False,None,Cloudy,False,355,False,324,396,72.0,False,5.0
20232395,2023-12-30,Saturday,20256,136,1026,6.0,213.99,0.0,1283.94,0.0,1283.94,130.01,503.88,0.39244824524510497,Digital Wallet,Mobile App,False,None,Stormy,False,140,False,248,154,-94.0,False,3.0
20232396,2024-08-22,Thursday,20807,119,1019,1.0,1260.23,0.0,1260.23,0.0,1260.23,867.36,392.87,0.311744681526388,Gift Card,In-Store,False,None,Rainy,False,291,False,80,81,1.0,False,3.0
20232397,2023-12-09,Saturday,20062,127,1027,1.0,58.04,0.32,58.04,18.5728,39.4672,37.44,2.0272,0.05136417075444928,Credit Card,Curbside Pickup,True,Percentage Discount,Rainy,False,168,False,361,217,-144.0,False,3.0
20232398,2023-09-04,Monday,20458,117,1010,3.0,381.56,0.0,1144.68,0.0,1144.68,261.42,360.42,0.3148652898626691,Digital Wallet,Online,False,None,Windy,False,422,False,91,90,-1.0,False,2.0
20232399,2023-02-24,Friday,20286,107,1044,5.0,70.89,0.0,354.45,0.0,354.45,46.06,124.15,0.35026096769643106,Debit Card,Mobile App,False,None,Sunny,False,207,False,435,297,-138.0,False,1.0
20232400,2024-12-13,Friday,20396,148,1015,1.0,259.13,0.0,259.13,0.0,259.13,149.38,109.75,0.4235325898197816,Debit Card,Curbside Pickup,False,None,Stormy,False,505,False,194,279,85.0,False,3.0
20232401,2024-03-09,Saturday,20586,132,1032,2.0,917.04,0.0,1834.08,0.0,1834.08,572.31,689.46,0.37591599057838265,Digital Wallet,Curbside Pickup,False,None,Sunny,False,334,False,258,252,-6.0,False,5.0
20232402,2023-07-04,Tuesday,20328,110,1023,3.0,120.95,0.18,362.85,65.313,297.537,70.74,85.317,0.2867441696326845,Gift Card,In-Store,True,BOGO,Rainy,True,284,False,439,331,-108.0,False,3.0
20232403,2023-11-29,Wednesday,20163,147,1035,3.0,735.37,0.29,2206.11,639.7719,1566.3381,403.28,356.4981,0.22759971170975168,Credit Card,Online,True,Loyalty Reward,Rainy,True,394,False,178,227,49.0,False,5.0
20232404,2024-07-25,Thursday,20661,111,1015,5.0,255.69,0.0,1278.45,0.0,1278.45,149.38,531.55,0.4157769173608667,Credit Card,Curbside Pickup,False,None,Snowy,False,277,False,79,66,-13.0,False,4.0
20232405,2024-01-17,Wednesday,20413,104,1022,1.0,330.02,0.07,330.02,23.1014,306.9186,187.99,118.9286,0.38749231881026425,Digital Wallet,Mobile App,True,Clearance,Windy,False,28,False,262,292,30.0,False,2.0
20232406,2024-01-06,Saturday,20363,138,1015,6.0,250.12,0.23,1500.72,345.1656,1155.5544,149.38,259.2744,0.22437230129537825,Cash,In-Store,True,BOGO,Cloudy,False,317,False,135,135,0.0,False,2.0
20232407,2024-12-11,Wednesday,20257,126,1038,1.0,154.76,0.0,154.76,0.0,154.76,88.81,65.95,0.4261437063840785,EBT,In-Store,False,None,Rainy,False,199,False,38,48,10.0,False,3.0
20232408,2023-01-13,Friday,20442,119,1004,3.0,659.79,0.17,1979.37,336.4929,1642.8771,445.03,307.7871,0.18734639371380854,Debit Card,In-Store,True,Bundle Deal,Cloudy,False,453,False,319,325,6.0,False,3.0
20232409,2023-03-28,Tuesday,20865,117,1036,1.0,1143.39,0.0,1143.39,0.0,1143.39,738.32,405.07,0.3542710711130935,Debit Card,Mobile App,False,None,Sunny,False,386,False,138,165,27.0,False,3.0
20232410,2023-10-22,Sunday,20630,119,1048,5.0,283.29,0.0,1416.45,0.0,1416.45,184.37,494.6,0.34918281619541813,Gift Card,In-Store,False,None,Snowy,False,490,False,458,326,-132.0,False,5.0
20232411,2024-03-06,Wednesday,20159,147,1034,2.0,1629.63,0.0,3259.26,0.0,3259.26,1145.68,967.9,0.2969692506888067,Cash,In-Store,False,None,Sunny,False,299,False,163,146,-17.0,False,1.0
20232412,2023-08-18,Friday,20169,113,1020,4.0,334.24,0.0,1336.96,0.0,1336.96,190.07,576.68,0.43133676400191484,Gift Card,Online,False,None,Sunny,False,166,False,387,553,166.0,True,5.0
20232413,2023-12-31,Sunday,20250,137,1011,2.0,878.89,0.0,1757.78,0.0,1757.78,618.67,520.44,0.29607800748671625,Digital Wallet,Online,False,None,Sunny,True,142,False,379,434,55.0,False,3.0
20232414,2024-11-16,Saturday,20246,108,1019,2.0,1277.5,0.1,2555.0,255.5,2299.5,867.36,564.78,0.24560991519895628,Debit Card,Online,True,Bundle Deal,Cloudy,False,207,False,311,333,22.0,False,2.0
20232415,2024-01-28,Sunday,21081,105,1015,4.0,261.46,0.0,1045.84,0.0,1045.84,149.38,448.32,0.42866977740380935,Gift Card,Curbside Pickup,False,None,Cloudy,False,143,False,361,459,98.0,True,5.0
20232416,2023-01-26,Thursday,20525,135,1016,2.0,388.01,0.0,776.02,0.0,776.02,263.25,249.52,0.32153810468802346,Digital Wallet,In-Store,False,None,Sunny,False,314,False,422,453,31.0,False,5.0
20232417,2023-02-25,Saturday,20977,147,1040,7.0,87.75,0.0,614.25,0.0,614.25,47.28,283.29,0.46119658119658113,Gift Card,Mobile App,False,None,Rainy,False,116,False,79,70,-9.0,False,1.0
20232418,2024-04-12,Friday,20731,139,1005,2.0,1178.55,0.06,2357.1,141.426,2215.674,774.22,667.234,0.3011426771266892,Debit Card,Curbside Pickup,True,BOGO,Cloudy,False,193,False,217,299,82.0,False,5.0
20232419,2024-01-24,Wednesday,20925,106,1037,4.0,375.07,0.0,1500.28,0.0,1500.28,270.26,419.24,0.2794411709814168,Cash,In-Store,False,None,Cloudy,False,17,True,440,465,25.0,False,5.0
20232420,2024-03-10,Sunday,20975,104,1041,1.0,679.55,0.0,679.55,0.0,679.55,486.05,193.5,0.28474725921565736,EBT,In-Store,False,None,Windy,False,134,False,440,430,-10.0,False,2.0
20232421,2024-05-23,Thursday,20350,102,1048,3.0,270.2,0.0,810.6,0.0,810.6,184.37,257.49,0.3176535899333826,EBT,Curbside Pickup,False,None,Windy,False,33,False,367,237,-130.0,False,3.0
20232422,2024-09-15,Sunday,20547,115,1006,1.0,289.19,0.0,289.19,0.0,289.19,163.55,125.64,0.4344548566686261,Debit Card,Mobile App,False,None,Stormy,False,58,False,377,275,-102.0,False,5.0
20232423,2023-06-09,Friday,20698,119,1022,4.0,328.74,0.0,1314.96,0.0,1314.96,187.99,563.0,0.4281499057005536,Credit Card,In-Store,False,None,Snowy,False,349,False,224,198,-26.0,False,3.0
20232424,2024-05-23,Thursday,20152,109,1018,1.0,326.06,0.3,326.06,97.818,228.242,198.14,30.102,0.13188633117480583,Gift Card,Mobile App,True,Manufacturer Rebate,Cloudy,False,50,False,235,257,22.0,False,3.0
20232425,2024-10-05,Saturday,20023,131,1036,2.0,1094.3,0.0,2188.6,0.0,2188.6,738.32,711.96,0.3253038472082609,Debit Card,In-Store,False,None,Sunny,False,226,False,357,509,152.0,False,3.0
20232426,2024-06-13,Thursday,20543,134,1004,2.0,699.12,0.0,1398.24,0.0,1398.24,445.03,508.18,0.3634426135713469,Cash,Online,False,None,Cloudy,False,21,True,286,295,9.0,False,2.0
20232427,2023-11-05,Sunday,20121,116,1001,1.0,660.63,0.0,660.63,0.0,660.63,419.73,240.9,0.36465192316425227,EBT,Curbside Pickup,False,None,Rainy,False,455,False,455,610,155.0,False,4.0
20232428,2024-08-10,Saturday,20547,135,1017,1.0,135.88,0.0,135.88,0.0,135.88,93.3,42.58,0.3133647335884604,Gift Card,Online,False,None,Sunny,False,269,False,53,76,23.0,False,5.0
20232429,2023-03-12,Sunday,20560,107,1013,3.0,177.03,0.0,531.09,0.0,531.09,118.75,174.84,0.32920973846240753,Debit Card,Mobile App,False,None,Cloudy,False,447,False,299,196,-103.0,False,4.0
20232430,2024-09-03,Tuesday,20498,149,1050,1.0,1252.84,0.23,1252.84,288.1532,964.6868,742.28,222.4068,0.23054819450209124,Debit Card,Online,True,Manufacturer Rebate,Stormy,False,219,False,159,191,32.0,False,3.0
20232431,2024-11-16,Saturday,20804,127,1050,1.0,1258.07,0.0,1258.07,0.0,1258.07,742.28,515.79,0.40998513596222785,EBT,Curbside Pickup,False,None,Windy,False,409,False,218,163,-55.0,True,5.0
20232432,2023-03-15,Wednesday,20931,102,1029,2.0,2111.89,0.05,4223.78,211.189,4012.591,1429.66,1153.271,0.28741304558575737,EBT,In-Store,True,Percentage Discount,Cloudy,False,231,False,34,29,-5.0,False,1.0
20232433,2024-03-12,Tuesday,20549,141,1050,2.0,1309.32,0.0,2618.64,0.0,2618.64,742.28,1134.08,0.4330797665964012,Cash,Curbside Pickup,False,None,Rainy,False,171,False,186,113,-73.0,False,1.0
20232434,2023-03-27,Monday,21008,118,1022,2.0,314.4,0.0,628.8,0.0,628.8,187.99,252.82,0.4020674300254452,EBT,Online,False,None,Stormy,False,54,False,29,25,-4.0,False,2.0
20232435,2023-12-21,Thursday,20982,134,1018,2.0,357.07,0.1,714.14,71.414,642.726,198.14,246.446,0.3834386659322947,Gift Card,In-Store,True,Manufacturer Rebate,Cloudy,False,226,False,357,367,10.0,False,1.0
20232436,2024-01-10,Wednesday,20621,117,1007,2.0,1119.86,0.08,2239.72,179.1776,2060.5424,637.12,786.3024,0.3815997185983651,Cash,Mobile App,True,Bundle Deal,Cloudy,False,387,False,222,160,-62.0,False,5.0
20232437,2024-08-05,Monday,20285,123,1009,1.0,1725.38,0.14,1725.38,241.5532,1483.8268,1077.88,405.9468,0.27358098667580333,Debit Card,In-Store,True,Bundle Deal,Windy,False,482,False,257,166,-91.0,False,1.0
20232438,2024-03-09,Saturday,20219,121,1030,2.0,871.41,0.0,1742.82,0.0,1742.82,569.19,604.44,0.346817227252384,Cash,Online,False,None,Cloudy,False,101,False,316,449,133.0,False,4.0
20232439,2024-11-11,Monday,20300,131,1021,1.0,81.38,0.0,81.38,0.0,81.38,45.04,36.34,0.44654706316048165,Digital Wallet,In-Store,False,None,Windy,False,140,False,443,470,27.0,False,1.0
20232440,2024-03-27,Wednesday,20760,109,1040,7.0,89.46,0.0,626.22,0.0,626.22,47.28,295.26,0.47149564050972487,EBT,Online,False,None,Sunny,False,315,False,298,203,-95.0,False,4.0
20232441,2024-08-14,Wednesday,20870,120,1046,3.0,524.65,0.0,1573.95,0.0,1573.95,345.33,537.96,0.3417897646049747,Debit Card,In-Store,False,None,Cloudy,False,195,False,163,112,-51.0,False,1.0
20232442,2023-03-15,Wednesday,20391,119,1031,1.0,569.6,0.0,569.6,0.0,569.6,402.09,167.51,0.2940835674157304,Gift Card,In-Store,False,None,Rainy,False,395,False,200,275,75.0,False,4.0
20232443,2023-10-19,Thursday,20242,136,1017,5.0,132.89,0.0,664.45,0.0,664.45,93.3,197.95,0.2979155692678154,Digital Wallet,Curbside Pickup,False,None,Cloudy,False,450,False,114,118,4.0,False,4.0
20232444,2024-04-01,Monday,21145,113,1012,1.0,259.79,0.14,259.79,36.3706,223.4194,173.37,50.0494,0.2240154615042383,Debit Card,Online,True,Bundle Deal,Sunny,False,58,False,267,171,-96.0,False,4.0
20232445,2024-06-07,Friday,20552,109,1018,4.0,346.99,0.11,1387.96,152.6756,1235.2844,198.14,442.7244,0.35839876226073936,EBT,Curbside Pickup,True,Clearance,Cloudy,False,227,False,298,408,110.0,False,4.0
20232446,2023-11-06,Monday,20557,104,1006,3.0,292.38,0.0,877.14,0.0,877.14,163.55,386.49,0.44062521376291125,Gift Card,Online,False,None,Windy,False,427,False,332,283,-49.0,False,1.0
20232447,2023-07-20,Thursday,21164,137,1018,2.0,332.73,0.0,665.46,0.0,665.46,198.14,269.18,0.40450214888949004,Gift Card,Mobile App,False,None,Cloudy,False,492,False,296,207,-89.0,False,2.0
20232448,2023-10-02,Monday,20339,147,1032,1.0,883.05,0.0,883.05,0.0,883.05,572.31,310.74,0.35189400373704777,Debit Card,Online,False,None,Stormy,False,303,False,279,380,101.0,False,5.0
20232449,2024-11-02,Saturday,20140,143,1043,7.0,117.52,0.0,822.64,0.0,822.64,75.88,291.48,0.35432266848196053,Credit Card,Online,False,None,Cloudy,False,359,False,444,540,96.0,True,5.0
20232450,2023-10-24,Tuesday,20490,101,1029,1.0,2123.2,0.0,2123.2,0.0,2123.2,1429.66,693.54,0.3266484551620195,EBT,Online,False,None,Cloudy,False,409,False,59,69,10.0,False,5.0
20232451,2023-10-09,Monday,21188,145,1028,3.0,776.96,0.05,2330.88,116.544,2214.336,494.36,731.256,0.3302371455822424,Gift Card,Online,True,Clearance,Cloudy,False,3,True,437,463,26.0,False,2.0
20232452,2024-05-01,Wednesday,20971,130,1039,3.0,95.84,0.0,287.52,0.0,287.52,71.53,72.93,0.25365191986644403,EBT,Mobile App,False,None,Windy,False,308,False,162,179,17.0,False,4.0
20232453,2024-07-18,Thursday,20995,122,1001,4.0,637.67,0.0,2550.68,0.0,2550.68,419.73,871.76,0.3417755265262596,Digital Wallet,Online,False,None,Windy,False,182,False,175,172,-3.0,False,2.0
20232454,2024-02-05,Monday,20504,123,1040,2.0,92.37,0.0,184.74,0.0,184.74,47.28,90.18,0.4881455017862943,Credit Card,In-Store,False,None,Rainy,False,510,False,344,344,0.0,True,3.0
20232455,2023-02-05,Sunday,20454,125,1009,2.0,1770.81,0.0,3541.62,0.0,3541.62,1077.88,1385.86,0.3913068031014055,Credit Card,In-Store,False,None,Snowy,False,344,False,364,500,136.0,False,5.0
20232456,2024-12-06,Friday,21022,113,1047,4.0,395.57,0.34,1582.28,537.9752,1044.3048,273.17,-48.3752,-0.046322874317919614,Cash,Mobile App,True,Loyalty Reward,Windy,False,136,False,28,32,4.0,False,2.0
20232457,2023-05-27,Saturday,20570,101,1041,3.0,618.06,0.0,1854.18,0.0,1854.18,486.05,396.03,0.21358767757175667,Credit Card,Mobile App,False,None,Cloudy,True,99,False,88,63,-25.0,False,5.0
20232458,2024-12-20,Friday,21046,127,1036,2.0,1052.09,0.0,2104.18,0.0,2104.18,738.32,627.54,0.2982349418775959,Digital Wallet,In-Store,False,None,Stormy,False,422,False,459,376,-83.0,False,4.0
20232459,2023-11-02,Thursday,20749,105,1003,1.0,1927.14,0.27,1927.14,520.3278,1406.8122,1394.94,11.8722,0.00843907950186956,Digital Wallet,Online,True,BOGO,Sunny,False,498,False,468,594,126.0,False,3.0
20232460,2023-09-14,Thursday,20065,119,1023,6.0,120.72,0.09,724.32,65.1888,659.1312,70.74,234.6912,0.3560614335962249,Digital Wallet,Mobile App,True,Bundle Deal,Cloudy,False,295,False,214,152,-62.0,False,1.0
20232461,2024-06-17,Monday,20648,106,1018,4.0,341.74,0.0,1366.96,0.0,1366.96,198.14,574.4,0.4202024931234272,Cash,In-Store,False,None,Stormy,False,208,False,23,30,7.0,False,4.0
20232462,2023-01-01,Sunday,20321,145,1011,1.0,912.07,0.0,912.07,0.0,912.07,618.67,293.4,0.32168583551701085,Credit Card,Curbside Pickup,False,None,Sunny,True,383,False,354,324,-30.0,False,3.0
20232463,2024-12-25,Wednesday,20668,140,1030,2.0,838.88,0.0,1677.76,0.0,1677.76,569.19,539.38,0.32148817470913593,EBT,Online,False,None,Cloudy,True,62,False,461,319,-142.0,True,1.0
20232464,2024-02-26,Monday,20945,122,1004,2.0,693.35,0.24,1386.7,332.808,1053.892,445.03,163.832,0.15545425907018945,Cash,In-Store,True,BOGO,Stormy,False,445,False,193,135,-58.0,False,4.0
20232465,2024-12-29,Sunday,20882,149,1008,2.0,604.58,0.16,1209.16,193.4656,1015.6944,397.4,220.8944,0.21748116362559458,Debit Card,Online,True,Loyalty Reward,Rainy,False,58,False,289,312,23.0,False,5.0
20232466,2024-07-12,Friday,20783,108,1005,2.0,1073.26,0.0,2146.52,0.0,2146.52,774.22,598.08,0.278627732329538,Digital Wallet,Curbside Pickup,False,None,Sunny,False,213,False,176,153,-23.0,False,3.0
20232467,2024-02-26,Monday,21139,108,1032,2.0,952.37,0.0,1904.74,0.0,1904.74,572.31,760.12,0.39906758927727676,Gift Card,Curbside Pickup,False,None,Cloudy,False,313,False,95,113,18.0,False,5.0
20232468,2024-03-29,Friday,20879,129,1003,2.0,1787.69,0.0,3575.38,0.0,3575.38,1394.94,785.5,0.21969692731961357,EBT,Online,False,None,Cloudy,False,160,False,238,275,37.0,False,5.0
20232469,2024-11-23,Saturday,20011,111,1026,7.0,225.6,0.2,1579.2,315.84,1263.36,130.01,353.29,0.2796431737588654,EBT,Curbside Pickup,True,Loyalty Reward,Cloudy,False,92,False,424,317,-107.0,False,5.0
20232470,2023-07-10,Monday,20584,137,1019,2.0,1319.18,0.0,2638.36,0.0,2638.36,867.36,903.64,0.3425006443396656,Credit Card,Curbside Pickup,False,None,Cloudy,False,402,False,321,220,-101.0,True,5.0
20232471,2023-06-16,Friday,20292,126,1010,1.0,386.09,0.0,386.09,0.0,386.09,261.42,124.67,0.3229039861172265,Gift Card,Curbside Pickup,False,None,Sunny,False,317,False,87,122,35.0,False,3.0
20232472,2023-02-14,Tuesday,20549,141,1020,4.0,338.46,0.0,1353.84,0.0,1353.84,190.07,593.56,0.4384269928499675,EBT,Online,False,None,Stormy,True,481,False,88,58,-30.0,False,3.0
20232473,2024-01-26,Friday,20804,127,1008,4.0,651.22,0.0,2604.88,0.0,2604.88,397.4,1015.28,0.3897607567335156,Credit Card,Curbside Pickup,False,None,Sunny,False,229,False,334,379,45.0,False,3.0
20232474,2024-06-06,Thursday,20980,132,1041,2.0,669.42,0.34,1338.84,455.2056,883.6344,486.05,-88.4656,-0.10011561342564314,Digital Wallet,In-Store,True,Percentage Discount,Stormy,False,177,False,282,234,-48.0,False,3.0
20232475,2024-09-02,Monday,21050,104,1010,1.0,403.89,0.0,403.89,0.0,403.89,261.42,142.47,0.35274455916214803,Digital Wallet,Curbside Pickup,False,None,Sunny,True,271,False,199,121,-78.0,False,5.0
20232476,2023-12-19,Tuesday,20721,145,1045,5.0,230.66,0.0,1153.3,0.0,1153.3,159.92,353.7,0.3066851643111073,Debit Card,Curbside Pickup,False,None,Rainy,False,299,False,398,505,107.0,False,3.0
20232477,2023-11-23,Thursday,20276,119,1039,6.0,101.06,0.0,606.36,0.0,606.36,71.53,177.18,0.29220265188996636,Gift Card,Online,False,None,Rainy,False,393,False,220,183,-37.0,False,2.0
20232478,2023-11-02,Thursday,20696,149,1002,1.0,1309.36,0.33,1309.36,432.0888,877.2712,759.3,117.9712,0.13447517711740675,Gift Card,Mobile App,True,Clearance,Sunny,False,231,False,338,483,145.0,False,1.0
20232479,2023-12-28,Thursday,21112,106,1049,3.0,153.76,0.17,461.28,78.4176,382.8624,117.26,31.0824,0.0811842583654074,Cash,In-Store,True,Percentage Discount,Cloudy,False,92,False,284,281,-3.0,False,5.0
20232480,2024-10-20,Sunday,20771,108,1032,1.0,946.48,0.0,946.48,0.0,946.48,572.31,374.17,0.3953279519905334,Credit Card,Curbside Pickup,False,None,Windy,False,105,False,26,21,-5.0,True,3.0
20232481,2023-07-10,Monday,20693,129,1021,2.0,80.79,0.0,161.58,0.0,161.58,45.04,71.5,0.4425052605520486,Gift Card,Mobile App,False,None,Cloudy,False,387,False,150,115,-35.0,False,4.0
20232482,2023-07-01,Saturday,20825,102,1024,2.0,496.78,0.0,993.56,0.0,993.56,283.62,426.32,0.4290832964290027,Debit Card,Mobile App,False,None,Rainy,False,464,False,148,214,66.0,False,1.0
20232483,2024-04-26,Friday,20794,117,1003,1.0,1941.55,0.0,1941.55,0.0,1941.55,1394.94,546.61,0.2815327959619891,Digital Wallet,In-Store,False,None,Stormy,False,120,False,361,488,127.0,False,1.0
20232484,2023-11-07,Tuesday,20868,147,1005,2.0,1200.71,0.0,2401.42,0.0,2401.42,774.22,852.98,0.355198174413472,Gift Card,In-Store,False,None,Rainy,False,447,False,54,49,-5.0,False,1.0
20232485,2023-07-28,Friday,20363,138,1012,1.0,235.23,0.0,235.23,0.0,235.23,173.37,61.86,0.26297666114016066,Gift Card,Online,False,None,Cloudy,False,293,False,418,311,-107.0,False,5.0
20232486,2024-12-03,Tuesday,20282,127,1007,1.0,1100.79,0.28,1100.79,308.2212,792.5688,637.12,155.4488,0.19613287830658993,Cash,Online,True,Percentage Discount,Rainy,False,336,False,55,70,15.0,False,1.0
20232487,2023-04-04,Tuesday,20300,131,1037,4.0,391.18,0.0,1564.72,0.0,1564.72,270.26,483.68,0.3091160079758679,Credit Card,Curbside Pickup,False,None,Stormy,False,254,False,410,340,-70.0,False,5.0
20232488,2023-03-31,Friday,20746,124,1020,1.0,356.52,0.35,356.52,124.782,231.738,190.07,41.668,0.17980650562272915,EBT,Curbside Pickup,True,Manufacturer Rebate,Cloudy,False,353,False,459,538,79.0,False,5.0
20232489,2024-02-16,Friday,20362,106,1017,6.0,124.84,0.2,749.04,149.808,599.232,93.3,39.432,0.0658042294136495,Gift Card,Curbside Pickup,True,Percentage Discount,Rainy,False,338,False,44,50,6.0,False,4.0
20232490,2024-05-08,Wednesday,20324,132,1036,2.0,1145.19,0.22,2290.38,503.8836,1786.4964,738.32,309.8564,0.1734436184702079,Digital Wallet,Curbside Pickup,True,Clearance,Sunny,False,242,False,443,311,-132.0,False,2.0
20232491,2024-12-08,Sunday,20400,128,1004,2.0,661.22,0.0,1322.44,0.0,1322.44,445.03,432.38,0.3269562324188622,Digital Wallet,In-Store,False,None,Windy,False,376,False,224,154,-70.0,False,2.0
20232492,2024-07-12,Friday,20222,143,1004,1.0,676.57,0.2,676.57,135.314,541.256,445.03,96.226,0.1777827867035194,Debit Card,Online,True,Bundle Deal,Stormy,False,482,False,407,584,177.0,False,3.0
20232493,2023-04-14,Friday,20840,126,1039,6.0,96.39,0.0,578.34,0.0,578.34,71.53,149.16,0.25791057163606185,EBT,Mobile App,False,None,Snowy,False,156,False,45,53,8.0,False,3.0
20232494,2023-02-14,Tuesday,20687,128,1031,1.0,551.73,0.14,551.73,77.2422,474.4878,402.09,72.3978,0.15258095150180895,Credit Card,Mobile App,True,BOGO,Rainy,True,470,False,426,411,-15.0,False,5.0
20232495,2023-03-18,Saturday,21047,132,1050,2.0,1333.91,0.0,2667.82,0.0,2667.82,742.28,1183.26,0.4435306729839345,Gift Card,Online,False,None,Stormy,False,476,False,318,224,-94.0,False,1.0
20232496,2023-07-28,Friday,20341,140,1029,2.0,2112.22,0.28,4224.44,1182.8432,3041.5968,1429.66,182.2768,0.05992799571593422,Credit Card,Curbside Pickup,True,BOGO,Sunny,False,457,False,406,358,-48.0,False,4.0
20232497,2023-11-26,Sunday,20248,150,1017,5.0,123.17,0.0,615.85,0.0,615.85,93.3,149.35,0.24251035154664288,Gift Card,Curbside Pickup,False,None,Rainy,False,360,False,406,421,15.0,False,4.0
20232498,2023-12-22,Friday,20391,116,1011,2.0,861.24,0.0,1722.48,0.0,1722.48,618.67,485.14,0.28165203659839305,Credit Card,Mobile App,False,None,Stormy,False,289,False,365,401,36.0,True,4.0
20232499,2023-06-06,Tuesday,20346,106,1015,7.0,259.88,0.16,1819.16,291.0656,1528.0944,149.38,482.4344,0.3157098147863117,Digital Wallet,Online,True,Manufacturer Rebate,Stormy,False,173,False,189,151,-38.0,False,5.0
20232500,2023-12-31,Sunday,20240,123,1014,1.0,222.04,0.21,222.04,46.6284,175.4116,172.18,3.2316,0.018422954924303674,Digital Wallet,Online,True,Clearance,Sunny,True,351,False,91,89,-2.0,False,1.0
20232501,2024-08-31,Saturday,21138,142,1049,7.0,163.14,0.06,1141.98,68.5188,1073.4612,117.26,252.6412,0.23535196241839007,Digital Wallet,Curbside Pickup,True,Percentage Discount,Cloudy,False,235,False,359,429,70.0,True,3.0
20232502,2024-11-20,Wednesday,20588,110,1008,1.0,611.09,0.0,611.09,0.0,611.09,397.4,213.69,0.3496866255379732,Gift Card,In-Store,False,None,Windy,False,459,False,397,258,-139.0,False,4.0
20232503,2024-05-13,Monday,21052,142,1040,1.0,90.0,0.0,90.0,0.0,90.0,47.28,42.72,0.4746666666666667,Credit Card,Curbside Pickup,False,None,Cloudy,False,441,False,321,333,12.0,False,5.0
20232504,2023-02-15,Wednesday,21132,134,1044,6.0,67.64,0.0,405.84,0.0,405.84,46.06,129.48,0.3190419869899468,EBT,Mobile App,False,None,Cloudy,False,451,False,343,341,-2.0,False,3.0
20232505,2023-10-13,Friday,20461,144,1043,2.0,114.19,0.0,228.38,0.0,228.38,75.88,76.62,0.3354934757859708,Digital Wallet,In-Store,False,None,Cloudy,False,450,False,412,473,61.0,False,2.0
20232506,2023-10-22,Sunday,20065,119,1024,1.0,492.38,0.17,492.38,83.7046,408.6754,283.62,125.0554,0.3060017803860961,Credit Card,Online,True,Clearance,Stormy,False,494,False,111,151,40.0,False,4.0
20232507,2024-11-02,Saturday,21131,130,1001,1.0,657.09,0.0,657.09,0.0,657.09,419.73,237.36,0.3612290553805415,EBT,In-Store,False,None,Cloudy,False,140,False,290,182,-108.0,False,1.0
20232508,2023-11-13,Monday,21016,150,1025,2.0,546.37,0.0,1092.74,0.0,1092.74,301.28,490.18,0.44857880191079313,Cash,Online,False,None,Windy,False,46,False,181,181,0.0,False,4.0
20232509,2023-04-16,Sunday,20849,146,1002,2.0,1349.56,0.0,2699.12,0.0,2699.12,759.3,1180.52,0.4373721805625537,Debit Card,Curbside Pickup,False,None,Sunny,False,197,False,218,226,8.0,False,3.0
20232510,2024-05-08,Wednesday,20234,129,1019,1.0,1338.73,0.0,1338.73,0.0,1338.73,867.36,471.37,0.3521023656749307,Debit Card,Mobile App,False,None,Snowy,False,337,False,345,230,-115.0,False,4.0
20232511,2024-12-02,Monday,20417,134,1011,2.0,839.07,0.0,1678.14,0.0,1678.14,618.67,440.8,0.262671767552171,EBT,Curbside Pickup,False,None,Stormy,False,42,False,367,437,70.0,False,1.0
20232512,2023-11-11,Saturday,20667,122,1034,2.0,1523.93,0.07,3047.86,213.3502,2834.5098,1145.68,543.1498,0.1916203641278644,Gift Card,Curbside Pickup,True,Loyalty Reward,Cloudy,False,11,True,349,340,-9.0,False,5.0
20232513,2023-12-08,Friday,20173,140,1040,6.0,84.82,0.0,508.92,0.0,508.92,47.28,225.24,0.4425842961565668,Digital Wallet,Mobile App,False,None,Snowy,False,144,False,378,265,-113.0,False,5.0
20232514,2023-10-25,Wednesday,21076,141,1034,1.0,1611.84,0.27,1611.84,435.1968,1176.6432,1145.68,30.9632,0.026314859083875142,EBT,Online,True,Bundle Deal,Rainy,False,508,False,42,39,-3.0,False,3.0
20232515,2023-11-14,Tuesday,21042,148,1017,2.0,122.02,0.0,244.04,0.0,244.04,93.3,57.44,0.23537125061465333,Credit Card,In-Store,False,None,Cloudy,False,1,True,279,182,-97.0,False,3.0
20232516,2024-12-16,Monday,20117,116,1045,1.0,225.64,0.0,225.64,0.0,225.64,159.92,65.72,0.29126041482006737,EBT,Online,False,None,Sunny,False,264,False,161,215,54.0,False,4.0
20232517,2024-06-23,Sunday,20538,108,1037,1.0,374.03,0.0,374.03,0.0,374.03,270.26,103.77,0.2774376386920835,Debit Card,Online,False,None,Windy,False,368,False,68,78,10.0,False,5.0
20232518,2024-12-09,Monday,20662,146,1017,4.0,129.94,0.09,519.76,46.7784,472.9816,93.3,99.7816,0.2109629634641179,Cash,Mobile App,True,Percentage Discount,Sunny,False,373,False,129,182,53.0,False,5.0
20232519,2024-02-03,Saturday,20430,134,1048,5.0,284.65,0.0,1423.25,0.0,1423.25,184.37,501.4,0.3522922887756894,Cash,Mobile App,False,None,Windy,False,444,False,409,334,-75.0,False,5.0
20232520,2024-03-30,Saturday,20121,116,1001,3.0,674.02,0.33,2022.06,667.2798,1354.7802,419.73,95.5902,0.07055771851404373,Gift Card,In-Store,True,Clearance,Windy,False,319,False,64,42,-22.0,False,2.0
20232521,2024-12-04,Wednesday,20899,129,1021,2.0,79.47,0.1,158.94,15.894,143.046,45.04,52.966,0.37027249975532345,Credit Card,Curbside Pickup,True,Bundle Deal,Sunny,False,5,True,40,26,-14.0,False,5.0
20232522,2024-11-06,Wednesday,20457,147,1030,1.0,862.15,0.2,862.15,172.43,689.72,569.19,120.53,0.17475207330510928,EBT,Mobile App,True,Bundle Deal,Cloudy,False,72,False,139,103,-36.0,False,2.0
20232523,2023-08-06,Sunday,20880,130,1006,2.0,284.37,0.0,568.74,0.0,568.74,163.55,241.64,0.42486900868586697,Debit Card,Mobile App,False,None,Cloudy,False,59,False,84,71,-13.0,False,1.0
20232524,2024-07-02,Tuesday,20121,116,1001,3.0,677.74,0.0,2033.22,0.0,2033.22,419.73,774.03,0.3806917106855136,Credit Card,Curbside Pickup,False,None,Sunny,False,446,False,36,33,-3.0,False,1.0
20232525,2024-12-06,Friday,20501,124,1035,1.0,722.16,0.08,722.16,57.7728,664.3872,403.28,261.1072,0.3930045611956402,Credit Card,Online,True,Loyalty Reward,Cloudy,False,166,False,248,310,62.0,False,3.0
20232526,2023-11-28,Tuesday,20361,121,1040,1.0,87.23,0.0,87.23,0.0,87.23,47.28,39.95,0.4579846383125072,Debit Card,In-Store,False,None,Sunny,True,55,False,93,94,1.0,True,5.0
20232527,2023-09-20,Wednesday,20622,130,1028,3.0,771.82,0.23,2315.46,532.5558,1782.9042,494.36,299.8242,0.16816618638286904,Gift Card,Online,True,Loyalty Reward,Cloudy,False,233,False,395,456,61.0,False,5.0
20232528,2023-12-02,Saturday,21137,108,1022,1.0,320.86,0.0,320.86,0.0,320.86,187.99,132.87,0.4141058405535124,Cash,Curbside Pickup,False,None,Sunny,False,19,True,250,154,-96.0,False,2.0
20232529,2024-12-12,Thursday,20035,140,1002,1.0,1359.9,0.2,1359.9,271.98,1087.92,759.3,328.62,0.30206265166556373,EBT,Mobile App,True,Clearance,Sunny,False,359,False,207,150,-57.0,False,5.0
20232530,2024-01-24,Wednesday,21054,133,1016,1.0,366.25,0.32,366.25,117.2,249.05,263.25,-14.2,-0.057016663320618305,Credit Card,Mobile App,True,Loyalty Reward,Snowy,False,355,False,104,77,-27.0,False,3.0
20232531,2023-01-27,Friday,20139,149,1032,1.0,957.12,0.0,957.12,0.0,957.12,572.31,384.81,0.4020498996990974,Debit Card,Mobile App,False,None,Sunny,False,280,False,475,425,-50.0,False,1.0
20232532,2024-11-23,Saturday,20098,133,1047,1.0,385.93,0.0,385.93,0.0,385.93,273.17,112.76,0.29217733785919725,Cash,Curbside Pickup,False,None,Snowy,False,11,True,132,132,0.0,False,1.0
20232533,2024-11-16,Saturday,21097,135,1005,2.0,1082.12,0.14,2164.24,302.9936,1861.2464,774.22,312.8064,0.16806286368102566,Gift Card,Curbside Pickup,True,BOGO,Sunny,False,364,False,39,36,-3.0,False,4.0
20232534,2024-12-12,Thursday,20231,113,1018,4.0,326.14,0.09,1304.56,117.4104,1187.1496,198.14,394.5896,0.33238405673556226,Credit Card,In-Store,True,Bundle Deal,Snowy,False,283,False,386,459,73.0,False,1.0
20232535,2024-12-24,Tuesday,21134,113,1026,4.0,240.15,0.0,960.6,0.0,960.6,130.01,440.56,0.4586300229023528,Cash,In-Store,False,None,Windy,True,399,False,194,277,83.0,False,3.0
20232536,2024-02-22,Thursday,20354,147,1046,1.0,564.83,0.0,564.83,0.0,564.83,345.33,219.5,0.3886125028769719,Debit Card,Mobile App,False,None,Rainy,False,412,False,356,280,-76.0,False,2.0
20232537,2023-11-27,Monday,21062,101,1050,2.0,1219.95,0.0,2439.9,0.0,2439.9,742.28,955.34,0.3915488339686053,Credit Card,In-Store,False,None,Rainy,False,17,True,298,214,-84.0,False,1.0
20232538,2023-11-17,Friday,20433,119,1006,1.0,291.27,0.0,291.27,0.0,291.27,163.55,127.72,0.438493494008995,Cash,Curbside Pickup,False,None,Stormy,False,211,False,333,320,-13.0,False,4.0
20232539,2024-02-11,Sunday,20693,129,1044,6.0,71.68,0.0,430.08,0.0,430.08,46.06,153.72,0.35742187500000006,Credit Card,Curbside Pickup,False,None,Sunny,False,515,False,40,44,4.0,False,5.0
20232540,2024-03-17,Sunday,20745,131,1024,4.0,497.5,0.0,1990.0,0.0,1990.0,283.62,855.52,0.42990954773869344,Credit Card,In-Store,False,None,Sunny,False,15,True,186,206,20.0,False,3.0
20232541,2024-05-05,Sunday,20567,130,1010,1.0,389.55,0.0,389.55,0.0,389.55,261.42,128.13,0.3289179822872545,Credit Card,Online,False,None,Cloudy,False,446,False,349,216,-133.0,False,5.0
20232542,2024-04-24,Wednesday,20041,123,1005,2.0,1075.48,0.0,2150.96,0.0,2150.96,774.22,602.52,0.28011678506341353,Digital Wallet,In-Store,False,None,Stormy,False,154,False,454,599,145.0,False,5.0
20232543,2023-12-11,Monday,21129,110,1007,2.0,1024.72,0.14,2049.44,286.9216,1762.5184,637.12,488.2784,0.27703449790935514,Cash,Curbside Pickup,True,Loyalty Reward,Stormy,False,464,False,172,178,6.0,False,2.0
20232544,2023-04-19,Wednesday,20895,125,1013,3.0,175.36,0.0,526.08,0.0,526.08,118.75,169.83,0.3228216240875913,Gift Card,Curbside Pickup,False,None,Snowy,False,64,False,250,174,-76.0,True,1.0
20232545,2024-10-15,Tuesday,20572,148,1039,3.0,94.67,0.07,284.01,19.8807,264.1293,71.53,49.5393,0.18755700333132294,EBT,Online,True,Percentage Discount,Rainy,False,19,True,46,29,-17.0,False,1.0
20232546,2024-05-15,Wednesday,20624,144,1027,4.0,58.68,0.14,234.72,32.8608,201.8592,37.44,52.0992,0.2580967327721501,Gift Card,Mobile App,True,Percentage Discount,Stormy,False,130,False,32,37,5.0,False,3.0
20232547,2023-06-11,Sunday,20225,102,1043,5.0,112.65,0.0,563.25,0.0,563.25,75.88,183.85,0.3264092321349312,Digital Wallet,Online,False,None,Cloudy,False,308,False,318,336,18.0,True,2.0
20232548,2024-12-07,Saturday,20768,139,1040,1.0,88.42,0.0,88.42,0.0,88.42,47.28,41.14,0.46527934856367337,Cash,Mobile App,False,None,Windy,False,134,False,271,379,108.0,False,2.0
20232549,2024-09-24,Tuesday,20109,138,1028,3.0,822.02,0.0,2466.06,0.0,2466.06,494.36,982.98,0.3986034403055887,EBT,Mobile App,False,None,Windy,False,321,False,338,292,-46.0,False,3.0
20232550,2023-12-28,Thursday,20895,125,1020,2.0,347.91,0.25,695.82,173.955,521.865,190.07,141.725,0.2715740660898892,EBT,Mobile App,True,Bundle Deal,Rainy,False,160,False,202,167,-35.0,True,5.0
20232551,2024-12-26,Thursday,20672,108,1039,2.0,103.26,0.0,206.52,0.0,206.52,71.53,63.46,0.30728258764284333,EBT,Online,False,None,Windy,False,373,False,401,291,-110.0,False,3.0
20232552,2023-10-01,Sunday,20330,121,1029,1.0,2212.1,0.28,2212.1,619.388,1592.712,1429.66,163.052,0.10237381271692554,Debit Card,In-Store,True,Manufacturer Rebate,Rainy,False,318,False,332,475,143.0,False,1.0
20232553,2024-12-28,Saturday,20023,143,1024,3.0,521.2,0.34,1563.6,531.624,1031.976,283.62,181.116,0.1755040814902673,Gift Card,Curbside Pickup,True,Loyalty Reward,Stormy,False,507,False,88,98,10.0,False,1.0
20232554,2023-12-15,Friday,20842,104,1042,3.0,410.46,0.2,1231.38,246.276,985.104,233.03,286.014,0.2903388880767918,Debit Card,In-Store,True,BOGO,Cloudy,False,65,False,157,139,-18.0,False,1.0
20232555,2024-12-01,Sunday,20406,135,1042,4.0,411.54,0.0,1646.16,0.0,1646.16,233.03,714.04,0.43376099528599893,Digital Wallet,In-Store,False,None,Cloudy,False,377,False,64,71,7.0,False,5.0
20232556,2024-11-20,Wednesday,20503,110,1008,2.0,631.84,0.0,1263.68,0.0,1263.68,397.4,468.88,0.371043302101798,Digital Wallet,In-Store,False,None,Snowy,False,335,False,421,414,-7.0,False,1.0
20232557,2023-03-03,Friday,20371,111,1014,1.0,218.59,0.05,218.59,10.9295,207.6605,172.18,35.4805,0.17085820365452267,Debit Card,In-Store,True,Loyalty Reward,Windy,False,225,False,381,431,50.0,False,2.0
20232558,2024-05-16,Thursday,20846,116,1050,2.0,1240.37,0.0,2480.74,0.0,2480.74,742.28,996.18,0.4015656618589614,Debit Card,Mobile App,False,None,Windy,False,62,False,183,257,74.0,False,3.0
20232559,2023-11-02,Thursday,20235,129,1038,4.0,145.27,0.0,581.08,0.0,581.08,88.81,225.84,0.388655606801129,Digital Wallet,In-Store,False,None,Rainy,False,203,False,418,482,64.0,False,4.0
20232560,2024-10-21,Monday,21061,137,1047,1.0,371.42,0.0,371.42,0.0,371.42,273.17,98.25,0.26452533520004307,Credit Card,Curbside Pickup,False,None,Cloudy,False,350,False,194,249,55.0,False,5.0
20232561,2023-04-15,Saturday,20400,147,1015,4.0,234.8,0.0,939.2,0.0,939.2,149.38,341.68,0.3637989778534924,Gift Card,Online,False,None,Snowy,False,242,False,362,444,82.0,False,3.0
20232562,2023-12-14,Thursday,20871,136,1008,2.0,625.8,0.19,1251.6,237.804,1013.796,397.4,218.996,0.2160158453969043,EBT,In-Store,True,Loyalty Reward,Cloudy,False,170,False,204,184,-20.0,False,4.0
20232563,2023-03-07,Tuesday,20423,121,1026,3.0,234.18,0.0,702.54,0.0,702.54,130.01,312.51,0.44482876419847983,EBT,Curbside Pickup,False,None,Snowy,False,517,False,236,152,-84.0,False,3.0
20232564,2024-11-04,Monday,20083,145,1011,1.0,902.93,0.19,902.93,171.5567,731.3733,618.67,112.7033,0.15409818761499772,Gift Card,Mobile App,True,Loyalty Reward,Stormy,False,109,False,32,30,-2.0,False,4.0
20232565,2023-03-29,Wednesday,21054,133,1032,2.0,991.19,0.14,1982.38,277.5332,1704.8468,572.31,560.2268,0.32860829489195165,EBT,Online,True,BOGO,Windy,False,218,False,193,277,84.0,False,5.0
20232566,2023-06-18,Sunday,20423,121,1016,2.0,390.69,0.16,781.38,125.0208,656.3592,263.25,129.8592,0.19784776384638167,Gift Card,Curbside Pickup,True,Loyalty Reward,Sunny,False,253,False,340,396,56.0,True,4.0
20232567,2023-10-20,Friday,20801,109,1044,2.0,69.95,0.0,139.9,0.0,139.9,46.06,47.78,0.341529664045747,Debit Card,Curbside Pickup,False,None,Rainy,False,439,False,85,84,-1.0,False,2.0
20232568,2023-07-13,Thursday,21178,138,1002,2.0,1300.85,0.0,2601.7,0.0,2601.7,759.3,1083.1,0.41630472383441597,EBT,Mobile App,False,None,Snowy,False,417,False,478,577,99.0,False,2.0
20232569,2024-09-08,Sunday,20953,102,1001,1.0,614.98,0.0,614.98,0.0,614.98,419.73,195.25,0.31748999967478614,Cash,Mobile App,False,None,Sunny,False,458,False,62,84,22.0,False,2.0
20232570,2024-09-05,Thursday,20888,120,1007,2.0,1064.01,0.13,2128.02,276.6426,1851.3774,637.12,577.1374,0.3117340635140085,EBT,Online,True,BOGO,Stormy,False,400,False,25,19,-6.0,False,3.0
20232571,2024-07-15,Monday,20159,147,1047,1.0,405.2,0.0,405.2,0.0,405.2,273.17,132.03,0.32583909180651527,Cash,Curbside Pickup,False,None,Rainy,False,24,True,216,229,13.0,False,3.0
20232572,2024-12-04,Wednesday,20925,106,1016,1.0,355.46,0.0,355.46,0.0,355.46,263.25,92.21,0.25941034152928594,Credit Card,Mobile App,False,None,Stormy,False,212,False,41,53,12.0,False,5.0
20232573,2023-09-26,Tuesday,20259,148,1012,5.0,249.02,0.0,1245.1,0.0,1245.1,173.37,378.25,0.3037908601718738,Debit Card,Mobile App,False,None,Sunny,False,380,False,100,72,-28.0,False,3.0
20232574,2024-10-31,Thursday,21067,122,1003,2.0,1891.71,0.29,3783.42,1097.1918,2686.2282,1394.94,-103.6518,-0.03858637177586033,Cash,Mobile App,True,Bundle Deal,Stormy,False,442,False,366,449,83.0,False,5.0
20232575,2024-12-06,Friday,20143,138,1008,4.0,617.81,0.0,2471.24,0.0,2471.24,397.4,881.64,0.3567601689839918,Debit Card,Mobile App,False,None,Stormy,False,306,False,176,161,-15.0,False,2.0
20232576,2023-12-16,Saturday,20047,128,1025,4.0,517.56,0.0,2070.24,0.0,2070.24,301.28,865.12,0.41788391684055953,Gift Card,In-Store,False,None,Cloudy,False,90,False,324,199,-125.0,False,2.0
20232577,2024-05-29,Wednesday,20470,104,1016,4.0,373.64,0.15,1494.56,224.184,1270.376,263.25,217.376,0.17111154492843061,Digital Wallet,In-Store,True,Clearance,Cloudy,False,283,False,104,141,37.0,False,4.0
20232578,2024-07-12,Friday,20563,115,1040,7.0,93.83,0.3,656.81,197.043,459.767,47.28,128.807,0.2801571230645086,Debit Card,Curbside Pickup,True,Manufacturer Rebate,Windy,False,10,True,203,213,10.0,False,4.0
20232579,2023-12-25,Monday,20145,131,1024,1.0,515.46,0.0,515.46,0.0,515.46,283.62,231.84,0.44977301827493893,EBT,In-Store,False,None,Stormy,True,85,False,264,325,61.0,False,2.0
20232580,2023-01-07,Saturday,20281,141,1049,2.0,152.86,0.0,305.72,0.0,305.72,117.26,71.2,0.23289284312442762,Debit Card,Curbside Pickup,False,None,Rainy,False,35,False,222,270,48.0,False,2.0
20232581,2024-04-27,Saturday,20932,137,1045,7.0,219.5,0.0,1536.5,0.0,1536.5,159.92,417.06,0.2714350797266516,Cash,In-Store,False,None,Rainy,False,161,False,320,228,-92.0,False,5.0
20232582,2024-01-10,Wednesday,20212,146,1025,1.0,572.14,0.0,572.14,0.0,572.14,301.28,270.86,0.47341559758101165,EBT,Mobile App,False,None,Rainy,False,4,True,31,24,-7.0,False,4.0
20232583,2023-09-24,Sunday,20441,133,1024,3.0,500.05,0.0,1500.15,0.0,1500.15,283.62,649.29,0.4328167183281672,Digital Wallet,Online,False,None,Stormy,False,185,False,384,557,173.0,True,5.0
20232584,2024-09-27,Friday,20381,118,1018,3.0,329.83,0.0,989.49,0.0,989.49,198.14,395.07,0.39926628869417585,EBT,In-Store,False,None,Rainy,False,20,True,136,135,-1.0,False,5.0
20232585,2023-02-10,Friday,20394,123,1045,7.0,217.14,0.0,1519.98,0.0,1519.98,159.92,400.54,0.263516625218753,Cash,Mobile App,False,None,Sunny,False,490,False,315,352,37.0,False,2.0
20232586,2023-09-21,Thursday,20178,141,1026,1.0,220.5,0.0,220.5,0.0,220.5,130.01,90.49,0.4103854875283447,EBT,Online,False,None,Rainy,False,440,False,138,91,-47.0,False,3.0
20232587,2023-09-26,Tuesday,21174,105,1022,1.0,329.8,0.08,329.8,26.384,303.416,187.99,115.426,0.38042159938829856,Credit Card,Mobile App,True,Clearance,Cloudy,False,379,False,478,660,182.0,False,4.0
20232588,2024-05-06,Monday,20818,136,1002,1.0,1291.87,0.0,1291.87,0.0,1291.87,759.3,532.57,0.4122473623507009,Debit Card,Online,False,None,Windy,False,421,False,105,135,30.0,False,5.0
20232589,2024-12-04,Wednesday,20782,125,1030,1.0,904.26,0.0,904.26,0.0,904.26,569.19,335.07,0.3705460818791055,Gift Card,Online,False,None,Windy,False,151,False,273,258,-15.0,False,5.0
20232590,2023-06-18,Sunday,20827,135,1033,1.0,801.53,0.0,801.53,0.0,801.53,465.85,335.68,0.41879904682295105,Gift Card,Curbside Pickup,False,None,Snowy,False,292,False,293,304,11.0,False,5.0
20232591,2024-06-26,Wednesday,20287,140,1039,5.0,96.21,0.32,481.05,153.936,327.114,71.53,-30.536,-0.09334971905818767,Digital Wallet,In-Store,True,Percentage Discount,Snowy,False,52,False,277,228,-49.0,False,5.0
20232592,2023-12-09,Saturday,20540,149,1048,1.0,273.42,0.0,273.42,0.0,273.42,184.37,89.05,0.3256894155511667,Cash,Online,False,None,Cloudy,False,154,False,81,73,-8.0,False,3.0
20232593,2023-01-14,Saturday,20473,101,1030,2.0,858.95,0.0,1717.9,0.0,1717.9,569.19,579.52,0.3373421037312998,Credit Card,In-Store,False,None,Sunny,False,15,True,282,264,-18.0,False,5.0
20232594,2024-12-03,Tuesday,20650,131,1011,2.0,943.9,0.28,1887.8,528.584,1359.216,618.67,121.876,0.08966639592235523,Debit Card,Curbside Pickup,True,BOGO,Stormy,False,417,False,452,564,112.0,False,5.0
20232595,2023-02-28,Tuesday,20389,130,1001,3.0,607.17,0.0,1821.51,0.0,1821.51,419.73,562.32,0.3087109046889667,Credit Card,Curbside Pickup,False,None,Cloudy,False,88,False,363,483,120.0,False,3.0
20232596,2023-12-24,Sunday,20822,137,1007,1.0,1145.89,0.0,1145.89,0.0,1145.89,637.12,508.77,0.44399549694996904,EBT,Mobile App,False,None,Cloudy,True,473,False,170,122,-48.0,False,2.0
20232597,2024-05-03,Friday,20538,108,1043,1.0,120.36,0.06,120.36,7.2216,113.1384,75.88,37.2584,0.3293170134985116,Credit Card,Online,True,Percentage Discount,Sunny,False,355,False,386,470,84.0,False,2.0
20232598,2024-11-30,Saturday,20688,110,1020,2.0,349.58,0.0,699.16,0.0,699.16,190.07,319.02,0.45629040562961265,Credit Card,Curbside Pickup,False,None,Sunny,False,502,False,471,630,159.0,False,4.0
20232599,2024-03-30,Saturday,21044,147,1014,2.0,240.41,0.27,480.82,129.8214,350.9986,172.18,6.6386,0.01891346575171524,Gift Card,Online,True,Clearance,Cloudy,False,178,False,73,63,-10.0,False,2.0
20232600,2023-12-15,Friday,20981,139,1010,3.0,377.45,0.0,1132.35,0.0,1132.35,261.42,348.09,0.30740495429858256,Gift Card,Online,False,None,Rainy,False,460,False,448,427,-21.0,False,3.0
20232601,2023-12-05,Tuesday,20579,150,1041,2.0,653.6,0.0,1307.2,0.0,1307.2,486.05,335.1,0.2563494492044064,Cash,Online,False,None,Windy,False,338,False,398,314,-84.0,False,2.0
20232602,2023-06-23,Friday,20040,109,1023,5.0,122.44,0.0,612.2,0.0,612.2,70.74,258.5,0.4222476314929762,Digital Wallet,Curbside Pickup,False,None,Windy,False,212,False,338,277,-61.0,False,3.0
20232603,2023-02-24,Friday,20282,127,1012,1.0,244.65,0.28,244.65,68.502,176.148,173.37,2.778,0.01577082907555006,Debit Card,In-Store,True,BOGO,Cloudy,False,291,False,154,152,-2.0,False,3.0
20232604,2024-05-30,Thursday,20726,102,1041,2.0,604.14,0.0,1208.28,0.0,1208.28,486.05,236.18,0.19546793789518982,EBT,Curbside Pickup,False,None,Rainy,False,166,False,348,358,10.0,False,5.0
20232605,2023-06-25,Sunday,21054,133,1050,1.0,1270.62,0.0,1270.62,0.0,1270.62,742.28,528.34,0.4158127528293274,Credit Card,Mobile App,False,None,Rainy,False,243,False,174,155,-19.0,False,4.0
20232606,2023-06-23,Friday,20611,133,1001,1.0,660.89,0.0,660.89,0.0,660.89,419.73,241.16,0.36490187474466246,Credit Card,Mobile App,False,None,Snowy,False,158,False,388,407,19.0,False,1.0
20232607,2024-05-10,Friday,20787,115,1002,1.0,1299.56,0.17,1299.56,220.9252,1078.6348,759.3,319.3348,0.2960546053214674,Gift Card,Mobile App,True,Bundle Deal,Sunny,False,453,False,459,506,47.0,False,4.0
20232608,2024-12-21,Saturday,20901,114,1016,1.0,368.14,0.14,368.14,51.5396,316.6004,263.25,53.3504,0.16851021034717575,Gift Card,In-Store,True,Manufacturer Rebate,Sunny,False,229,False,43,51,8.0,False,5.0
20232609,2024-04-29,Monday,21124,125,1050,1.0,1287.34,0.0,1287.34,0.0,1287.34,742.28,545.06,0.42340018953811737,Debit Card,Online,False,None,Stormy,False,380,False,218,176,-42.0,False,4.0
20232610,2023-04-04,Tuesday,20541,136,1014,2.0,235.26,0.0,470.52,0.0,470.52,172.18,126.16,0.26812887868740964,Credit Card,In-Store,False,None,Stormy,False,163,False,118,147,29.0,False,5.0
20232611,2024-08-08,Thursday,20075,114,1005,1.0,1070.72,0.0,1070.72,0.0,1070.72,774.22,296.5,0.2769164674237896,EBT,Online,False,None,Sunny,False,69,False,105,116,11.0,False,1.0
20232612,2024-05-18,Saturday,20015,141,1048,5.0,271.08,0.18,1355.4,243.972,1111.428,184.37,189.578,0.17057155299308627,EBT,Mobile App,True,Bundle Deal,Cloudy,False,363,False,434,591,157.0,False,5.0
20232613,2023-08-20,Sunday,20512,133,1046,4.0,564.04,0.0,2256.16,0.0,2256.16,345.33,874.84,0.3877561875044323,EBT,In-Store,False,None,Cloudy,False,84,False,284,311,27.0,False,2.0
20232614,2024-02-29,Thursday,21173,122,1018,4.0,346.3,0.0,1385.2,0.0,1385.2,198.14,592.64,0.42783713543170665,EBT,In-Store,False,None,Sunny,False,201,False,411,267,-144.0,True,4.0
20232615,2024-03-23,Saturday,20844,140,1010,3.0,391.75,0.0,1175.25,0.0,1175.25,261.42,390.99,0.3326866624122527,Credit Card,Mobile App,False,None,Snowy,False,265,False,30,43,13.0,False,1.0
20232616,2023-07-18,Tuesday,20571,150,1050,2.0,1244.22,0.0,2488.44,0.0,2488.44,742.28,1003.88,0.4034174020671586,Debit Card,Online,False,None,Rainy,False,441,False,111,91,-20.0,False,5.0
20232617,2024-02-14,Wednesday,20802,142,1032,1.0,972.59,0.0,972.59,0.0,972.59,572.31,400.28,0.41156088382566147,Cash,Online,False,None,Sunny,True,81,False,310,380,70.0,True,2.0
20232618,2023-12-03,Sunday,20288,124,1003,2.0,1781.65,0.22,3563.3,783.926,2779.374,1394.94,-10.506,-0.0037799878677716122,Debit Card,Mobile App,True,Percentage Discount,Cloudy,False,371,False,291,241,-50.0,False,2.0
20232619,2023-06-16,Friday,20379,105,1033,2.0,868.99,0.0,1737.98,0.0,1737.98,465.85,806.28,0.46391788167873044,Debit Card,Mobile App,False,None,Rainy,False,436,False,439,465,26.0,False,5.0
20232620,2024-11-03,Sunday,20624,144,1032,2.0,967.78,0.0,1935.56,0.0,1935.56,572.31,790.94,0.4086362603070946,EBT,Mobile App,False,None,Windy,False,159,False,116,163,47.0,False,2.0
20232621,2023-12-30,Saturday,20994,128,1008,2.0,643.73,0.0,1287.46,0.0,1287.46,397.4,492.66,0.38266043216876644,EBT,Mobile App,False,None,Cloudy,False,238,False,166,206,40.0,False,2.0
20232622,2023-08-27,Sunday,20903,130,1046,1.0,565.44,0.0,565.44,0.0,565.44,345.33,220.11,0.38927207130730057,Credit Card,In-Store,False,None,Sunny,False,150,False,128,85,-43.0,False,5.0
20232623,2024-09-28,Saturday,20736,138,1020,2.0,344.96,0.0,689.92,0.0,689.92,190.07,309.78,0.44900858070500926,Gift Card,Online,False,None,Snowy,False,165,False,79,67,-12.0,False,4.0
20232624,2023-04-12,Wednesday,20762,136,1049,5.0,147.97,0.0,739.85,0.0,739.85,117.26,153.55,0.20754206933837932,Credit Card,Curbside Pickup,False,None,Windy,False,444,False,462,297,-165.0,False,3.0
20232625,2023-07-10,Monday,20109,138,1012,5.0,237.66,0.0,1188.3,0.0,1188.3,173.37,321.45,0.27051249684423123,Cash,Mobile App,False,None,Stormy,False,339,False,169,130,-39.0,False,4.0
20232626,2024-04-16,Tuesday,21181,109,1026,2.0,219.05,0.0,438.1,0.0,438.1,130.01,178.08,0.4064825382332801,Cash,Online,False,None,Snowy,False,260,False,449,477,28.0,False,1.0
20232627,2023-10-15,Sunday,20867,120,1017,4.0,131.07,0.0,524.28,0.0,524.28,93.3,151.08,0.2881666285191119,EBT,Online,False,None,Windy,False,260,False,411,379,-32.0,False,5.0
20232628,2023-10-27,Friday,20264,111,1007,2.0,1039.25,0.0,2078.5,0.0,2078.5,637.12,804.26,0.3869425066153476,Debit Card,In-Store,False,None,Sunny,False,473,False,342,254,-88.0,False,5.0
20232629,2024-01-23,Tuesday,20197,108,1038,5.0,146.57,0.0,732.85,0.0,732.85,88.81,288.8,0.39407791498942474,Debit Card,In-Store,False,None,Sunny,False,260,False,372,404,32.0,False,2.0
20232630,2023-04-03,Monday,20519,118,1027,2.0,58.02,0.0,116.04,0.0,116.04,37.44,41.16,0.3547052740434334,Credit Card,Curbside Pickup,False,None,Cloudy,False,267,False,51,38,-13.0,False,3.0
20232631,2023-07-18,Tuesday,20269,116,1037,2.0,411.14,0.0,822.28,0.0,822.28,270.26,281.76,0.34265700248090675,Gift Card,Curbside Pickup,False,None,Sunny,False,360,False,305,354,49.0,False,2.0
20232632,2024-12-05,Thursday,21165,110,1008,3.0,632.65,0.0,1897.95,0.0,1897.95,397.4,705.75,0.3718485734608394,Credit Card,Online,False,None,Rainy,False,18,True,267,245,-22.0,False,5.0
20232633,2023-02-16,Thursday,20090,111,1034,1.0,1498.4,0.35,1498.4,524.44,973.96,1145.68,-171.72,-0.17631114214136107,Debit Card,In-Store,True,BOGO,Cloudy,False,45,False,472,507,35.0,False,1.0
20232634,2023-07-22,Saturday,20154,128,1018,4.0,337.34,0.08,1349.36,107.9488,1241.4112,198.14,448.8512,0.36156528956722805,Cash,Mobile App,True,BOGO,Sunny,False,248,False,351,436,85.0,False,4.0
20232635,2024-01-19,Friday,20882,140,1034,2.0,1631.69,0.0,3263.38,0.0,3263.38,1145.68,972.02,0.2978568232936403,Gift Card,Online,False,None,Cloudy,False,286,False,450,370,-80.0,False,5.0
20232636,2024-10-13,Sunday,20501,124,1040,7.0,86.09,0.28,602.63,168.7364,433.8936,47.28,102.9336,0.23723235373833576,Digital Wallet,Curbside Pickup,True,Clearance,Cloudy,False,4,True,40,55,15.0,False,4.0
20232637,2023-06-21,Wednesday,20819,142,1023,5.0,132.68,0.0,663.4,0.0,663.4,70.74,309.7,0.46683750376846556,Debit Card,Online,False,None,Cloudy,False,195,False,322,366,44.0,False,1.0
20232638,2023-05-04,Thursday,21094,145,1038,3.0,147.95,0.0,443.85,0.0,443.85,88.81,177.42,0.39972963839134834,Debit Card,Curbside Pickup,False,None,Stormy,False,372,False,415,282,-133.0,True,1.0
20232639,2023-11-01,Wednesday,20134,126,1033,2.0,792.42,0.0,1584.84,0.0,1584.84,465.85,653.14,0.41211731152671555,Debit Card,Curbside Pickup,False,None,Cloudy,False,317,False,461,469,8.0,False,1.0
20232640,2023-01-08,Sunday,20604,109,1033,1.0,865.08,0.09,865.08,77.8572,787.2228,465.85,321.3728,0.40823614356698,Digital Wallet,Mobile App,True,BOGO,Sunny,False,298,False,398,336,-62.0,False,4.0
20232641,2023-11-21,Tuesday,20210,129,1009,2.0,1807.92,0.0,3615.84,0.0,3615.84,1077.88,1460.08,0.4038010531439444,Gift Card,Mobile App,False,None,Sunny,False,246,False,437,416,-21.0,False,5.0
20232642,2023-07-12,Wednesday,21139,139,1004,3.0,702.9,0.0,2108.7,0.0,2108.7,445.03,773.61,0.3668658415137288,EBT,Mobile App,False,None,Cloudy,False,2,True,477,570,93.0,False,2.0
20232643,2024-06-03,Monday,20018,130,1003,1.0,1894.9,0.14,1894.9,265.286,1629.614,1394.94,234.674,0.14400588114731463,Debit Card,In-Store,True,Clearance,Stormy,False,492,False,288,278,-10.0,True,1.0
20232644,2023-11-10,Friday,20428,149,1031,4.0,545.9,0.0,2183.6,0.0,2183.6,402.09,575.24,0.26343652683641694,EBT,Online,False,None,Sunny,False,502,False,374,517,143.0,False,2.0
20232645,2024-12-01,Sunday,20158,128,1036,1.0,1146.2,0.0,1146.2,0.0,1146.2,738.32,407.88,0.35585412667946253,Digital Wallet,In-Store,False,None,Cloudy,False,59,False,202,219,17.0,False,1.0
20232646,2024-05-22,Wednesday,20328,110,1039,1.0,103.69,0.0,103.69,0.0,103.69,71.53,32.16,0.3101552705178898,Gift Card,Online,False,None,Cloudy,False,233,False,428,428,0.0,False,2.0
20232647,2024-06-24,Monday,20844,140,1022,4.0,330.38,0.0,1321.52,0.0,1321.52,187.99,569.56,0.43098855862945695,Cash,Mobile App,False,None,Cloudy,False,61,False,367,230,-137.0,False,5.0
20232648,2024-12-21,Saturday,20849,146,1027,1.0,57.4,0.19,57.4,10.906,46.494,37.44,9.054,0.1947348044909021,Credit Card,In-Store,True,BOGO,Rainy,False,70,False,370,458,88.0,False,4.0
20232649,2024-11-16,Saturday,20987,112,1029,2.0,2136.52,0.08,4273.04,341.8432,3931.1968,1429.66,1071.8768,0.2726591556037082,Credit Card,Curbside Pickup,True,Bundle Deal,Cloudy,False,287,False,305,270,-35.0,False,2.0
20232650,2023-03-01,Wednesday,20092,135,1003,1.0,1867.57,0.07,1867.57,130.7299,1736.8401,1394.94,341.9001,0.19685180000162356,Cash,Curbside Pickup,True,Loyalty Reward,Sunny,False,479,False,192,132,-60.0,False,5.0
20232651,2024-11-14,Thursday,20597,103,1040,1.0,88.29,0.26,88.29,22.9554,65.3346,47.28,18.0546,0.2763405607442305,Credit Card,Online,True,Percentage Discount,Cloudy,False,84,False,49,49,0.0,False,2.0
20232652,2024-11-18,Monday,20611,133,1015,3.0,233.92,0.0,701.76,0.0,701.76,149.38,253.62,0.36140560875512995,Digital Wallet,Curbside Pickup,False,None,Stormy,False,47,False,228,281,53.0,False,5.0
20232653,2024-07-27,Saturday,21005,141,1028,3.0,759.46,0.0,2278.38,0.0,2278.38,494.36,795.3,0.34906380849551005,Digital Wallet,Curbside Pickup,False,None,Sunny,False,407,False,256,326,70.0,False,5.0
20232654,2024-12-12,Thursday,20592,103,1045,6.0,232.97,0.15,1397.82,209.673,1188.147,159.92,228.627,0.19242315976053465,Digital Wallet,Online,True,Bundle Deal,Cloudy,False,254,False,423,299,-124.0,True,5.0
20232655,2023-12-09,Saturday,20898,143,1004,4.0,677.93,0.0,2711.72,0.0,2711.72,445.03,931.6,0.3435457938135206,Digital Wallet,Curbside Pickup,False,None,Sunny,False,486,False,473,540,67.0,False,4.0
20232656,2023-06-12,Monday,20570,124,1034,1.0,1668.27,0.0,1668.27,0.0,1668.27,1145.68,522.59,0.31325265094978627,Credit Card,Online,False,None,Snowy,False,161,False,348,258,-90.0,False,1.0
20232657,2023-01-24,Tuesday,20754,124,1043,2.0,121.8,0.29,243.6,70.644,172.956,75.88,21.196,0.12255140035616009,Debit Card,Online,True,Loyalty Reward,Windy,False,510,False,272,223,-49.0,False,2.0
20232658,2023-04-15,Saturday,20646,117,1032,2.0,889.56,0.22,1779.12,391.4064,1387.7136,572.31,243.0936,0.17517562701698688,Digital Wallet,In-Store,True,Bundle Deal,Rainy,False,138,False,475,583,108.0,False,5.0
20232659,2024-09-25,Wednesday,20624,144,1007,2.0,1080.52,0.35,2161.04,756.364,1404.676,637.12,130.436,0.09285842429143798,EBT,Curbside Pickup,True,Bundle Deal,Sunny,False,205,False,22,30,8.0,False,2.0
20232660,2024-02-04,Sunday,20416,119,1006,7.0,291.75,0.0,2042.25,0.0,2042.25,163.55,897.4,0.43941730934018847,Cash,Curbside Pickup,False,None,Rainy,False,330,False,413,305,-108.0,False,2.0
20232661,2024-12-03,Tuesday,20257,126,1016,1.0,392.19,0.0,392.19,0.0,392.19,263.25,128.94,0.32876921900099443,EBT,Curbside Pickup,False,None,Cloudy,False,393,False,83,99,16.0,False,3.0
20232662,2023-03-12,Sunday,20142,122,1028,3.0,833.98,0.0,2501.94,0.0,2501.94,494.36,1018.86,0.4072279910789228,EBT,Curbside Pickup,False,None,Snowy,False,84,False,181,250,69.0,False,2.0
20232663,2023-04-21,Friday,20991,110,1012,2.0,246.22,0.0,492.44,0.0,492.44,173.37,145.7,0.29587360896758996,Gift Card,Mobile App,False,None,Stormy,False,110,False,50,48,-2.0,False,1.0
20232664,2024-05-16,Thursday,20185,119,1024,4.0,519.95,0.13,2079.8,270.374,1809.426,283.62,674.946,0.37301663621502074,Cash,Mobile App,True,Loyalty Reward,Snowy,False,294,False,25,27,2.0,False,5.0
20232665,2023-07-01,Saturday,20193,137,1004,1.0,709.4,0.0,709.4,0.0,709.4,445.03,264.37,0.37266704257118693,Digital Wallet,Curbside Pickup,False,None,Rainy,False,358,False,226,286,60.0,False,4.0
20232666,2024-12-14,Saturday,20909,145,1036,1.0,1032.62,0.0,1032.62,0.0,1032.62,738.32,294.3,0.28500319575448846,Cash,Online,False,None,Sunny,False,145,False,88,78,-10.0,False,1.0
20232667,2023-07-02,Sunday,20185,119,1005,2.0,1091.23,0.3,2182.46,654.738,1527.722,774.22,-20.718,-0.013561367840483965,Credit Card,Curbside Pickup,True,Percentage Discount,Sunny,False,473,False,126,92,-34.0,False,5.0
20232668,2024-03-04,Monday,20550,136,1006,3.0,271.77,0.0,815.31,0.0,815.31,163.55,324.66,0.3982043639842513,Debit Card,In-Store,False,None,Windy,False,203,False,23,15,-8.0,False,2.0
20232669,2023-09-30,Saturday,20339,113,1035,4.0,763.36,0.0,3053.44,0.0,3053.44,403.28,1440.32,0.4717040452735276,Gift Card,Mobile App,False,None,Sunny,False,391,False,61,38,-23.0,False,4.0
20232670,2024-03-31,Sunday,20558,126,1022,3.0,323.6,0.08,970.8,77.664,893.136,187.99,329.166,0.36855081420970603,Credit Card,In-Store,True,BOGO,Snowy,False,257,False,66,81,15.0,False,1.0
20232671,2023-11-26,Sunday,21074,128,1044,2.0,65.52,0.0,131.04,0.0,131.04,46.06,38.92,0.29700854700854695,Digital Wallet,In-Store,False,None,Sunny,False,295,False,157,187,30.0,False,2.0
20232672,2024-07-05,Friday,20216,131,1013,4.0,172.55,0.0,690.2,0.0,690.2,118.75,215.2,0.3117936829904376,Gift Card,Online,False,None,Cloudy,False,274,False,63,58,-5.0,False,4.0
20232673,2024-07-24,Wednesday,21097,135,1026,1.0,227.31,0.0,227.31,0.0,227.31,130.01,97.3,0.4280497998328275,Digital Wallet,Online,False,None,Stormy,False,503,False,58,70,12.0,False,2.0
20232674,2023-07-04,Tuesday,21059,116,1016,2.0,390.54,0.0,781.08,0.0,781.08,263.25,254.58,0.3259333230911047,Cash,In-Store,False,None,Stormy,True,226,False,142,112,-30.0,False,2.0
20232675,2024-12-25,Wednesday,20067,114,1027,3.0,62.94,0.0,188.82,0.0,188.82,37.44,76.5,0.4051477597712107,Gift Card,Curbside Pickup,False,None,Snowy,True,8,True,412,371,-41.0,False,1.0
20232676,2024-12-14,Saturday,21066,135,1039,3.0,97.05,0.0,291.15,0.0,291.15,71.53,76.56,0.2629572385368366,Credit Card,Online,False,None,Cloudy,False,396,False,245,218,-27.0,False,4.0
20232677,2024-09-12,Thursday,20989,115,1004,3.0,720.12,0.17,2160.36,367.2612,1793.0988,445.03,458.0088,0.2554286467650306,EBT,Curbside Pickup,True,Bundle Deal,Sunny,False,109,False,147,193,46.0,False,2.0
20232678,2024-10-31,Thursday,20639,120,1035,2.0,713.83,0.21,1427.66,299.8086,1127.8514,403.28,321.2914,0.28487032954873315,Cash,Online,True,Bundle Deal,Sunny,False,206,False,298,222,-76.0,False,2.0
20232679,2024-01-11,Thursday,20064,119,1009,2.0,1881.6,0.07,3763.2,263.424,3499.776,1077.88,1344.016,0.3840291492941262,Gift Card,Curbside Pickup,True,Loyalty Reward,Sunny,False,339,False,249,159,-90.0,False,5.0
20232680,2024-08-05,Monday,21137,108,1043,3.0,116.85,0.0,350.55,0.0,350.55,75.88,122.91,0.35062045357295674,Credit Card,Curbside Pickup,False,None,Cloudy,False,455,False,74,97,23.0,False,3.0
20232681,2024-11-07,Thursday,20281,141,1043,1.0,118.53,0.0,118.53,0.0,118.53,75.88,42.65,0.3598245169999157,EBT,Online,False,None,Cloudy,False,193,False,419,384,-35.0,False,3.0
20232682,2023-05-18,Thursday,20153,111,1021,7.0,78.06,0.05,546.42,27.321,519.099,45.04,203.819,0.39263993958763177,Cash,Curbside Pickup,True,Manufacturer Rebate,Stormy,False,347,False,260,303,43.0,False,5.0
20232683,2024-10-11,Friday,20131,149,1021,5.0,77.97,0.0,389.85,0.0,389.85,45.04,164.65,0.42234192638194185,EBT,Curbside Pickup,False,None,Cloudy,False,83,False,44,50,6.0,False,5.0
20232684,2024-07-09,Tuesday,21102,146,1037,2.0,387.52,0.0,775.04,0.0,775.04,270.26,234.52,0.30259083402146986,Gift Card,Curbside Pickup,False,None,Snowy,False,414,False,302,280,-22.0,False,4.0
20232685,2023-04-11,Tuesday,20139,149,1050,1.0,1266.91,0.28,1266.91,354.7348,912.1752,742.28,169.8952,0.18625281634493027,Cash,In-Store,True,Manufacturer Rebate,Rainy,False,271,False,262,261,-1.0,False,5.0
20232686,2023-01-20,Friday,21124,125,1031,2.0,539.8,0.0,1079.6,0.0,1079.6,402.09,275.42,0.2551130048165987,Credit Card,Mobile App,False,None,Sunny,False,330,False,71,49,-22.0,False,4.0
20232687,2023-05-09,Tuesday,20341,140,1012,5.0,247.21,0.21,1236.05,259.5705,976.4795,173.37,109.6295,0.11227015006459419,Gift Card,Online,True,Clearance,Rainy,False,76,False,39,33,-6.0,False,1.0
20232688,2023-10-16,Monday,20614,149,1009,2.0,1813.54,0.0,3627.08,0.0,3627.08,1077.88,1471.32,0.40564862092923226,Gift Card,In-Store,False,None,Sunny,False,194,False,430,439,9.0,True,5.0
20232689,2023-11-16,Thursday,20617,137,1014,4.0,223.22,0.0,892.88,0.0,892.88,172.18,204.16,0.22865334647433022,Credit Card,Mobile App,False,None,Sunny,False,310,False,58,73,15.0,False,1.0
20232690,2024-12-16,Monday,21191,118,1026,6.0,227.99,0.31,1367.94,424.0614,943.8786,130.01,163.8186,0.1735589725204068,EBT,Mobile App,True,Loyalty Reward,Stormy,False,458,False,383,250,-133.0,False,2.0
20232691,2024-01-25,Thursday,20609,121,1046,1.0,568.75,0.0,568.75,0.0,568.75,345.33,223.42,0.3928263736263737,Cash,Online,False,None,Stormy,False,381,False,424,546,122.0,False,5.0
20232692,2024-02-29,Thursday,20896,143,1047,3.0,409.58,0.0,1228.74,0.0,1228.74,273.17,409.23,0.3330484886957371,EBT,Online,False,None,Cloudy,False,334,False,326,226,-100.0,False,5.0
20232693,2024-03-26,Tuesday,20400,103,1044,6.0,68.77,0.0,412.62,0.0,412.62,46.06,136.26,0.33023120546750034,Digital Wallet,Mobile App,False,None,Sunny,False,519,False,282,234,-48.0,False,4.0
20232694,2023-12-02,Saturday,20143,138,1043,4.0,111.85,0.13,447.4,58.162,389.238,75.88,85.718,0.2202200196280939,Cash,Curbside Pickup,True,Clearance,Stormy,False,402,False,191,276,85.0,True,1.0
20232695,2023-09-09,Saturday,20230,122,1006,5.0,287.55,0.19,1437.75,273.1725,1164.5775,163.55,346.8275,0.2978140140952405,Digital Wallet,In-Store,True,BOGO,Rainy,False,387,False,193,192,-1.0,False,5.0
20232696,2023-05-05,Friday,20251,143,1023,5.0,132.13,0.0,660.65,0.0,660.65,70.74,306.95,0.4646181790660713,EBT,In-Store,False,None,Windy,False,437,False,456,476,20.0,False,1.0
20232697,2023-04-28,Friday,21011,122,1042,1.0,426.65,0.0,426.65,0.0,426.65,233.03,193.62,0.45381460213289576,EBT,Mobile App,False,None,Cloudy,False,384,False,137,115,-22.0,False,5.0
20232698,2023-04-01,Saturday,20167,101,1040,1.0,85.67,0.0,85.67,0.0,85.67,47.28,38.39,0.4481148593439944,Digital Wallet,Mobile App,False,None,Sunny,False,255,False,110,110,0.0,False,4.0
20232699,2023-05-01,Monday,21114,133,1030,2.0,875.12,0.14,1750.24,245.0336,1505.2064,569.19,366.8264,0.24370504935402873,Digital Wallet,Curbside Pickup,True,Loyalty Reward,Cloudy,False,269,False,70,83,13.0,True,4.0
20232700,2024-04-15,Monday,20839,134,1035,3.0,720.03,0.1,2160.09,216.009,1944.081,403.28,734.241,0.37768025097719704,Debit Card,In-Store,True,Percentage Discount,Snowy,False,4,True,279,320,41.0,False,4.0
20232701,2024-12-27,Friday,20550,136,1003,1.0,1963.01,0.0,1963.01,0.0,1963.01,1394.94,568.07,0.28938721657047084,Debit Card,Curbside Pickup,False,None,Sunny,False,226,False,257,256,-1.0,False,4.0
20232702,2023-02-09,Thursday,20390,113,1041,1.0,610.13,0.0,610.13,0.0,610.13,486.05,124.08,0.2033664956648583,Debit Card,Curbside Pickup,False,None,Sunny,False,11,True,292,355,63.0,False,2.0
20232703,2023-01-18,Wednesday,20586,149,1042,1.0,438.92,0.0,438.92,0.0,438.92,233.03,205.89,0.46908320422856103,Credit Card,Curbside Pickup,False,None,Stormy,False,415,False,70,75,5.0,False,4.0
20232704,2023-01-22,Sunday,20606,122,1028,4.0,829.3,0.24,3317.2,796.128,2521.072,494.36,543.632,0.21563525357466984,Cash,Online,True,Clearance,Sunny,False,444,False,371,332,-39.0,False,5.0
20232705,2024-08-15,Thursday,20300,131,1009,2.0,1762.0,0.33,3524.0,1162.92,2361.08,1077.88,205.32,0.08696020465210824,Digital Wallet,Online,True,Manufacturer Rebate,Sunny,False,26,False,404,288,-116.0,False,1.0
20232706,2023-09-06,Wednesday,20859,127,1040,4.0,85.83,0.0,343.32,0.0,343.32,47.28,154.2,0.44914365606431317,Digital Wallet,Online,False,None,Sunny,False,272,False,102,98,-4.0,False,5.0
20232707,2024-11-29,Friday,20621,117,1008,1.0,650.83,0.32,650.83,208.2656,442.5644,397.4,45.1644,0.1020515884241933,Digital Wallet,Online,True,BOGO,Snowy,True,106,False,431,527,96.0,False,3.0
20232708,2023-02-02,Thursday,20390,113,1038,3.0,151.05,0.0,453.15,0.0,453.15,88.81,186.72,0.41204899040052967,Credit Card,Online,False,None,Rainy,False,108,False,423,584,161.0,False,4.0
20232709,2023-07-18,Tuesday,20028,147,1012,1.0,239.86,0.0,239.86,0.0,239.86,173.37,66.49,0.27720336863170186,Credit Card,Curbside Pickup,False,None,Stormy,False,320,False,142,134,-8.0,False,5.0
20232710,2023-12-07,Thursday,20948,134,1015,1.0,243.23,0.0,243.23,0.0,243.23,149.38,93.85,0.3858487851005221,Gift Card,In-Store,False,None,Sunny,False,86,False,144,98,-46.0,False,5.0
20232711,2023-02-26,Sunday,20849,146,1007,1.0,1095.99,0.24,1095.99,263.0376,832.9524,637.12,195.8324,0.23510635181554193,EBT,In-Store,True,Loyalty Reward,Snowy,False,91,False,308,418,110.0,False,3.0
20232712,2024-11-26,Tuesday,20878,116,1022,4.0,321.55,0.0,1286.2,0.0,1286.2,187.99,534.24,0.41536308505675634,Debit Card,Online,False,None,Stormy,False,390,False,327,364,37.0,False,3.0
20232713,2024-01-26,Friday,20676,125,1030,2.0,889.1,0.0,1778.2,0.0,1778.2,569.19,639.82,0.35981329434259357,Debit Card,Online,False,None,Snowy,False,147,False,108,155,47.0,False,4.0
20232714,2024-03-29,Friday,20054,141,1039,6.0,94.09,0.0,564.54,0.0,564.54,71.53,135.36,0.2397704325645658,Digital Wallet,Mobile App,False,None,Sunny,False,181,False,122,135,13.0,False,5.0
20232715,2024-10-17,Thursday,20420,115,1022,3.0,323.61,0.0,970.83,0.0,970.83,187.99,406.86,0.4190847007200025,Credit Card,In-Store,False,None,Stormy,False,443,False,57,61,4.0,False,2.0
20232716,2023-01-06,Friday,20412,142,1006,7.0,280.31,0.0,1962.17,0.0,1962.17,163.55,817.32,0.4165388320074203,Credit Card,In-Store,False,None,Windy,False,193,False,183,182,-1.0,False,5.0
20232717,2023-05-20,Saturday,20907,128,1003,1.0,1796.19,0.0,1796.19,0.0,1796.19,1394.94,401.25,0.223389507791492,EBT,Online,False,None,Snowy,False,246,False,162,109,-53.0,False,2.0
20232718,2023-05-05,Friday,20920,106,1041,1.0,618.16,0.24,618.16,148.3584,469.8016,486.05,-16.2484,-0.03458566339493097,EBT,Curbside Pickup,True,Manufacturer Rebate,Stormy,False,461,False,323,338,15.0,False,1.0
20232719,2024-05-31,Friday,20762,136,1021,1.0,75.76,0.07,75.76,5.3032,70.4568,45.04,25.4168,0.36074303686798154,Digital Wallet,Online,True,BOGO,Sunny,False,43,False,326,219,-107.0,False,1.0
20232720,2024-12-14,Saturday,20009,131,1018,2.0,335.54,0.0,671.08,0.0,671.08,198.14,274.8,0.409489181617691,Gift Card,In-Store,False,None,Snowy,False,321,False,126,160,34.0,False,2.0
20232721,2023-04-07,Friday,20598,102,1050,1.0,1357.27,0.3,1357.27,407.181,950.089,742.28,207.809,0.21872582463327117,Cash,Online,True,Bundle Deal,Sunny,False,260,False,174,161,-13.0,False,2.0
20232722,2024-06-10,Monday,20819,150,1020,3.0,338.76,0.08,1016.28,81.3024,934.9776,190.07,364.7676,0.39013512195372374,Credit Card,Curbside Pickup,True,Bundle Deal,Cloudy,False,156,False,200,126,-74.0,False,4.0
20232723,2024-05-06,Monday,20840,126,1012,1.0,238.76,0.28,238.76,66.8528,171.9072,173.37,-1.4628,-0.008509242195789447,Digital Wallet,Online,True,Bundle Deal,Stormy,False,74,False,234,233,-1.0,False,5.0
20232724,2024-10-15,Tuesday,20904,104,1013,1.0,169.59,0.22,169.59,37.3098,132.2802,118.75,13.5302,0.1022843932803247,Cash,Online,True,Manufacturer Rebate,Cloudy,False,475,False,273,166,-107.0,False,5.0
20232725,2024-04-02,Tuesday,20252,104,1040,2.0,85.28,0.07,170.56,11.9392,158.6208,47.28,64.0608,0.40386128427041096,EBT,Mobile App,True,BOGO,Sunny,False,300,False,48,40,-8.0,False,2.0
20232726,2023-11-23,Thursday,20675,128,1034,1.0,1615.69,0.0,1615.69,0.0,1615.69,1145.68,470.01,0.29090357680000495,Cash,Online,False,None,Rainy,False,253,False,399,541,142.0,False,5.0
20232727,2023-08-10,Thursday,20862,141,1013,1.0,180.93,0.0,180.93,0.0,180.93,118.75,62.18,0.3436688221964296,Digital Wallet,Curbside Pickup,False,None,Cloudy,False,120,False,51,70,19.0,False,4.0
20232728,2024-08-17,Saturday,21164,137,1036,1.0,1054.39,0.0,1054.39,0.0,1054.39,738.32,316.07,0.2997657413291097,Credit Card,Mobile App,False,None,Sunny,False,378,False,418,579,161.0,False,4.0
20232729,2024-08-12,Monday,20256,139,1046,1.0,560.74,0.0,560.74,0.0,560.74,345.33,215.41,0.3841530834254735,Digital Wallet,In-Store,False,None,Cloudy,False,480,False,348,215,-133.0,False,4.0
20232730,2023-08-19,Saturday,21012,125,1020,3.0,346.37,0.0,1039.11,0.0,1039.11,190.07,468.9,0.4512515518087595,Digital Wallet,Curbside Pickup,False,None,Snowy,False,478,False,38,52,14.0,False,1.0
20232731,2023-09-25,Monday,21170,143,1001,4.0,656.73,0.0,2626.92,0.0,2626.92,419.73,948.0,0.36087890000456807,EBT,Curbside Pickup,False,None,Rainy,False,290,False,269,389,120.0,False,3.0
20232732,2023-12-28,Thursday,20196,125,1013,6.0,183.54,0.0,1101.24,0.0,1101.24,118.75,388.74,0.3530020703933747,Gift Card,Mobile App,False,None,Windy,False,153,False,429,568,139.0,False,3.0
20232733,2023-12-12,Tuesday,20520,110,1020,2.0,348.83,0.12,697.66,83.7192,613.9408,190.07,233.8008,0.3808197793663493,Digital Wallet,Mobile App,True,BOGO,Stormy,False,426,False,373,468,95.0,True,3.0
20232734,2024-12-18,Wednesday,20298,122,1047,4.0,405.87,0.0,1623.48,0.0,1623.48,273.17,530.8,0.3269519796979328,Credit Card,Curbside Pickup,False,None,Rainy,False,349,False,253,154,-99.0,False,3.0
20232735,2023-11-30,Thursday,21126,130,1021,7.0,77.66,0.0,543.62,0.0,543.62,45.04,228.34,0.4200360545969612,Gift Card,Online,False,None,Windy,False,203,False,218,139,-79.0,False,1.0
20232736,2023-04-10,Monday,20904,104,1030,2.0,855.65,0.0,1711.3,0.0,1711.3,569.19,572.92,0.33478641968094425,Cash,Online,False,None,Snowy,False,57,False,218,175,-43.0,False,4.0
20232737,2023-03-02,Thursday,20805,105,1043,2.0,115.98,0.0,231.96,0.0,231.96,75.88,80.2,0.3457492671150199,Cash,Online,False,None,Snowy,False,486,False,371,320,-51.0,False,2.0
20232738,2024-11-06,Wednesday,20197,125,1007,1.0,1051.91,0.0,1051.91,0.0,1051.91,637.12,414.79,0.394320806913139,Gift Card,In-Store,False,None,Sunny,False,4,True,176,138,-38.0,False,3.0
20232739,2023-02-03,Friday,21066,135,1023,3.0,125.53,0.0,376.59,0.0,376.59,70.74,164.37,0.43646936987174395,Cash,Online,False,None,Rainy,False,261,False,252,313,61.0,False,2.0
20232740,2023-05-12,Friday,20118,146,1043,4.0,115.15,0.0,460.6,0.0,460.6,75.88,157.08,0.341033434650456,Digital Wallet,Mobile App,False,None,Sunny,False,109,False,104,149,45.0,False,3.0
20232741,2023-09-22,Friday,20120,129,1034,2.0,1536.15,0.0,3072.3,0.0,3072.3,1145.68,780.94,0.25418741659343164,Debit Card,Online,False,None,Cloudy,False,187,False,288,190,-98.0,False,5.0
20232742,2024-08-06,Tuesday,20614,149,1002,2.0,1229.58,0.0,2459.16,0.0,2459.16,759.3,940.56,0.38247206363148395,Gift Card,In-Store,False,None,Snowy,False,231,False,474,296,-178.0,False,4.0
20232743,2024-04-07,Sunday,21160,129,1030,2.0,888.06,0.33,1776.12,586.1196,1190.0004,569.19,51.6204,0.04337847281395855,Credit Card,Online,True,Loyalty Reward,Sunny,False,15,True,288,309,21.0,False,3.0
20232744,2024-12-13,Friday,21032,126,1027,4.0,57.21,0.0,228.84,0.0,228.84,37.44,79.08,0.3455689564761406,Cash,In-Store,False,None,Snowy,False,8,True,308,196,-112.0,False,5.0
20232745,2024-07-18,Thursday,20957,130,1022,4.0,323.19,0.0,1292.76,0.0,1292.76,187.99,540.8,0.41832977505492125,Credit Card,In-Store,False,None,Rainy,False,33,False,386,255,-131.0,False,2.0
20232746,2023-12-21,Thursday,20411,134,1010,4.0,396.39,0.0,1585.56,0.0,1585.56,261.42,539.88,0.340497994399455,EBT,Mobile App,False,None,Cloudy,False,120,False,336,274,-62.0,False,2.0
20232747,2023-06-07,Wednesday,20835,120,1001,1.0,635.93,0.3,635.93,190.779,445.151,419.73,25.421,0.05710646499727045,Cash,Online,True,Manufacturer Rebate,Sunny,False,422,False,343,473,130.0,False,2.0
20232748,2023-02-15,Wednesday,20215,131,1008,3.0,642.19,0.26,1926.57,500.9082,1425.6618,397.4,233.4618,0.16375679000447388,Debit Card,In-Store,True,Clearance,Stormy,False,265,False,114,119,5.0,False,2.0
20232749,2024-12-09,Monday,20536,104,1016,2.0,389.71,0.0,779.42,0.0,779.42,263.25,252.92,0.3244977034204921,Gift Card,Online,False,None,Snowy,False,289,False,130,78,-52.0,False,3.0
20232750,2023-11-29,Wednesday,20486,119,1038,4.0,140.11,0.0,560.44,0.0,560.44,88.81,205.2,0.3661408893012633,Gift Card,Mobile App,False,None,Sunny,True,408,False,196,267,71.0,False,5.0
20232751,2024-05-23,Thursday,21004,138,1004,1.0,679.22,0.0,679.22,0.0,679.22,445.03,234.19,0.34479255616736854,Debit Card,In-Store,False,None,Cloudy,False,423,False,327,427,100.0,False,3.0
20232752,2023-05-19,Friday,20900,147,1047,3.0,403.65,0.13,1210.95,157.4235,1053.5265,273.17,234.0165,0.22212682832372985,Gift Card,Mobile App,True,Loyalty Reward,Stormy,False,130,False,447,517,70.0,False,2.0
20232753,2024-05-21,Tuesday,20585,150,1031,4.0,520.82,0.32,2083.28,666.6496,1416.6304,402.09,-191.7296,-0.13534200593182236,Digital Wallet,Curbside Pickup,True,Loyalty Reward,Snowy,False,507,False,327,254,-73.0,False,2.0
20232754,2024-10-28,Monday,20379,105,1024,2.0,496.07,0.0,992.14,0.0,992.14,283.62,424.9,0.42826617211280665,Cash,Curbside Pickup,False,None,Cloudy,False,105,False,333,314,-19.0,False,3.0
20232755,2023-08-13,Sunday,20900,147,1044,2.0,67.7,0.0,135.4,0.0,135.4,46.06,43.28,0.31964549483013294,Debit Card,Online,False,None,Rainy,False,279,False,467,294,-173.0,False,4.0
20232756,2023-05-07,Sunday,20841,138,1005,1.0,1186.21,0.0,1186.21,0.0,1186.21,774.22,411.99,0.3473162424865749,Digital Wallet,In-Store,False,None,Sunny,False,475,False,322,202,-120.0,False,2.0
20232757,2024-04-25,Thursday,20441,133,1046,1.0,563.73,0.0,563.73,0.0,563.73,345.33,218.4,0.38741950933957753,EBT,Online,False,None,Cloudy,False,518,False,444,403,-41.0,False,5.0
20232758,2024-04-21,Sunday,20475,146,1040,3.0,93.69,0.0,281.07,0.0,281.07,47.28,139.23,0.49535702849823887,EBT,Mobile App,False,None,Windy,False,35,False,391,246,-145.0,False,5.0
20232759,2024-12-02,Monday,20786,141,1044,6.0,69.77,0.0,418.62,0.0,418.62,46.06,142.26,0.3398308728679948,Credit Card,In-Store,False,None,Snowy,False,212,False,374,351,-23.0,False,3.0
20232760,2024-07-29,Monday,20614,149,1050,2.0,1358.07,0.33,2716.14,896.3262,1819.8138,742.28,335.2538,0.1842242321714452,Cash,Online,True,Percentage Discount,Sunny,False,176,False,376,528,152.0,False,4.0
20232761,2023-05-22,Monday,20825,102,1035,2.0,764.14,0.0,1528.28,0.0,1528.28,403.28,721.72,0.4722433062004345,Cash,Mobile App,False,None,Cloudy,False,384,False,480,356,-124.0,False,2.0
20232762,2023-03-03,Friday,20760,134,1028,4.0,780.57,0.0,3122.28,0.0,3122.28,494.36,1144.84,0.36666794778174927,Digital Wallet,Online,False,None,Windy,False,492,False,148,118,-30.0,False,2.0
20232763,2023-12-08,Friday,20927,112,1036,1.0,1132.42,0.0,1132.42,0.0,1132.42,738.32,394.1,0.3480157538722382,Digital Wallet,Mobile App,False,None,Windy,False,34,False,22,15,-7.0,False,2.0
20232764,2024-12-13,Friday,20420,115,1015,2.0,239.08,0.21,478.16,100.4136,377.7464,149.38,78.9864,0.20909901457697547,Cash,In-Store,True,BOGO,Sunny,False,263,False,235,325,90.0,False,3.0
20232765,2023-02-16,Thursday,20358,125,1028,1.0,760.05,0.06,760.05,45.603,714.447,494.36,220.087,0.3080522418038007,Cash,Curbside Pickup,True,Percentage Discount,Rainy,False,200,False,89,74,-15.0,False,2.0
20232766,2024-12-14,Saturday,20323,108,1018,4.0,362.93,0.0,1451.72,0.0,1451.72,198.14,659.16,0.45405450086793603,Cash,Online,False,None,Snowy,False,121,False,472,486,14.0,False,1.0
20232767,2023-02-12,Sunday,20733,105,1003,1.0,1901.66,0.0,1901.66,0.0,1901.66,1394.94,506.72,0.2664619332583112,EBT,In-Store,False,None,Cloudy,False,88,False,125,127,2.0,False,4.0
20232768,2024-02-04,Sunday,20298,122,1007,2.0,1137.69,0.0,2275.38,0.0,2275.38,637.12,1001.14,0.439988045952764,Gift Card,Mobile App,False,None,Rainy,False,69,False,286,278,-8.0,False,5.0
20232769,2024-07-17,Wednesday,20578,142,1021,3.0,79.6,0.0,238.8,0.0,238.8,45.04,103.68,0.4341708542713567,Gift Card,Online,False,None,Stormy,False,224,False,142,151,9.0,True,1.0
20232770,2023-10-14,Saturday,21128,102,1004,4.0,676.67,0.0,2706.68,0.0,2706.68,445.03,926.56,0.34232343683036043,EBT,Mobile App,False,None,Sunny,False,83,False,398,287,-111.0,False,3.0
20232771,2024-07-12,Friday,20210,127,1001,2.0,617.55,0.0,1235.1,0.0,1235.1,419.73,395.64,0.32033033762448376,Debit Card,Mobile App,False,None,Snowy,False,385,False,38,40,2.0,False,3.0
20232772,2024-11-03,Sunday,20550,136,1010,1.0,418.39,0.0,418.39,0.0,418.39,261.42,156.97,0.37517627094337813,Debit Card,Mobile App,False,None,Sunny,False,221,False,333,384,51.0,False,2.0
20232773,2024-12-01,Sunday,20157,112,1037,2.0,408.92,0.0,817.84,0.0,817.84,270.26,277.32,0.339088330235743,Debit Card,Curbside Pickup,False,None,Rainy,False,469,False,376,524,148.0,False,4.0
20232774,2024-04-08,Monday,20952,143,1045,7.0,233.38,0.0,1633.66,0.0,1633.66,159.92,514.22,0.3147656183049105,EBT,Curbside Pickup,False,None,Sunny,False,162,False,166,164,-2.0,False,5.0
20232775,2023-12-23,Saturday,20087,142,1028,4.0,773.52,0.0,3094.08,0.0,3094.08,494.36,1116.64,0.360895645878581,Gift Card,In-Store,False,None,Stormy,False,265,False,406,300,-106.0,False,2.0
20232776,2023-09-16,Saturday,20458,111,1029,2.0,2244.86,0.15,4489.72,673.458,3816.262,1429.66,956.942,0.2507537480393118,Gift Card,Curbside Pickup,True,Clearance,Rainy,False,112,False,224,175,-49.0,False,1.0
20232777,2023-03-06,Monday,20729,135,1011,2.0,863.69,0.0,1727.38,0.0,1727.38,618.67,490.04,0.2836897497944865,Credit Card,Curbside Pickup,False,None,Snowy,False,219,False,50,31,-19.0,False,3.0
20232778,2023-01-13,Friday,20694,123,1012,3.0,235.0,0.0,705.0,0.0,705.0,173.37,184.89,0.26225531914893613,Digital Wallet,Mobile App,False,None,Sunny,False,514,False,451,348,-103.0,True,4.0
20232779,2023-07-06,Thursday,20931,102,1033,2.0,832.58,0.0,1665.16,0.0,1665.16,465.85,733.46,0.4404741886665546,EBT,Curbside Pickup,False,None,Cloudy,False,101,False,465,406,-59.0,False,4.0
20232780,2023-12-11,Monday,20505,133,1006,5.0,281.93,0.0,1409.65,0.0,1409.65,163.55,591.9,0.4198914624197496,EBT,Curbside Pickup,False,None,Sunny,False,405,False,385,361,-24.0,False,5.0
20232781,2023-05-31,Wednesday,20656,141,1019,2.0,1358.9,0.0,2717.8,0.0,2717.8,867.36,983.08,0.36171903745676653,Cash,Curbside Pickup,False,None,Cloudy,False,424,False,205,151,-54.0,False,4.0
20232782,2024-04-16,Tuesday,21015,113,1029,2.0,2288.96,0.0,4577.92,0.0,4577.92,1429.66,1718.6,0.3754106668530686,Digital Wallet,In-Store,False,None,Snowy,False,137,False,210,268,58.0,False,5.0
20232783,2023-05-29,Monday,21128,133,1050,1.0,1275.05,0.15,1275.05,191.2575,1083.7925,742.28,341.5125,0.3151087500605513,Gift Card,In-Store,True,Bundle Deal,Sunny,False,479,False,405,498,93.0,False,4.0
20232784,2023-05-14,Sunday,20313,142,1034,1.0,1559.84,0.0,1559.84,0.0,1559.84,1145.68,414.16,0.26551441173453677,Digital Wallet,Online,False,None,Cloudy,False,62,False,163,110,-53.0,False,3.0
20232785,2024-11-05,Tuesday,20978,107,1001,2.0,649.38,0.0,1298.76,0.0,1298.76,419.73,459.3,0.3536450152453109,Digital Wallet,Mobile App,False,None,Snowy,False,78,False,412,534,122.0,False,2.0
20232786,2023-06-25,Sunday,20465,128,1010,4.0,391.45,0.1,1565.8,156.58,1409.22,261.42,363.54,0.25797249542299994,Debit Card,In-Store,True,BOGO,Sunny,False,298,False,57,44,-13.0,False,1.0
20232787,2023-06-16,Friday,20568,108,1043,5.0,112.93,0.19,564.65,107.2835,457.3665,75.88,77.9665,0.17046832245037644,Gift Card,Online,True,BOGO,Rainy,False,425,False,181,246,65.0,False,2.0
20232788,2023-10-31,Tuesday,20336,143,1045,7.0,233.95,0.0,1637.65,0.0,1637.65,159.92,518.21,0.31643513571275916,EBT,In-Store,False,None,Sunny,False,279,False,237,312,75.0,False,2.0
20232789,2023-05-24,Wednesday,20932,137,1031,3.0,546.38,0.0,1639.14,0.0,1639.14,402.09,432.87,0.26408360481716014,Credit Card,Curbside Pickup,False,None,Cloudy,False,199,False,165,189,24.0,False,3.0
20232790,2023-12-10,Sunday,20731,139,1023,2.0,131.27,0.0,262.54,0.0,262.54,70.74,121.06,0.46111068789517795,Gift Card,Online,False,None,Cloudy,False,451,False,144,194,50.0,False,5.0
20232791,2023-01-27,Friday,20081,132,1032,2.0,947.92,0.17,1895.84,322.2928,1573.5472,572.31,428.9272,0.2725861671006755,Debit Card,Mobile App,True,Percentage Discount,Sunny,False,450,False,189,176,-13.0,False,3.0
20232792,2023-12-01,Friday,20858,150,1015,7.0,257.07,0.25,1799.49,449.8725,1349.6175,149.38,303.9575,0.2252175153330482,Debit Card,Mobile App,True,BOGO,Snowy,False,295,False,175,238,63.0,False,2.0
20232793,2023-12-24,Sunday,20566,150,1045,3.0,220.78,0.1,662.34,66.234,596.106,159.92,116.346,0.1951766967619853,Credit Card,Mobile App,True,Clearance,Sunny,True,199,False,309,188,-121.0,False,3.0
20232794,2023-04-23,Sunday,20123,140,1027,3.0,56.71,0.0,170.13,0.0,170.13,37.44,57.81,0.33979897725268915,Debit Card,Curbside Pickup,False,None,Sunny,False,470,False,316,201,-115.0,False,1.0
20232795,2024-03-31,Sunday,20821,150,1042,3.0,410.62,0.3,1231.86,369.558,862.302,233.03,163.212,0.1892747552481614,Cash,Curbside Pickup,True,BOGO,Windy,False,422,False,124,176,52.0,False,1.0
20232796,2023-11-06,Monday,20959,116,1015,5.0,242.11,0.0,1210.55,0.0,1210.55,149.38,463.65,0.3830077237619265,Debit Card,Online,False,None,Sunny,False,428,False,249,169,-80.0,True,4.0
20232797,2023-06-04,Sunday,21047,132,1023,3.0,127.8,0.19,383.4,72.846,310.554,70.74,98.334,0.3166405842462181,Digital Wallet,Online,True,Percentage Discount,Cloudy,False,143,False,98,63,-35.0,False,5.0
20232798,2023-12-01,Friday,20771,108,1006,7.0,263.18,0.0,1842.26,0.0,1842.26,163.55,697.41,0.3785622007751348,Gift Card,Mobile App,False,None,Windy,False,392,False,285,390,105.0,False,4.0
20232799,2024-12-01,Sunday,20302,145,1043,4.0,116.35,0.25,465.4,116.35,349.05,75.88,45.53,0.13043976507663652,EBT,In-Store,True,Loyalty Reward,Sunny,False,95,False,439,352,-87.0,False,4.0
20232800,2023-06-21,Wednesday,20804,127,1039,1.0,96.93,0.0,96.93,0.0,96.93,71.53,25.4,0.2620447745795936,Digital Wallet,Online,False,None,Rainy,False,136,False,375,319,-56.0,False,2.0
20232801,2023-08-10,Thursday,20979,146,1045,3.0,230.77,0.0,692.31,0.0,692.31,159.92,212.55,0.30701564328118913,EBT,Mobile App,False,None,Cloudy,False,438,False,405,479,74.0,False,3.0
20232802,2023-11-11,Saturday,20762,136,1020,3.0,355.31,0.0,1065.93,0.0,1065.93,190.07,495.72,0.4650586811516704,Cash,Mobile App,False,None,Stormy,False,383,False,361,406,45.0,False,3.0
20232803,2024-01-26,Friday,20702,116,1037,2.0,392.59,0.0,785.18,0.0,785.18,270.26,244.66,0.3115973407371558,Digital Wallet,Curbside Pickup,False,None,Cloudy,False,338,False,170,118,-52.0,False,1.0
20232804,2023-11-11,Saturday,20693,129,1012,6.0,255.92,0.0,1535.52,0.0,1535.52,173.37,495.3,0.3225617380431385,Debit Card,Mobile App,False,None,Cloudy,False,512,False,456,342,-114.0,False,1.0
20232805,2023-02-27,Monday,20306,104,1023,5.0,129.4,0.0,647.0,0.0,647.0,70.74,293.3,0.45332302936630603,Digital Wallet,Curbside Pickup,False,None,Cloudy,False,56,False,192,230,38.0,False,3.0
20232806,2024-12-20,Friday,20872,144,1016,4.0,390.26,0.26,1561.04,405.8704,1155.1696,263.25,102.1696,0.0884455408106307,Credit Card,Online,True,Loyalty Reward,Cloudy,False,377,False,450,326,-124.0,False,5.0
20232807,2023-08-07,Monday,21139,139,1010,4.0,400.52,0.0,1602.08,0.0,1602.08,261.42,556.4,0.3472985119344851,Cash,Mobile App,False,None,Windy,False,34,False,385,500,115.0,False,4.0
20232808,2023-09-17,Sunday,21196,141,1033,1.0,792.55,0.0,792.55,0.0,792.55,465.85,326.7,0.41221374045801523,Credit Card,In-Store,False,None,Stormy,False,120,False,166,188,22.0,False,1.0
20232809,2023-09-07,Thursday,20441,133,1008,1.0,618.13,0.26,618.13,160.7138,457.4162,397.4,60.0162,0.13120698392404997,Cash,Online,True,Bundle Deal,Rainy,False,210,False,247,178,-69.0,False,1.0
20232810,2024-08-08,Thursday,20380,141,1005,1.0,1074.64,0.17,1074.64,182.6888,891.9512,774.22,117.7312,0.13199287135888157,Digital Wallet,Curbside Pickup,True,Clearance,Stormy,False,136,False,24,30,6.0,False,4.0
20232811,2023-11-15,Wednesday,20652,114,1025,4.0,521.33,0.0,2085.32,0.0,2085.32,301.28,880.2,0.4220934916463661,Digital Wallet,Online,False,None,Sunny,False,326,False,466,319,-147.0,False,2.0
20232812,2024-08-12,Monday,20219,121,1018,1.0,349.35,0.2,349.35,69.87,279.48,198.14,81.34,0.2910405037927581,Digital Wallet,In-Store,True,Clearance,Rainy,False,37,False,348,473,125.0,False,4.0
20232813,2023-05-25,Thursday,20073,116,1007,1.0,1104.88,0.24,1104.88,265.1712,839.7088,637.12,202.5888,0.24126077992751782,Gift Card,In-Store,True,Bundle Deal,Cloudy,False,358,False,274,344,70.0,False,5.0
20232814,2024-08-30,Friday,20567,130,1015,6.0,259.31,0.0,1555.86,0.0,1555.86,149.38,659.58,0.4239327445914157,EBT,Mobile App,False,None,Sunny,False,375,False,227,234,7.0,False,4.0
20232815,2024-04-05,Friday,20259,148,1033,1.0,867.01,0.11,867.01,95.3711,771.6389,465.85,305.7889,0.3962849721547216,Gift Card,Online,True,Bundle Deal,Stormy,False,382,False,310,293,-17.0,False,5.0
20232816,2024-04-26,Friday,20167,101,1025,4.0,565.16,0.0,2260.64,0.0,2260.64,301.28,1055.52,0.4669120249132989,Credit Card,Curbside Pickup,False,None,Windy,False,65,False,178,228,50.0,False,2.0
20232817,2024-09-19,Thursday,20382,126,1007,2.0,1077.73,0.0,2155.46,0.0,2155.46,637.12,881.22,0.4088315255212345,Credit Card,In-Store,False,None,Sunny,False,427,False,62,47,-15.0,False,2.0
20232818,2023-12-17,Sunday,20960,104,1050,1.0,1274.02,0.0,1274.02,0.0,1274.02,742.28,531.74,0.4173717838024521,Gift Card,Mobile App,False,None,Stormy,False,225,False,52,70,18.0,False,2.0
20232819,2023-09-14,Thursday,20857,122,1006,1.0,261.94,0.0,261.94,0.0,261.94,163.55,98.39,0.3756203710773459,EBT,In-Store,False,None,Cloudy,False,118,False,92,116,24.0,False,2.0
20232820,2023-08-08,Tuesday,21143,142,1033,1.0,830.49,0.06,830.49,49.8294,780.6606,465.85,314.8106,0.40326180160751035,Gift Card,Mobile App,True,Loyalty Reward,Cloudy,False,324,False,42,50,8.0,False,2.0
20232821,2024-11-17,Sunday,20413,104,1002,2.0,1291.56,0.23,2583.12,594.1176,1989.0024,759.3,470.4024,0.23650167541275968,Debit Card,Curbside Pickup,True,Percentage Discount,Sunny,False,27,False,269,303,34.0,False,5.0
20232822,2023-12-16,Saturday,20888,120,1037,1.0,386.37,0.08,386.37,30.9096,355.4604,270.26,85.2004,0.2396902721090732,Digital Wallet,Online,True,Percentage Discount,Sunny,False,66,False,134,85,-49.0,False,4.0
20232823,2024-01-08,Monday,20114,132,1002,1.0,1224.65,0.29,1224.65,355.1485,869.5015,759.3,110.2015,0.12674101194765058,Credit Card,Online,True,Percentage Discount,Sunny,False,84,False,468,639,171.0,False,3.0
20232824,2023-12-04,Monday,20180,123,1048,4.0,285.27,0.0,1141.08,0.0,1141.08,184.37,403.6,0.35370000350545094,Debit Card,Mobile App,False,None,Sunny,False,459,False,126,149,23.0,False,2.0
20232825,2024-08-03,Saturday,20175,101,1033,2.0,798.09,0.32,1596.18,510.7776,1085.4024,465.85,153.7024,0.1416086789563022,Credit Card,Curbside Pickup,True,Bundle Deal,Stormy,False,203,False,346,232,-114.0,True,5.0
20232826,2023-07-31,Monday,20042,143,1050,2.0,1312.54,0.0,2625.08,0.0,2625.08,742.28,1140.52,0.4344705685160071,Digital Wallet,Online,False,None,Windy,False,108,False,278,211,-67.0,False,5.0
20232827,2023-02-02,Thursday,20891,121,1048,1.0,260.34,0.0,260.34,0.0,260.34,184.37,75.97,0.2918107090727509,Credit Card,Curbside Pickup,False,None,Stormy,False,294,False,273,368,95.0,False,1.0
20232828,2023-09-21,Thursday,20726,102,1050,1.0,1209.25,0.21,1209.25,253.9425,955.3075,742.28,213.0275,0.22299364340801264,Gift Card,In-Store,True,BOGO,Snowy,False,344,False,468,531,63.0,False,4.0
20232829,2024-12-27,Friday,20183,141,1039,3.0,96.18,0.0,288.54,0.0,288.54,71.53,73.95,0.2562902890413808,Gift Card,Mobile App,False,None,Sunny,False,89,False,272,305,33.0,False,1.0
20232830,2023-11-05,Sunday,20094,131,1045,4.0,217.47,0.0,869.88,0.0,869.88,159.92,230.2,0.2646342024187245,Debit Card,Mobile App,False,None,Cloudy,False,200,False,260,253,-7.0,False,4.0
20232831,2023-12-12,Tuesday,20855,122,1026,4.0,228.43,0.0,913.72,0.0,913.72,130.01,393.68,0.430854090968787,Digital Wallet,Curbside Pickup,False,None,Cloudy,False,500,False,421,388,-33.0,False,2.0
20232832,2024-08-15,Thursday,20975,104,1022,1.0,339.0,0.0,339.0,0.0,339.0,187.99,151.01,0.44545722713864305,Digital Wallet,Mobile App,False,None,Sunny,False,316,False,325,310,-15.0,False,1.0
20232833,2023-03-11,Saturday,20580,102,1041,3.0,662.29,0.0,1986.87,0.0,1986.87,486.05,528.72,0.26610699240513963,Cash,Curbside Pickup,False,None,Rainy,False,66,False,267,298,31.0,False,2.0
20232834,2023-12-20,Wednesday,20619,138,1017,1.0,134.49,0.0,134.49,0.0,134.49,93.3,41.19,0.3062681240240911,Cash,Curbside Pickup,False,None,Rainy,False,394,False,41,52,11.0,False,3.0
20232835,2023-10-20,Friday,20827,135,1040,2.0,92.35,0.0,184.7,0.0,184.7,47.28,90.14,0.4880346507850568,Gift Card,Online,False,None,Rainy,False,257,False,391,503,112.0,False,2.0
20232836,2024-11-11,Monday,20232,119,1026,2.0,238.35,0.0,476.7,0.0,476.7,130.01,216.68,0.45454164044472417,EBT,Mobile App,False,None,Cloudy,False,209,False,156,139,-17.0,False,4.0
20232837,2024-07-22,Monday,20076,123,1022,2.0,320.22,0.0,640.44,0.0,640.44,187.99,264.46,0.4129348572856162,Cash,Curbside Pickup,False,None,Stormy,False,44,False,55,47,-8.0,False,3.0
20232838,2023-06-05,Monday,20767,108,1029,1.0,2189.4,0.0,2189.4,0.0,2189.4,1429.66,759.74,0.347008312779757,Credit Card,In-Store,False,None,Sunny,False,483,False,197,244,47.0,False,3.0
20232839,2024-11-07,Thursday,20815,117,1031,4.0,524.14,0.0,2096.56,0.0,2096.56,402.09,488.2,0.23285763345671007,Gift Card,In-Store,False,None,Snowy,False,274,False,459,648,189.0,False,4.0
20232840,2023-10-31,Tuesday,20011,132,1005,1.0,1136.17,0.0,1136.17,0.0,1136.17,774.22,361.95,0.3185702843764578,EBT,Mobile App,False,None,Stormy,False,101,False,391,453,62.0,False,2.0
20232841,2024-03-12,Tuesday,21077,109,1029,1.0,2109.85,0.0,2109.85,0.0,2109.85,1429.66,680.19,0.32238784747730875,Cash,Curbside Pickup,False,None,Rainy,False,71,False,26,24,-2.0,False,1.0
20232842,2024-02-13,Tuesday,20360,101,1029,1.0,2301.27,0.0,2301.27,0.0,2301.27,1429.66,871.61,0.3787517327388789,Cash,Online,False,None,Sunny,False,261,False,148,169,21.0,True,5.0
20232843,2023-10-08,Sunday,21079,117,1049,6.0,148.7,0.0,892.2,0.0,892.2,117.26,188.64,0.21143241425689294,Cash,In-Store,False,None,Rainy,False,303,False,327,266,-61.0,False,5.0
20232844,2023-10-30,Monday,20797,147,1049,3.0,150.33,0.12,450.99,54.1188,396.8712,117.26,45.0912,0.11361670990487584,Credit Card,In-Store,True,Bundle Deal,Cloudy,False,150,False,163,209,46.0,False,2.0
20232845,2024-11-15,Friday,20685,119,1046,4.0,570.85,0.09,2283.4,205.506,2077.894,345.33,696.574,0.3352307673057433,Digital Wallet,Curbside Pickup,True,Percentage Discount,Snowy,False,263,False,156,161,5.0,False,1.0
20232846,2023-06-08,Thursday,21067,122,1011,2.0,915.2,0.0,1830.4,0.0,1830.4,618.67,593.06,0.3240056818181819,Cash,In-Store,False,None,Snowy,False,208,False,366,276,-90.0,False,5.0
20232847,2024-06-03,Monday,20329,149,1040,4.0,83.72,0.0,334.88,0.0,334.88,47.28,145.76,0.4352603917821309,Digital Wallet,Online,False,None,Sunny,False,149,False,100,80,-20.0,False,4.0
20232848,2024-04-01,Monday,21011,125,1027,7.0,57.6,0.22,403.2,88.704,314.496,37.44,52.416,0.16666666666666666,Debit Card,In-Store,True,BOGO,Cloudy,False,155,False,251,263,12.0,False,2.0
20232849,2023-04-15,Saturday,20250,137,1011,2.0,857.02,0.0,1714.04,0.0,1714.04,618.67,476.7,0.27811486313038203,Digital Wallet,Curbside Pickup,False,None,Cloudy,False,119,False,192,224,32.0,False,5.0
20232850,2024-11-14,Thursday,20993,131,1016,4.0,373.84,0.0,1495.36,0.0,1495.36,263.25,442.36,0.29582174192167765,Debit Card,Curbside Pickup,False,None,Rainy,False,243,False,222,196,-26.0,False,3.0
20232851,2023-02-03,Friday,20815,117,1002,1.0,1225.23,0.2,1225.23,245.046,980.184,759.3,220.884,0.22534952621140522,Gift Card,Curbside Pickup,True,BOGO,Sunny,False,93,False,358,248,-110.0,False,1.0
20232852,2024-05-26,Sunday,20408,117,1022,4.0,343.56,0.0,1374.24,0.0,1374.24,187.99,622.28,0.4528175573407847,Digital Wallet,Online,False,None,Snowy,False,491,False,175,223,48.0,False,2.0
20232853,2023-11-08,Wednesday,20108,111,1020,2.0,351.63,0.0,703.26,0.0,703.26,190.07,323.12,0.45946022808065295,Digital Wallet,Mobile App,False,None,Cloudy,False,356,False,476,556,80.0,False,1.0
20232854,2024-10-24,Thursday,20433,119,1042,3.0,403.55,0.0,1210.65,0.0,1210.65,233.03,511.56,0.4225498699045967,Gift Card,Curbside Pickup,False,None,Snowy,False,423,False,464,390,-74.0,False,3.0
20232855,2023-09-28,Thursday,20953,141,1020,3.0,344.82,0.0,1034.46,0.0,1034.46,190.07,464.25,0.44878487326721184,EBT,Curbside Pickup,False,None,Sunny,False,358,False,130,177,47.0,False,4.0
20232856,2024-07-20,Saturday,20336,102,1033,1.0,796.04,0.1,796.04,79.604,716.436,465.85,250.586,0.3497674600383006,EBT,Online,True,Clearance,Cloudy,False,84,False,217,153,-64.0,False,1.0
20232857,2023-06-19,Monday,20898,101,1036,2.0,1136.79,0.0,2273.58,0.0,2273.58,738.32,796.94,0.35052208411404034,Gift Card,Mobile App,False,None,Cloudy,False,313,False,181,142,-39.0,False,3.0
20232858,2023-11-17,Friday,20735,138,1045,5.0,216.63,0.0,1083.15,0.0,1083.15,159.92,283.55,0.2617827632368556,Cash,Curbside Pickup,False,None,Sunny,False,127,False,445,323,-122.0,False,4.0
20232859,2024-11-12,Tuesday,20935,132,1010,2.0,393.78,0.15,787.56,118.134,669.426,261.42,146.586,0.21897267211013602,Gift Card,Mobile App,True,Manufacturer Rebate,Rainy,False,498,False,376,485,109.0,False,5.0
20232860,2023-01-31,Tuesday,20506,131,1024,1.0,515.74,0.0,515.74,0.0,515.74,283.62,232.12,0.4500717415752123,Credit Card,Online,False,None,Sunny,False,325,False,376,392,16.0,False,2.0
20232861,2024-02-10,Saturday,20688,110,1011,2.0,893.83,0.09,1787.66,160.8894,1626.7706,618.67,389.4306,0.23938876200491951,Gift Card,Mobile App,True,Bundle Deal,Sunny,False,168,False,382,511,129.0,False,1.0
20232862,2024-12-09,Monday,20255,119,1026,6.0,224.86,0.0,1349.16,0.0,1349.16,130.01,569.1,0.4218180201013965,EBT,Online,False,None,Cloudy,False,85,False,166,134,-32.0,False,3.0
20232863,2024-08-03,Saturday,21191,118,1017,5.0,122.0,0.14,610.0,85.4,524.6,93.3,58.1,0.11075104841784221,Credit Card,Mobile App,True,Bundle Deal,Sunny,False,234,False,332,360,28.0,False,1.0
20232864,2023-12-09,Saturday,20977,147,1003,2.0,1771.37,0.19,3542.74,673.1206,2869.6194,1394.94,79.7394,0.027787448049730736,Digital Wallet,Mobile App,True,Manufacturer Rebate,Cloudy,False,308,False,68,45,-23.0,False,3.0
20232865,2024-06-09,Sunday,20520,129,1012,6.0,242.9,0.0,1457.4,0.0,1457.4,173.37,417.18,0.2862494853849321,Credit Card,In-Store,False,None,Windy,False,128,False,171,177,6.0,False,4.0
20232866,2023-11-01,Wednesday,20141,105,1011,2.0,930.31,0.32,1860.62,595.3984,1265.2216,618.67,27.8816,0.022036930131448862,Cash,Online,True,Bundle Deal,Snowy,False,228,False,425,465,40.0,False,4.0
20232867,2023-03-07,Tuesday,21192,113,1019,1.0,1316.13,0.0,1316.13,0.0,1316.13,867.36,448.77,0.3409769551640036,Credit Card,In-Store,False,None,Windy,False,239,False,43,49,6.0,True,1.0
20232868,2024-11-20,Wednesday,21128,102,1021,3.0,75.9,0.0,227.7,0.0,227.7,45.04,92.58,0.4065876152832675,Gift Card,In-Store,False,None,Windy,False,364,False,352,225,-127.0,False,5.0
20232869,2024-09-25,Wednesday,20428,149,1048,5.0,263.38,0.0,1316.9,0.0,1316.9,184.37,395.05,0.29998481281798167,Gift Card,Mobile App,False,None,Sunny,False,236,False,240,261,21.0,False,3.0
20232870,2023-02-19,Sunday,20208,101,1014,3.0,223.99,0.0,671.97,0.0,671.97,172.18,155.43,0.23130496897182917,Digital Wallet,Mobile App,False,None,Sunny,False,91,False,414,470,56.0,False,4.0
20232871,2023-02-13,Monday,20389,130,1029,2.0,2261.95,0.35,4523.9,1583.365,2940.535,1429.66,81.215,0.0276191237308856,Credit Card,Mobile App,True,Percentage Discount,Sunny,False,40,False,233,312,79.0,False,4.0
20232872,2023-11-14,Tuesday,20613,116,1012,7.0,261.26,0.14,1828.82,256.0348,1572.7852,173.37,359.1952,0.2283815997251244,Cash,Curbside Pickup,True,Manufacturer Rebate,Rainy,False,466,False,366,225,-141.0,False,1.0
20232873,2023-04-19,Wednesday,21002,105,1015,6.0,248.48,0.0,1490.88,0.0,1490.88,149.38,594.6,0.39882485511912424,Cash,Mobile App,False,None,Stormy,False,248,False,247,186,-61.0,False,5.0
20232874,2023-04-11,Tuesday,20705,135,1005,1.0,1174.78,0.15,1174.78,176.217,998.563,774.22,224.343,0.22466584481900487,Debit Card,Mobile App,True,Loyalty Reward,Snowy,False,229,False,320,337,17.0,False,4.0
20232875,2024-07-08,Monday,21199,121,1002,2.0,1316.53,0.0,2633.06,0.0,2633.06,759.3,1114.46,0.42325659119047804,Cash,Curbside Pickup,False,None,Snowy,False,386,False,467,513,46.0,False,3.0
20232876,2023-02-04,Saturday,20885,127,1031,4.0,519.36,0.26,2077.44,540.1344,1537.3056,402.09,-71.0544,-0.046220087925263366,Cash,Mobile App,True,Percentage Discount,Stormy,False,332,False,342,491,149.0,False,3.0
20232877,2023-08-30,Wednesday,20729,135,1011,1.0,904.01,0.0,904.01,0.0,904.01,618.67,285.34,0.31563810134843645,Credit Card,Mobile App,False,None,Snowy,False,120,False,470,426,-44.0,True,5.0
20232878,2024-11-19,Tuesday,20201,141,1027,3.0,60.15,0.34,180.45,61.353,119.097,37.44,6.777,0.05690319655406927,Debit Card,Mobile App,True,Bundle Deal,Snowy,False,220,False,352,343,-9.0,False,1.0
20232879,2023-04-30,Sunday,20669,123,1045,4.0,239.61,0.0,958.44,0.0,958.44,159.92,318.76,0.33258211259964116,Debit Card,Online,False,None,Sunny,False,52,False,388,423,35.0,False,4.0
20232880,2024-06-04,Tuesday,21148,120,1030,2.0,843.85,0.0,1687.7,0.0,1687.7,569.19,549.32,0.32548438703561056,Gift Card,Mobile App,False,None,Cloudy,False,56,False,253,312,59.0,False,3.0
20232881,2024-08-18,Sunday,20421,108,1045,7.0,221.16,0.0,1548.12,0.0,1548.12,159.92,428.68,0.2769035992041961,Gift Card,In-Store,False,None,Sunny,False,296,False,428,385,-43.0,False,2.0
20232882,2023-03-19,Sunday,20823,108,1019,2.0,1232.01,0.0,2464.02,0.0,2464.02,867.36,729.3,0.29597974042418485,Gift Card,Mobile App,False,None,Windy,False,107,False,417,324,-93.0,False,1.0
20232883,2023-05-29,Monday,20208,118,1050,1.0,1313.61,0.1,1313.61,131.361,1182.249,742.28,439.969,0.37214580008103193,Gift Card,Online,True,BOGO,Rainy,False,520,False,105,70,-35.0,False,3.0
20232884,2023-02-13,Monday,20132,111,1043,7.0,113.99,0.0,797.93,0.0,797.93,75.88,266.77,0.3343275725940872,Credit Card,Online,False,None,Windy,False,298,False,454,524,70.0,False,3.0
20232885,2024-12-17,Tuesday,20357,106,1007,2.0,1054.91,0.2,2109.82,421.964,1687.856,637.12,413.616,0.2450540804428815,Gift Card,Curbside Pickup,True,Bundle Deal,Windy,False,265,False,39,47,8.0,False,2.0
20232886,2024-08-16,Friday,20496,138,1014,7.0,220.59,0.0,1544.13,0.0,1544.13,172.18,338.87,0.21945691101137862,Gift Card,Online,False,None,Cloudy,False,220,False,103,92,-11.0,False,3.0
20232887,2024-12-21,Saturday,20774,121,1018,1.0,340.92,0.27,340.92,92.0484,248.8716,198.14,50.7316,0.20384648147880277,EBT,Curbside Pickup,True,Loyalty Reward,Cloudy,False,475,False,21,21,0.0,False,4.0
20232888,2024-12-16,Monday,20145,131,1032,2.0,893.47,0.25,1786.94,446.735,1340.205,572.31,195.585,0.14593662909778732,Cash,Curbside Pickup,True,Manufacturer Rebate,Cloudy,False,112,False,459,380,-79.0,False,3.0
20232889,2023-11-16,Thursday,20536,104,1039,5.0,94.47,0.0,472.35,0.0,472.35,71.53,114.7,0.24282841113581038,Debit Card,Online,False,None,Cloudy,False,323,False,183,205,22.0,False,3.0
20232890,2024-04-10,Wednesday,20705,103,1004,2.0,733.03,0.24,1466.06,351.8544,1114.2056,445.03,224.1456,0.20117077135494568,Debit Card,Online,True,Loyalty Reward,Sunny,False,485,False,55,77,22.0,False,4.0
20232891,2023-10-12,Thursday,20349,137,1029,1.0,2155.55,0.14,2155.55,301.777,1853.773,1429.66,424.113,0.22878367523963292,Digital Wallet,Curbside Pickup,True,Bundle Deal,Cloudy,False,288,False,200,145,-55.0,False,1.0
20232892,2024-09-16,Monday,20713,148,1023,1.0,120.84,0.0,120.84,0.0,120.84,70.74,50.1,0.4145978152929494,Debit Card,In-Store,False,None,Sunny,False,153,False,159,123,-36.0,False,3.0
20232893,2024-12-18,Wednesday,20625,103,1021,4.0,76.73,0.0,306.92,0.0,306.92,45.04,126.76,0.4130066466831748,EBT,Online,False,None,Windy,False,127,False,401,409,8.0,False,4.0
20232894,2024-07-20,Saturday,20106,118,1001,1.0,633.59,0.0,633.59,0.0,633.59,419.73,213.86,0.3375368929433861,Gift Card,Curbside Pickup,False,None,Cloudy,False,271,False,62,52,-10.0,True,5.0
20232895,2024-12-18,Wednesday,20338,121,1036,1.0,1149.07,0.0,1149.07,0.0,1149.07,738.32,410.75,0.3574629918107686,EBT,Online,False,None,Rainy,False,120,False,332,478,146.0,False,4.0
20232896,2023-09-16,Saturday,20426,135,1032,2.0,940.67,0.06,1881.34,112.8804,1768.4596,572.31,623.8396,0.3527587511753167,EBT,Mobile App,True,Bundle Deal,Cloudy,False,453,False,154,205,51.0,False,4.0
20232897,2024-11-10,Sunday,20747,133,1009,1.0,1741.19,0.2,1741.19,348.238,1392.952,1077.88,315.072,0.22619013433341556,Debit Card,Online,True,Manufacturer Rebate,Sunny,False,211,False,208,152,-56.0,False,3.0
20232898,2024-05-23,Thursday,20189,134,1037,3.0,406.97,0.31,1220.91,378.4821,842.4279,270.26,31.6479,0.03756748797137435,EBT,Curbside Pickup,True,Percentage Discount,Windy,False,74,False,379,404,25.0,False,5.0
20232899,2024-12-19,Thursday,20771,108,1012,7.0,244.75,0.24,1713.25,411.18,1302.07,173.37,88.48,0.06795333584215886,Gift Card,Mobile App,True,Percentage Discount,Cloudy,False,247,False,409,437,28.0,True,4.0
20232900,2023-05-05,Friday,20719,106,1023,1.0,121.72,0.0,121.72,0.0,121.72,70.74,50.98,0.4188301018731515,Credit Card,In-Store,False,None,Sunny,False,251,False,278,354,76.0,False,4.0
20232901,2023-01-30,Monday,20343,119,1037,2.0,418.36,0.0,836.72,0.0,836.72,270.26,296.2,0.3540013385600918,Gift Card,Online,False,None,Sunny,False,42,False,316,198,-118.0,False,1.0
20232902,2023-11-26,Sunday,20615,125,1021,1.0,78.57,0.0,78.57,0.0,78.57,45.04,33.53,0.4267532136947944,Digital Wallet,Online,False,None,Sunny,False,118,False,75,48,-27.0,False,5.0
20232903,2024-12-10,Tuesday,21074,128,1021,4.0,80.81,0.0,323.24,0.0,323.24,45.04,143.08,0.442643237223116,Gift Card,In-Store,False,None,Sunny,False,198,False,91,102,11.0,False,1.0
20232904,2024-11-09,Saturday,20372,122,1009,2.0,1725.35,0.0,3450.7,0.0,3450.7,1077.88,1294.94,0.3752687860434114,Credit Card,Online,False,None,Cloudy,False,44,False,206,205,-1.0,False,4.0
20232905,2023-11-12,Sunday,20576,107,1007,1.0,1099.05,0.0,1099.05,0.0,1099.05,637.12,461.93,0.4202993494381511,EBT,Curbside Pickup,False,None,Snowy,False,195,False,473,391,-82.0,False,1.0
20232906,2023-08-19,Saturday,20436,126,1003,1.0,1916.13,0.29,1916.13,555.6777,1360.4523,1394.94,-34.4877,-0.025350172144954955,Debit Card,Curbside Pickup,True,Percentage Discount,Cloudy,False,126,False,56,52,-4.0,False,3.0
20232907,2023-03-14,Tuesday,20921,142,1023,6.0,132.93,0.0,797.58,0.0,797.58,70.74,373.14,0.4678402166553826,Digital Wallet,Mobile App,False,None,Snowy,False,508,False,429,601,172.0,False,4.0
20232908,2024-12-02,Monday,20122,135,1033,1.0,864.94,0.0,864.94,0.0,864.94,465.85,399.09,0.46140772770365573,Credit Card,In-Store,False,None,Cloudy,False,471,False,111,140,29.0,False,1.0
20232909,2024-12-19,Thursday,20103,107,1027,1.0,58.21,0.0,58.21,0.0,58.21,37.44,20.77,0.35681154440817736,Digital Wallet,Online,False,None,Rainy,False,486,False,198,193,-5.0,False,3.0
20232910,2024-06-25,Tuesday,20603,132,1031,1.0,518.11,0.0,518.11,0.0,518.11,402.09,116.02,0.22392928142672414,Digital Wallet,In-Store,False,None,Windy,False,132,False,156,191,35.0,False,3.0
20232911,2023-06-29,Thursday,21085,129,1032,1.0,961.55,0.18,961.55,173.079,788.471,572.31,216.161,0.2741521248086487,Cash,Online,True,Bundle Deal,Stormy,False,248,False,453,507,54.0,False,5.0
20232912,2024-04-07,Sunday,21135,102,1033,1.0,823.94,0.22,823.94,181.2668,642.6732,465.85,176.8232,0.2751370369886282,Cash,Curbside Pickup,True,BOGO,Stormy,False,140,False,199,229,30.0,False,3.0
20232913,2024-12-26,Thursday,21069,144,1019,1.0,1239.79,0.0,1239.79,0.0,1239.79,867.36,372.43,0.3003976479887723,EBT,Curbside Pickup,False,None,Cloudy,False,134,False,116,83,-33.0,False,3.0
20232914,2023-03-12,Sunday,21067,122,1022,2.0,329.61,0.0,659.22,0.0,659.22,187.99,283.24,0.42965929431752675,EBT,Curbside Pickup,False,None,Cloudy,False,400,False,395,298,-97.0,False,2.0
20232915,2024-12-20,Friday,20390,113,1016,3.0,387.82,0.0,1163.46,0.0,1163.46,263.25,373.71,0.32120571399102676,Credit Card,Curbside Pickup,False,None,Windy,False,393,False,279,270,-9.0,False,5.0
20232916,2024-09-17,Tuesday,20987,112,1014,3.0,237.1,0.0,711.3,0.0,711.3,172.18,194.76,0.27380851961197805,Cash,Mobile App,False,None,Windy,False,128,False,198,186,-12.0,False,4.0
20232917,2023-02-25,Saturday,21192,113,1041,4.0,650.18,0.0,2600.72,0.0,2600.72,486.05,656.52,0.25243778645913434,Debit Card,Mobile App,False,None,Snowy,False,464,False,290,345,55.0,False,4.0
20232918,2023-01-18,Wednesday,20767,108,1047,3.0,375.15,0.0,1125.45,0.0,1125.45,273.17,305.94,0.27183793149406893,EBT,Curbside Pickup,False,None,Windy,False,313,False,122,123,1.0,False,4.0
20232919,2023-11-18,Saturday,20312,148,1048,6.0,269.16,0.0,1614.96,0.0,1614.96,184.37,508.74,0.3150170902065686,Cash,Online,False,None,Sunny,False,151,False,107,78,-29.0,False,3.0
20232920,2023-11-21,Tuesday,20763,116,1004,1.0,679.6,0.23,679.6,156.308,523.292,445.03,78.262,0.14955703507792983,Cash,Online,True,BOGO,Sunny,False,371,False,398,255,-143.0,False,4.0
20232921,2024-10-18,Friday,20615,125,1015,3.0,235.42,0.11,706.26,77.6886,628.5714,149.38,180.4314,0.2870499675931804,Cash,Curbside Pickup,True,Percentage Discount,Rainy,False,52,False,475,548,73.0,False,3.0
20232922,2023-11-09,Thursday,20404,135,1040,3.0,85.28,0.0,255.84,0.0,255.84,47.28,114.0,0.4455909943714822,Gift Card,In-Store,False,None,Rainy,False,316,False,184,212,28.0,True,1.0
20232923,2023-12-26,Tuesday,20550,115,1031,3.0,533.28,0.0,1599.84,0.0,1599.84,402.09,393.57,0.24600585058505847,Debit Card,Curbside Pickup,False,None,Windy,False,456,False,462,346,-116.0,False,2.0
20232924,2024-02-15,Thursday,20865,117,1030,2.0,939.6,0.0,1879.2,0.0,1879.2,569.19,740.82,0.39422094508301403,Digital Wallet,In-Store,False,None,Stormy,False,205,False,166,123,-43.0,False,4.0
20232925,2024-09-13,Friday,20224,126,1040,5.0,89.2,0.0,446.0,0.0,446.0,47.28,209.6,0.46995515695067264,Debit Card,Online,False,None,Snowy,False,486,False,279,287,8.0,False,4.0
20232926,2023-02-20,Monday,20980,132,1010,2.0,410.9,0.0,821.8,0.0,821.8,261.42,298.96,0.3637868094426867,Digital Wallet,Mobile App,False,None,Sunny,False,414,False,150,156,6.0,False,2.0
20232927,2024-12-03,Tuesday,20767,108,1033,1.0,830.21,0.0,830.21,0.0,830.21,465.85,364.36,0.438876910661158,Credit Card,In-Store,False,None,Snowy,False,312,False,402,293,-109.0,False,4.0
20232928,2023-11-24,Friday,20022,122,1027,1.0,62.07,0.0,62.07,0.0,62.07,37.44,24.63,0.3968100531657806,EBT,Online,False,None,Sunny,False,279,False,150,195,45.0,False,2.0
20232929,2024-12-21,Saturday,20343,139,1005,2.0,1104.61,0.08,2209.22,176.7376,2032.4824,774.22,484.0424,0.2381533045501402,Debit Card,Online,True,Manufacturer Rebate,Sunny,False,384,False,26,36,10.0,False,5.0
20232930,2023-07-23,Sunday,20325,113,1034,2.0,1537.38,0.29,3074.76,891.6804,2183.0796,1145.68,-108.2804,-0.04959984051887072,EBT,In-Store,True,Clearance,Windy,False,298,False,224,136,-88.0,False,1.0
20232931,2024-11-24,Sunday,20664,140,1015,1.0,237.99,0.0,237.99,0.0,237.99,149.38,88.61,0.37232656834320776,Gift Card,In-Store,False,None,Cloudy,False,378,False,277,379,102.0,False,3.0
20232932,2024-11-23,Saturday,20445,142,1014,1.0,234.57,0.14,234.57,32.8398,201.7302,172.18,29.5502,0.14648376891511528,Cash,Mobile App,True,Clearance,Cloudy,False,131,False,422,268,-154.0,False,1.0
20232933,2023-08-03,Thursday,20692,150,1045,5.0,240.07,0.0,1200.35,0.0,1200.35,159.92,400.75,0.3338609572208106,Gift Card,Mobile App,False,None,Windy,False,355,False,186,254,68.0,False,4.0
20232934,2024-01-09,Tuesday,20905,147,1009,1.0,1710.86,0.0,1710.86,0.0,1710.86,1077.88,632.98,0.36997767204797577,Debit Card,In-Store,False,None,Cloudy,False,218,False,88,125,37.0,False,3.0
20232935,2024-06-14,Friday,20820,138,1027,4.0,56.72,0.0,226.88,0.0,226.88,37.44,77.12,0.33991537376586745,EBT,In-Store,False,None,Snowy,False,174,False,47,32,-15.0,False,4.0
20232936,2024-09-04,Wednesday,20287,140,1025,3.0,557.63,0.0,1672.89,0.0,1672.89,301.28,769.05,0.4597134300521851,EBT,In-Store,False,None,Rainy,False,304,False,357,228,-129.0,False,1.0
20232937,2023-01-18,Wednesday,20483,149,1004,3.0,713.56,0.0,2140.68,0.0,2140.68,445.03,805.59,0.3763243455350636,Debit Card,Curbside Pickup,False,None,Stormy,False,454,False,217,284,67.0,False,3.0
20232938,2023-06-14,Wednesday,20558,126,1047,1.0,382.71,0.0,382.71,0.0,382.71,273.17,109.54,0.28622194350813923,Credit Card,Online,False,None,Cloudy,False,343,False,385,376,-9.0,False,2.0
20232939,2023-07-27,Thursday,20913,119,1005,1.0,1170.08,0.0,1170.08,0.0,1170.08,774.22,395.86,0.3383187474360727,Cash,Curbside Pickup,False,None,Stormy,False,235,False,33,29,-4.0,False,4.0
20232940,2024-11-16,Saturday,20128,129,1032,1.0,939.99,0.0,939.99,0.0,939.99,572.31,367.68,0.3911530973733764,EBT,Mobile App,False,None,Rainy,False,4,True,261,214,-47.0,False,4.0
20232941,2024-09-07,Saturday,20785,128,1044,6.0,69.68,0.0,418.08,0.0,418.08,46.06,141.72,0.3389781859931114,EBT,Curbside Pickup,False,None,Snowy,False,493,False,219,223,4.0,False,1.0
20232942,2024-10-28,Monday,21126,130,1026,6.0,240.82,0.0,1444.92,0.0,1444.92,130.01,664.86,0.4601362013121834,Cash,Curbside Pickup,False,None,Sunny,False,100,False,297,267,-30.0,False,3.0
20232943,2024-07-22,Monday,20078,119,1042,2.0,448.8,0.18,897.6,161.568,736.032,233.03,269.972,0.36679383505065,Cash,In-Store,True,BOGO,Snowy,False,515,False,277,240,-37.0,False,5.0
20232944,2024-12-08,Sunday,20288,124,1006,3.0,273.59,0.0,820.77,0.0,820.77,163.55,330.12,0.40220768302935045,EBT,Mobile App,False,None,Cloudy,False,80,False,472,329,-143.0,False,5.0
20232945,2023-02-24,Friday,20492,129,1031,3.0,556.28,0.0,1668.84,0.0,1668.84,402.09,462.57,0.2771805565542532,Debit Card,Online,False,None,Sunny,False,216,False,328,389,61.0,False,2.0
20232946,2023-09-04,Monday,20870,120,1003,1.0,1918.61,0.0,1918.61,0.0,1918.61,1394.94,523.67,0.2729423905848504,Cash,Curbside Pickup,False,None,Cloudy,False,506,False,298,337,39.0,False,3.0
20232947,2024-09-25,Wednesday,20641,129,1041,3.0,671.25,0.0,2013.75,0.0,2013.75,486.05,555.6,0.27590316573556795,Credit Card,Mobile App,False,None,Snowy,False,197,False,326,383,57.0,False,1.0
20232948,2023-09-12,Tuesday,21000,132,1007,1.0,1024.98,0.0,1024.98,0.0,1024.98,637.12,387.86,0.37840738355870357,Gift Card,Curbside Pickup,False,None,Sunny,False,441,False,220,198,-22.0,False,4.0
20232949,2023-08-06,Sunday,20839,116,1034,1.0,1650.76,0.0,1650.76,0.0,1650.76,1145.68,505.08,0.305968160120187,Cash,Curbside Pickup,False,None,Sunny,False,70,False,437,325,-112.0,False,4.0
20232950,2023-04-19,Wednesday,20957,130,1009,1.0,1835.65,0.15,1835.65,275.3475,1560.3025,1077.88,482.4225,0.3091852381188903,Gift Card,In-Store,True,Bundle Deal,Cloudy,False,308,False,359,425,66.0,False,1.0
20232951,2024-11-08,Friday,21049,103,1006,4.0,281.36,0.28,1125.44,315.1232,810.3168,163.55,156.1168,0.19266143809433545,Digital Wallet,Online,True,Bundle Deal,Rainy,False,359,False,215,144,-71.0,False,5.0
20232952,2023-11-13,Monday,20120,129,1019,1.0,1222.17,0.0,1222.17,0.0,1222.17,867.36,354.81,0.29031149512751914,Cash,Mobile App,False,None,Snowy,False,5,True,256,347,91.0,False,2.0
20232953,2023-10-14,Saturday,20262,140,1010,4.0,397.33,0.0,1589.32,0.0,1589.32,261.42,543.64,0.3420582387436136,Gift Card,In-Store,False,None,Windy,False,294,False,42,43,1.0,False,1.0
20232954,2023-07-23,Sunday,20793,121,1034,2.0,1656.81,0.0,3313.62,0.0,3313.62,1145.68,1022.26,0.30850248368853395,Debit Card,Mobile App,False,None,Snowy,False,193,False,286,347,61.0,True,2.0
20232955,2023-12-29,Friday,20551,132,1042,2.0,447.96,0.0,895.92,0.0,895.92,233.03,429.86,0.4797973033306545,Debit Card,Mobile App,False,None,Sunny,False,363,False,50,43,-7.0,False,4.0
20232956,2023-11-01,Wednesday,21173,101,1001,4.0,608.19,0.0,2432.76,0.0,2432.76,419.73,753.84,0.3098702708035318,Debit Card,Mobile App,False,None,Cloudy,False,230,False,381,280,-101.0,False,4.0
20232957,2024-02-03,Saturday,20584,137,1045,5.0,222.47,0.22,1112.35,244.717,867.633,159.92,68.033,0.07841218579745125,EBT,Mobile App,True,Loyalty Reward,Rainy,False,315,False,201,206,5.0,False,3.0
20232958,2023-03-07,Tuesday,20193,106,1008,1.0,633.19,0.0,633.19,0.0,633.19,397.4,235.79,0.37238427644151056,Gift Card,Curbside Pickup,False,None,Sunny,False,289,False,218,219,1.0,False,2.0
20232959,2023-03-08,Wednesday,20732,150,1037,2.0,371.31,0.0,742.62,0.0,742.62,270.26,202.1,0.27214456922786895,Credit Card,In-Store,False,None,Stormy,False,77,False,415,381,-34.0,False,5.0
20232960,2024-05-12,Sunday,20904,104,1009,2.0,1785.55,0.0,3571.1,0.0,3571.1,1077.88,1415.34,0.3963316625129511,Digital Wallet,Curbside Pickup,False,None,Sunny,False,498,False,245,265,20.0,False,5.0
20232961,2023-01-12,Thursday,20692,150,1044,6.0,71.22,0.19,427.32,81.1908,346.1292,46.06,69.7692,0.20156981843773933,Debit Card,Online,True,Percentage Discount,Rainy,False,424,False,270,372,102.0,False,5.0
20232962,2023-08-24,Thursday,20213,117,1030,2.0,878.91,0.0,1757.82,0.0,1757.82,569.19,619.44,0.35239102979827275,Debit Card,Mobile App,False,None,Sunny,False,124,False,44,40,-4.0,False,2.0
20232963,2024-06-13,Thursday,20033,135,1013,7.0,176.01,0.0,1232.07,0.0,1232.07,118.75,400.82,0.3253224248622237,Debit Card,In-Store,False,None,Snowy,False,273,False,24,21,-3.0,False,3.0
20232964,2023-12-14,Thursday,21117,117,1043,1.0,113.29,0.08,113.29,9.0632,104.2268,75.88,28.3468,0.27197227584460054,EBT,Mobile App,True,Bundle Deal,Sunny,False,114,False,36,32,-4.0,False,3.0
20232965,2023-11-14,Tuesday,20246,137,1011,2.0,859.06,0.05,1718.12,85.906,1632.214,618.67,394.874,0.24192538478410308,Digital Wallet,Online,True,Clearance,Windy,False,114,False,177,173,-4.0,False,3.0
20232966,2024-11-29,Friday,20320,111,1019,1.0,1212.62,0.0,1212.62,0.0,1212.62,867.36,345.26,0.28472233675842384,Gift Card,Mobile App,False,None,Sunny,True,400,False,265,212,-53.0,False,2.0
20232967,2023-05-29,Monday,20659,105,1042,4.0,418.62,0.0,1674.48,0.0,1674.48,233.03,742.36,0.44333763317567243,Digital Wallet,In-Store,False,None,Sunny,False,240,False,341,423,82.0,False,5.0
20232968,2024-09-23,Monday,20730,128,1044,4.0,71.35,0.0,285.4,0.0,285.4,46.06,101.16,0.35444989488437273,EBT,Curbside Pickup,False,None,Cloudy,False,514,False,139,171,32.0,False,2.0
20232969,2023-09-06,Wednesday,20828,148,1026,4.0,241.11,0.11,964.44,106.0884,858.3516,130.01,338.3116,0.3941410489594242,Credit Card,Online,True,BOGO,Sunny,False,255,False,357,279,-78.0,False,1.0
20232970,2024-12-16,Monday,20387,130,1044,1.0,69.86,0.28,69.86,19.5608,50.2992,46.06,4.2392,0.08427967045201508,Digital Wallet,Mobile App,True,Bundle Deal,Stormy,False,276,False,46,57,11.0,False,1.0
20232971,2024-04-25,Thursday,21039,139,1039,3.0,97.93,0.0,293.79,0.0,293.79,71.53,79.2,0.2695803124680895,Gift Card,In-Store,False,None,Stormy,False,108,False,382,268,-114.0,False,1.0
20232972,2024-10-30,Wednesday,20634,113,1022,1.0,306.56,0.0,306.56,0.0,306.56,187.99,118.57,0.38677583507306884,Digital Wallet,In-Store,False,None,Cloudy,False,184,False,448,395,-53.0,False,4.0
20232973,2023-12-12,Tuesday,20285,117,1013,7.0,186.73,0.0,1307.11,0.0,1307.11,118.75,475.86,0.3640550527499598,Credit Card,Curbside Pickup,False,None,Rainy,False,483,False,164,114,-50.0,False,1.0
20232974,2023-07-26,Wednesday,20702,116,1036,2.0,1139.75,0.0,2279.5,0.0,2279.5,738.32,802.86,0.35220881772318485,Cash,Mobile App,False,None,Cloudy,False,502,False,286,267,-19.0,False,3.0
20232975,2023-06-03,Saturday,20201,128,1001,3.0,648.94,0.0,1946.82,0.0,1946.82,419.73,687.63,0.35320676796005795,Cash,Mobile App,False,None,Sunny,False,498,False,432,529,97.0,False,4.0
20232976,2023-04-18,Tuesday,20138,119,1035,1.0,783.76,0.12,783.76,94.0512,689.7088,403.28,286.4288,0.41528946709103903,Cash,In-Store,True,Clearance,Windy,False,352,False,170,221,51.0,False,4.0
20232977,2023-03-01,Wednesday,20752,108,1002,2.0,1213.18,0.0,2426.36,0.0,2426.36,759.3,907.76,0.3741242025091084,Cash,Curbside Pickup,False,None,Cloudy,False,379,False,384,315,-69.0,False,1.0
20232978,2024-11-25,Monday,20703,101,1046,3.0,551.82,0.25,1655.46,413.865,1241.595,345.33,205.605,0.16559747743829512,Digital Wallet,Mobile App,True,Percentage Discount,Stormy,False,408,False,449,541,92.0,False,5.0
20232979,2023-08-10,Thursday,20680,129,1046,2.0,516.1,0.0,1032.2,0.0,1032.2,345.33,341.54,0.3308854873086612,Debit Card,In-Store,False,None,Sunny,False,37,False,124,89,-35.0,False,2.0
20232980,2023-02-28,Tuesday,20678,120,1009,1.0,1772.47,0.0,1772.47,0.0,1772.47,1077.88,694.59,0.39187687238712077,Credit Card,In-Store,False,None,Cloudy,False,221,False,315,240,-75.0,False,4.0
20232981,2024-03-18,Monday,20195,148,1050,2.0,1263.33,0.28,2526.66,707.4648,1819.1952,742.28,334.6352,0.18394683539182588,Credit Card,Online,True,Loyalty Reward,Rainy,False,200,False,418,584,166.0,False,4.0
20232982,2024-03-27,Wednesday,21185,107,1043,2.0,116.97,0.0,233.94,0.0,233.94,75.88,82.18,0.3512866546977858,Cash,Online,False,None,Cloudy,False,16,True,265,298,33.0,False,2.0
20232983,2024-11-01,Friday,20480,105,1024,4.0,473.6,0.21,1894.4,397.824,1496.576,283.62,362.096,0.24194962367430722,Digital Wallet,Curbside Pickup,True,Bundle Deal,Rainy,False,91,False,377,497,120.0,False,4.0
20232984,2023-02-04,Saturday,20804,127,1016,3.0,380.33,0.0,1140.99,0.0,1140.99,263.25,351.24,0.3078379302184945,Cash,Mobile App,False,None,Sunny,False,268,False,58,71,13.0,False,3.0
20232985,2023-09-21,Thursday,21108,146,1015,4.0,241.64,0.32,966.56,309.2992,657.2608,149.38,59.7408,0.09089359961829464,Gift Card,In-Store,True,Clearance,Windy,False,468,False,343,346,3.0,False,3.0
20232986,2024-07-23,Tuesday,20507,118,1049,7.0,158.33,0.0,1108.31,0.0,1108.31,117.26,287.49,0.2593949346302028,EBT,Curbside Pickup,False,None,Sunny,False,265,False,84,121,37.0,False,4.0
20232987,2023-11-24,Friday,20231,113,1022,4.0,333.63,0.0,1334.52,0.0,1334.52,187.99,582.56,0.4365314869765908,Debit Card,Curbside Pickup,False,None,Sunny,False,181,False,343,324,-19.0,False,4.0
20232988,2024-12-23,Monday,20482,113,1029,2.0,2201.25,0.09,4402.5,396.225,4006.275,1429.66,1146.955,0.2862896331380147,Gift Card,Curbside Pickup,True,Clearance,Windy,False,107,False,129,79,-50.0,False,3.0
20232989,2023-07-05,Wednesday,20898,101,1030,1.0,903.13,0.0,903.13,0.0,903.13,569.19,333.94,0.3697585065272994,Debit Card,In-Store,False,None,Rainy,False,278,False,41,38,-3.0,False,4.0
20232990,2023-04-02,Sunday,21067,124,1025,1.0,545.48,0.23,545.48,125.4604,420.0196,301.28,118.7396,0.28270014066010263,EBT,Curbside Pickup,True,Clearance,Stormy,False,463,False,108,71,-37.0,False,5.0
20232991,2024-07-16,Tuesday,21063,136,1002,1.0,1255.44,0.28,1255.44,351.5232,903.9168,759.3,144.6168,0.15998906094012194,Credit Card,Curbside Pickup,True,Manufacturer Rebate,Cloudy,False,411,False,367,513,146.0,False,5.0
20232992,2024-05-01,Wednesday,20277,149,1003,2.0,1831.79,0.0,3663.58,0.0,3663.58,1394.94,873.7,0.23848257715131096,Digital Wallet,In-Store,False,None,Cloudy,False,146,False,184,257,73.0,False,2.0
20232993,2023-01-09,Monday,21191,118,1003,2.0,1968.59,0.0,3937.18,0.0,3937.18,1394.94,1147.3,0.2914014599281719,Digital Wallet,Mobile App,False,None,Cloudy,False,5,True,117,103,-14.0,False,5.0
20232994,2024-12-04,Wednesday,20057,143,1020,1.0,336.65,0.09,336.65,30.2985,306.3515,190.07,116.2815,0.37956889390128656,Debit Card,Curbside Pickup,True,BOGO,Stormy,False,197,False,151,109,-42.0,False,5.0
20232995,2024-05-13,Monday,21189,144,1006,7.0,264.48,0.0,1851.36,0.0,1851.36,163.55,706.51,0.3816167574107683,Debit Card,Mobile App,False,None,Rainy,False,398,False,269,372,103.0,False,4.0
20232996,2023-04-11,Tuesday,21045,115,1029,1.0,2272.07,0.12,2272.07,272.6484,1999.4216,1429.66,569.7616,0.2849632113607255,Gift Card,Curbside Pickup,True,BOGO,Stormy,False,168,False,122,96,-26.0,False,2.0
20232997,2024-01-21,Sunday,20479,111,1028,4.0,766.22,0.28,3064.88,858.1664,2206.7136,494.36,229.2736,0.10389821316187112,Cash,Curbside Pickup,True,Clearance,Windy,False,138,False,313,370,57.0,False,4.0
20232998,2023-07-30,Sunday,20006,131,1016,1.0,364.85,0.0,364.85,0.0,364.85,263.25,101.6,0.27847060435795534,Debit Card,Online,False,None,Sunny,False,382,False,217,150,-67.0,True,1.0
20232999,2024-03-08,Friday,21110,147,1025,4.0,523.62,0.0,2094.48,0.0,2094.48,301.28,889.36,0.42462090829227306,Gift Card,Curbside Pickup,False,None,Rainy,False,375,False,257,363,106.0,False,2.0
20233000,2023-07-08,Saturday,20931,127,1035,3.0,731.28,0.12,2193.84,263.2608,1930.5792,403.28,720.7392,0.37332796292428727,Credit Card,In-Store,True,Clearance,Snowy,False,256,False,164,230,66.0,False,5.0
20233001,2023-11-16,Thursday,20630,103,1050,2.0,1225.93,0.0,2451.86,0.0,2451.86,742.28,967.3,0.3945168158051439,Digital Wallet,Online,False,None,Windy,False,415,False,246,206,-40.0,False,5.0
20233002,2023-01-05,Thursday,21139,139,1007,2.0,1138.46,0.0,2276.92,0.0,2276.92,637.12,1002.68,0.4403668113065018,Digital Wallet,Mobile App,False,None,Stormy,False,216,False,296,227,-69.0,False,2.0
20233003,2023-09-23,Saturday,20163,147,1029,1.0,2192.04,0.0,2192.04,0.0,2192.04,1429.66,762.38,0.3477947482710169,Debit Card,Online,False,None,Snowy,False,380,False,206,198,-8.0,False,5.0
20233004,2023-01-01,Sunday,21200,106,1007,1.0,1072.49,0.0,1072.49,0.0,1072.49,637.12,435.37,0.4059431789573796,Debit Card,Mobile App,False,None,Sunny,True,321,False,304,290,-14.0,False,2.0
20233005,2023-02-03,Friday,20152,109,1034,2.0,1624.83,0.0,3249.66,0.0,3249.66,1145.68,958.3,0.2948923887422068,Credit Card,Online,False,None,Cloudy,False,515,False,396,313,-83.0,False,5.0
20233006,2023-07-18,Tuesday,20092,135,1037,2.0,382.16,0.1,764.32,76.432,687.888,270.26,147.368,0.21423254948479992,Credit Card,Online,True,BOGO,Cloudy,False,229,False,331,270,-61.0,False,3.0
20233007,2023-09-07,Thursday,20252,104,1005,2.0,1095.69,0.34,2191.38,745.0692,1446.3108,774.22,-102.1292,-0.07061359149084698,Credit Card,In-Store,True,BOGO,Stormy,False,1,True,351,339,-12.0,False,2.0
20233008,2023-09-06,Wednesday,20302,145,1042,1.0,423.74,0.0,423.74,0.0,423.74,233.03,190.71,0.4500637183178364,Debit Card,Mobile App,False,None,Sunny,False,98,False,416,254,-162.0,False,3.0
20233009,2024-03-30,Saturday,20179,109,1049,1.0,164.7,0.0,164.7,0.0,164.7,117.26,47.44,0.28803885853066175,EBT,In-Store,False,None,Windy,False,126,False,398,404,6.0,False,3.0
20233010,2024-11-22,Friday,20969,101,1005,2.0,1073.06,0.0,2146.12,0.0,2146.12,774.22,597.68,0.2784932808976198,EBT,Online,False,None,Sunny,False,5,True,254,202,-52.0,False,3.0
20233011,2023-05-22,Monday,20310,131,1001,3.0,672.54,0.0,2017.62,0.0,2017.62,419.73,758.43,0.37590329199750194,Credit Card,Online,False,None,Cloudy,False,463,False,127,113,-14.0,False,4.0
20233012,2023-04-26,Wednesday,21126,130,1003,2.0,1809.8,0.0,3619.6,0.0,3619.6,1394.94,829.72,0.22922974914355174,Gift Card,Mobile App,False,None,Stormy,False,212,False,166,178,12.0,False,2.0
20233013,2024-09-01,Sunday,20386,128,1036,2.0,1115.55,0.3,2231.1,669.33,1561.77,738.32,85.13,0.05450866644896488,Debit Card,Mobile App,True,Manufacturer Rebate,Cloudy,False,141,False,35,33,-2.0,False,5.0
20233014,2024-12-07,Saturday,20060,150,1008,2.0,636.46,0.0,1272.92,0.0,1272.92,397.4,478.12,0.37560883637620596,Credit Card,Mobile App,False,None,Cloudy,False,348,False,178,233,55.0,False,5.0
20233015,2023-07-10,Monday,21009,111,1004,3.0,675.31,0.28,2025.93,567.2604,1458.6696,445.03,123.5796,0.08472076198749863,EBT,Online,True,Clearance,Sunny,False,39,False,256,273,17.0,False,5.0
20233016,2023-09-28,Thursday,20220,115,1008,1.0,617.42,0.0,617.42,0.0,617.42,397.4,220.02,0.35635385960934207,Credit Card,Curbside Pickup,False,None,Sunny,False,312,False,455,602,147.0,False,5.0
20233017,2024-08-01,Thursday,20240,123,1043,7.0,122.31,0.0,856.17,0.0,856.17,75.88,325.01,0.3796091897637152,EBT,Online,False,None,Rainy,False,244,False,277,232,-45.0,False,2.0
20233018,2023-04-15,Saturday,20019,109,1003,1.0,1798.61,0.0,1798.61,0.0,1798.61,1394.94,403.67,0.22443442436103428,Cash,Online,False,None,Sunny,False,204,False,144,88,-56.0,False,1.0
20233019,2023-01-28,Saturday,20221,149,1048,5.0,267.24,0.0,1336.2,0.0,1336.2,184.37,414.35,0.31009579404280796,Gift Card,In-Store,False,None,Windy,False,504,False,477,294,-183.0,False,3.0
20233020,2023-05-04,Thursday,21070,147,1028,1.0,823.45,0.09,823.45,74.1105,749.3395,494.36,254.9795,0.3402723331680767,Credit Card,In-Store,True,BOGO,Sunny,False,287,False,420,487,67.0,False,1.0
20233021,2024-07-07,Sunday,21097,128,1033,2.0,826.47,0.0,1652.94,0.0,1652.94,465.85,721.24,0.436337677108667,Credit Card,Curbside Pickup,False,None,Sunny,False,406,False,106,119,13.0,False,1.0
20233022,2023-11-05,Sunday,20098,133,1010,2.0,413.59,0.0,827.18,0.0,827.18,261.42,304.34,0.3679247564012669,EBT,Curbside Pickup,False,None,Cloudy,False,319,False,297,200,-97.0,False,1.0
20233023,2024-07-16,Tuesday,20261,117,1016,2.0,363.23,0.0,726.46,0.0,726.46,263.25,199.96,0.27525259477466074,Cash,Curbside Pickup,False,None,Stormy,False,237,False,227,304,77.0,False,5.0
20233024,2024-12-04,Wednesday,20502,138,1029,2.0,2107.27,0.0,4214.54,0.0,4214.54,1429.66,1355.22,0.32155822462237865,Digital Wallet,Curbside Pickup,False,None,Stormy,False,58,False,369,385,16.0,False,5.0
20233025,2023-08-16,Wednesday,20969,110,1047,4.0,409.86,0.0,1639.44,0.0,1639.44,273.17,546.76,0.3335041233591958,EBT,Curbside Pickup,False,None,Stormy,False,148,False,161,148,-13.0,False,1.0
20233026,2023-12-19,Tuesday,20938,118,1040,5.0,90.39,0.0,451.95,0.0,451.95,47.28,215.55,0.47693328908065047,Digital Wallet,Online,False,None,Rainy,False,52,False,26,18,-8.0,False,3.0
20233027,2023-11-10,Friday,20342,142,1046,4.0,563.56,0.0,2254.24,0.0,2254.24,345.33,872.92,0.3872347221236425,Debit Card,Online,False,None,Snowy,False,12,True,191,239,48.0,False,3.0
20233028,2024-12-11,Wednesday,20419,129,1038,5.0,152.67,0.0,763.35,0.0,763.35,88.81,319.3,0.4182878103098185,EBT,Online,False,None,Snowy,False,420,False,357,501,144.0,False,4.0
20233029,2023-12-21,Thursday,20364,114,1005,2.0,1130.91,0.0,2261.82,0.0,2261.82,774.22,713.38,0.3154008718642509,EBT,In-Store,False,None,Stormy,False,513,False,25,27,2.0,False,2.0
20233030,2023-02-10,Friday,20646,117,1033,2.0,840.37,0.0,1680.74,0.0,1680.74,465.85,749.04,0.4456608398681533,Cash,Online,False,None,Windy,False,433,False,318,330,12.0,False,2.0
20233031,2024-06-08,Saturday,20565,121,1008,1.0,661.77,0.0,661.77,0.0,661.77,397.4,264.37,0.3994892485304562,Cash,In-Store,False,None,Sunny,False,179,False,237,239,2.0,False,2.0
20233032,2023-04-26,Wednesday,20785,129,1015,1.0,252.7,0.13,252.7,32.851,219.849,149.38,70.469,0.3205336389976757,Gift Card,Online,True,Loyalty Reward,Windy,False,495,False,102,132,30.0,False,3.0
20233033,2024-04-11,Thursday,20767,108,1010,3.0,374.72,0.28,1124.16,314.7648,809.3952,261.42,25.1352,0.031054298320523834,Digital Wallet,In-Store,True,Loyalty Reward,Rainy,False,485,False,465,346,-119.0,False,2.0
20233034,2023-12-11,Monday,20096,137,1029,1.0,2106.25,0.0,2106.25,0.0,2106.25,1429.66,676.59,0.3212296735905044,Debit Card,In-Store,False,None,Snowy,False,64,False,400,523,123.0,False,2.0
20233035,2024-01-19,Friday,20257,126,1037,1.0,377.33,0.0,377.33,0.0,377.33,270.26,107.07,0.2837569236477354,Digital Wallet,In-Store,False,None,Sunny,False,21,True,329,284,-45.0,True,5.0
20233036,2023-04-05,Wednesday,20675,128,1031,3.0,529.97,0.3,1589.91,476.973,1112.937,402.09,-93.333,-0.0838618897565629,Cash,Curbside Pickup,True,Loyalty Reward,Sunny,False,271,False,32,25,-7.0,False,1.0
20233037,2024-08-03,Saturday,20449,114,1032,1.0,919.78,0.0,919.78,0.0,919.78,572.31,347.47,0.3777751201374242,Digital Wallet,Mobile App,False,None,Sunny,False,360,False,238,144,-94.0,False,4.0
20233038,2023-12-06,Wednesday,20144,146,1016,4.0,376.24,0.0,1504.96,0.0,1504.96,263.25,451.96,0.30031362959812885,Digital Wallet,Mobile App,False,None,Cloudy,False,421,False,331,422,91.0,False,4.0
20233039,2023-11-15,Wednesday,20403,144,1002,1.0,1349.6,0.0,1349.6,0.0,1349.6,759.3,590.3,0.4373888559573207,Gift Card,Mobile App,False,None,Cloudy,False,38,False,333,379,46.0,False,4.0
20233040,2023-06-13,Tuesday,20896,107,1009,1.0,1709.45,0.11,1709.45,188.0395,1521.4105,1077.88,443.5305,0.2915258570911663,Cash,Curbside Pickup,True,BOGO,Stormy,False,180,False,387,494,107.0,False,5.0
20233041,2023-07-28,Friday,20599,144,1033,1.0,798.69,0.0,798.69,0.0,798.69,465.85,332.84,0.4167323993038601,Gift Card,In-Store,False,None,Cloudy,False,11,True,480,479,-1.0,False,2.0
20233042,2024-10-15,Tuesday,20654,140,1036,2.0,1120.04,0.0,2240.08,0.0,2240.08,738.32,763.44,0.34080925681225666,Credit Card,Online,False,None,Windy,False,196,False,83,100,17.0,False,5.0
20233043,2024-01-27,Saturday,21047,132,1034,2.0,1675.92,0.0,3351.84,0.0,3351.84,1145.68,1060.48,0.3163874170604802,Debit Card,Curbside Pickup,False,None,Stormy,False,56,False,123,107,-16.0,False,1.0
20233044,2024-02-19,Monday,21011,125,1011,1.0,889.6,0.0,889.6,0.0,889.6,618.67,270.93,0.3045526079136691,Cash,Mobile App,False,None,Cloudy,False,331,False,71,50,-21.0,False,2.0
20233045,2023-07-21,Friday,20558,126,1007,1.0,1076.8,0.16,1076.8,172.288,904.512,637.12,267.392,0.2956201797212198,Debit Card,Online,True,BOGO,Stormy,False,187,False,433,422,-11.0,False,3.0
20233046,2023-05-03,Wednesday,20410,137,1025,4.0,548.06,0.0,2192.24,0.0,2192.24,301.28,987.12,0.4502791665146152,Digital Wallet,Curbside Pickup,False,None,Windy,False,358,False,77,83,6.0,False,2.0
20233047,2024-12-26,Thursday,20947,150,1010,2.0,376.71,0.0,753.42,0.0,753.42,261.42,230.58,0.3060444373656127,EBT,In-Store,False,None,Sunny,False,106,False,260,213,-47.0,False,3.0
20233048,2023-12-11,Monday,21016,150,1028,3.0,763.09,0.0,2289.27,0.0,2289.27,494.36,806.19,0.3521602956400949,EBT,Curbside Pickup,False,None,Cloudy,False,204,False,116,70,-46.0,False,4.0
20233049,2024-02-09,Friday,20125,124,1034,2.0,1646.56,0.0,3293.12,0.0,3293.12,1145.68,1001.76,0.3041978427752404,Debit Card,In-Store,False,None,Cloudy,False,103,False,28,23,-5.0,False,3.0
20233050,2023-03-04,Saturday,20543,134,1019,2.0,1361.58,0.0,2723.16,0.0,2723.16,867.36,988.44,0.3629753668532146,Cash,Mobile App,False,None,Windy,False,508,False,219,174,-45.0,False,1.0
20233051,2024-08-17,Saturday,20044,142,1023,5.0,124.54,0.17,622.7,105.859,516.841,70.74,163.141,0.3156502676838719,Gift Card,In-Store,True,Clearance,Cloudy,False,306,False,206,178,-28.0,False,2.0
20233052,2024-07-03,Wednesday,20420,115,1035,2.0,730.75,0.09,1461.5,131.535,1329.965,403.28,523.405,0.3935479505099758,Credit Card,In-Store,True,Bundle Deal,Sunny,False,404,False,454,346,-108.0,False,2.0
20233053,2024-08-21,Wednesday,20879,129,1038,6.0,156.42,0.16,938.52,150.1632,788.3568,88.81,255.4968,0.32408777345486206,Debit Card,Online,True,Bundle Deal,Rainy,False,147,False,289,222,-67.0,True,2.0
20233054,2024-01-11,Thursday,20325,109,1018,4.0,357.33,0.0,1429.32,0.0,1429.32,198.14,636.76,0.44549855875521227,EBT,Curbside Pickup,False,None,Rainy,False,199,False,418,356,-62.0,False,5.0
20233055,2023-02-07,Tuesday,20436,117,1003,2.0,1963.7,0.13,3927.4,510.562,3416.838,1394.94,626.958,0.18349070105167412,Debit Card,In-Store,True,Clearance,Sunny,False,204,False,386,558,172.0,False,4.0
20233056,2023-11-17,Friday,20267,114,1012,5.0,261.54,0.0,1307.7,0.0,1307.7,173.37,440.85,0.3371186051846754,Gift Card,Curbside Pickup,False,None,Sunny,False,120,False,347,393,46.0,False,5.0
20233057,2024-10-14,Monday,20728,145,1048,3.0,280.07,0.0,840.21,0.0,840.21,184.37,287.1,0.34170028921341095,Cash,In-Store,False,None,Cloudy,False,38,False,166,101,-65.0,False,1.0
20233058,2024-07-17,Wednesday,20371,120,1021,5.0,82.92,0.0,414.6,0.0,414.6,45.04,189.4,0.45682585624698513,Gift Card,Online,False,None,Sunny,False,331,False,56,42,-14.0,False,2.0
20233059,2023-08-18,Friday,20484,125,1048,5.0,264.6,0.0,1323.0,0.0,1323.0,184.37,401.15,0.3032123960695389,Cash,Curbside Pickup,False,None,Cloudy,False,280,False,467,563,96.0,True,3.0
20233060,2024-12-15,Sunday,20633,135,1012,6.0,232.86,0.0,1397.16,0.0,1397.16,173.37,356.94,0.25547539293996396,Debit Card,In-Store,False,None,Sunny,False,100,False,190,184,-6.0,False,2.0
20233061,2024-08-17,Saturday,20290,145,1007,2.0,1063.65,0.0,2127.3,0.0,2127.3,637.12,853.06,0.40100597000893157,Cash,Mobile App,False,None,Sunny,False,134,False,480,499,19.0,False,2.0
20233062,2024-07-25,Thursday,20900,147,1047,2.0,372.97,0.09,745.94,67.1346,678.8054,273.17,132.4654,0.19514488246557854,EBT,In-Store,True,Manufacturer Rebate,Sunny,False,207,False,44,46,2.0,False,3.0
20233063,2023-12-12,Tuesday,20010,126,1024,4.0,519.89,0.0,2079.56,0.0,2079.56,283.62,945.08,0.45446152070630325,Credit Card,Online,False,None,Snowy,False,307,False,262,215,-47.0,False,1.0
20233064,2023-08-14,Monday,20082,131,1004,1.0,707.89,0.0,707.89,0.0,707.89,445.03,262.86,0.37132887878060156,Gift Card,In-Store,False,None,Windy,False,444,False,259,204,-55.0,False,4.0
20233065,2023-01-23,Monday,20659,105,1046,1.0,572.23,0.0,572.23,0.0,572.23,345.33,226.9,0.3965188822676197,Cash,Online,False,None,Snowy,False,79,False,182,113,-69.0,False,1.0
20233066,2023-08-09,Wednesday,20201,128,1004,1.0,668.38,0.0,668.38,0.0,668.38,445.03,223.35,0.3341661928842874,Digital Wallet,Mobile App,False,None,Stormy,False,508,False,291,240,-51.0,False,5.0
20233067,2023-05-19,Friday,20303,133,1050,1.0,1300.75,0.0,1300.75,0.0,1300.75,742.28,558.47,0.4293446088794926,EBT,Online,False,None,Cloudy,False,394,False,270,298,28.0,False,3.0
20233068,2024-07-30,Tuesday,20936,150,1004,1.0,711.19,0.0,711.19,0.0,711.19,445.03,266.16,0.3742459820863624,Gift Card,Curbside Pickup,False,None,Windy,False,52,False,445,407,-38.0,False,4.0
20233069,2024-07-30,Tuesday,20078,117,1046,1.0,525.24,0.0,525.24,0.0,525.24,345.33,179.91,0.3425291295407814,Debit Card,Online,False,None,Windy,False,43,False,58,77,19.0,False,4.0
20233070,2023-11-18,Saturday,20176,114,1001,4.0,663.55,0.0,2654.2,0.0,2654.2,419.73,975.28,0.36744781855172925,Credit Card,In-Store,False,None,Sunny,False,327,False,305,253,-52.0,False,3.0
20233071,2024-08-24,Saturday,20901,114,1032,1.0,987.91,0.31,987.91,306.2521,681.6579,572.31,109.3479,0.16041463027128416,Debit Card,Mobile App,True,BOGO,Snowy,False,278,False,192,218,26.0,False,3.0
20233072,2023-01-12,Thursday,20676,125,1049,1.0,158.28,0.09,158.28,14.2452,144.0348,117.26,26.7748,0.18589118740748753,Debit Card,In-Store,True,Percentage Discount,Sunny,False,198,False,109,109,0.0,False,1.0
20233073,2023-11-10,Friday,20425,123,1004,3.0,666.91,0.18,2000.73,360.1314,1640.5986,445.03,305.5086,0.18621776222410535,Digital Wallet,Curbside Pickup,True,Percentage Discount,Cloudy,False,348,False,127,141,14.0,False,4.0
20233074,2023-07-19,Wednesday,20521,134,1011,2.0,887.9,0.0,1775.8,0.0,1775.8,618.67,538.46,0.3032210834553441,Credit Card,In-Store,False,None,Cloudy,False,258,False,180,118,-62.0,False,1.0
20233075,2023-10-11,Wednesday,20125,124,1035,4.0,710.81,0.07,2843.24,199.0268,2644.2132,403.28,1031.0932,0.38994329201593875,Cash,Mobile App,True,Bundle Deal,Sunny,False,76,False,377,407,30.0,False,2.0
20233076,2023-12-20,Wednesday,21165,147,1035,3.0,774.84,0.0,2324.52,0.0,2324.52,403.28,1114.68,0.4795312580661814,Credit Card,In-Store,False,None,Sunny,False,285,False,453,536,83.0,False,3.0
20233077,2023-07-20,Thursday,20346,106,1005,2.0,1167.01,0.0,2334.02,0.0,2334.02,774.22,785.58,0.33657809273271005,Credit Card,In-Store,False,None,Rainy,False,80,False,207,196,-11.0,False,3.0
20233078,2024-05-13,Monday,20628,130,1004,1.0,666.97,0.0,666.97,0.0,666.97,445.03,221.94,0.33275859483934817,Debit Card,Mobile App,False,None,Windy,False,261,False,194,225,31.0,False,3.0
20233079,2024-02-29,Thursday,20705,103,1011,1.0,866.97,0.0,866.97,0.0,866.97,618.67,248.3,0.28639976008397067,EBT,Mobile App,False,None,Stormy,False,281,False,116,98,-18.0,False,4.0
20233080,2023-07-14,Friday,20987,150,1026,1.0,220.9,0.17,220.9,37.553,183.347,130.01,53.337,0.2909074050843483,EBT,Mobile App,True,BOGO,Cloudy,False,286,False,417,331,-86.0,False,5.0
20233081,2024-04-10,Wednesday,20812,139,1047,4.0,405.14,0.0,1620.56,0.0,1620.56,273.17,527.88,0.325739250629412,EBT,Online,False,None,Sunny,False,259,False,175,138,-37.0,False,4.0
20233082,2024-11-02,Saturday,20999,126,1011,1.0,884.85,0.0,884.85,0.0,884.85,618.67,266.18,0.30081934791207554,Debit Card,Curbside Pickup,False,None,Windy,False,77,False,190,162,-28.0,False,5.0
20233083,2023-02-09,Thursday,21103,146,1041,2.0,618.92,0.0,1237.84,0.0,1237.84,486.05,265.74,0.21468041103858326,Digital Wallet,Online,False,None,Sunny,False,324,False,27,28,1.0,False,1.0
20233084,2024-09-03,Tuesday,20924,145,1002,2.0,1218.63,0.29,2437.26,706.8054,1730.4546,759.3,211.8546,0.12242713562089426,Digital Wallet,Mobile App,True,Percentage Discount,Snowy,False,487,False,62,43,-19.0,False,1.0
20233085,2023-09-15,Friday,20612,112,1006,1.0,263.46,0.0,263.46,0.0,263.46,163.55,99.91,0.3792226523950504,EBT,In-Store,False,None,Sunny,False,432,False,146,161,15.0,False,2.0
20233086,2023-05-31,Wednesday,20004,124,1049,1.0,154.09,0.0,154.09,0.0,154.09,117.26,36.83,0.239016159387371,Credit Card,Online,False,None,Cloudy,False,317,False,375,372,-3.0,False,5.0
20233087,2023-02-02,Thursday,21094,145,1035,4.0,700.17,0.33,2800.68,924.2244,1876.4556,403.28,263.3356,0.1403367071408457,Digital Wallet,Online,True,Percentage Discount,Cloudy,False,185,False,351,297,-54.0,False,1.0
20233088,2023-02-28,Tuesday,20480,105,1023,5.0,127.36,0.13,636.8,82.784,554.016,70.74,200.316,0.36157078495927913,Debit Card,Online,True,BOGO,Cloudy,False,327,False,129,154,25.0,False,5.0
20233089,2024-05-31,Friday,20815,117,1006,4.0,275.52,0.0,1102.08,0.0,1102.08,163.55,447.88,0.4063951800232287,Cash,Curbside Pickup,False,None,Snowy,False,194,False,353,309,-44.0,False,3.0
20233090,2024-10-01,Tuesday,20290,145,1032,2.0,964.3,0.0,1928.6,0.0,1928.6,572.31,783.98,0.40650212589443124,Debit Card,Mobile App,False,None,Stormy,False,80,False,118,95,-23.0,False,1.0
20233091,2023-06-16,Friday,20843,107,1046,4.0,538.82,0.15,2155.28,323.292,1831.988,345.33,450.668,0.24599942794385132,Cash,In-Store,True,Percentage Discount,Rainy,False,352,False,38,25,-13.0,False,4.0
20233092,2024-02-16,Friday,20680,130,1033,2.0,808.42,0.0,1616.84,0.0,1616.84,465.85,685.14,0.423752504886074,Credit Card,Mobile App,False,None,Snowy,False,417,False,451,306,-145.0,False,5.0
20233093,2024-09-15,Sunday,20626,115,1020,2.0,357.44,0.0,714.88,0.0,714.88,190.07,334.74,0.46824641897940916,Gift Card,Mobile App,False,None,Stormy,False,188,False,85,109,24.0,False,3.0
20233094,2024-12-04,Wednesday,20866,118,1031,1.0,531.68,0.23,531.68,122.2864,409.3936,402.09,7.3036,0.01784004439737202,Gift Card,Curbside Pickup,True,Bundle Deal,Windy,False,207,False,418,493,75.0,False,5.0
20233095,2024-01-20,Saturday,20459,149,1032,1.0,962.13,0.0,962.13,0.0,962.13,572.31,389.82,0.40516354338810767,Debit Card,Curbside Pickup,False,None,Snowy,False,448,False,62,52,-10.0,False,2.0
20233096,2023-07-09,Sunday,20008,138,1031,3.0,514.14,0.27,1542.42,416.4534,1125.9666,402.09,-80.3034,-0.07131952226646866,Gift Card,Mobile App,True,Percentage Discount,Sunny,False,439,False,368,368,0.0,False,1.0
20233097,2024-09-16,Monday,20713,114,1027,7.0,57.73,0.12,404.11,48.4932,355.6168,37.44,93.5368,0.2630269436089633,Digital Wallet,Mobile App,True,Manufacturer Rebate,Cloudy,False,215,False,75,49,-26.0,False,4.0
20233098,2023-11-14,Tuesday,20688,110,1031,2.0,568.67,0.27,1137.34,307.0818,830.2582,402.09,26.0782,0.0314097469919599,Cash,Online,True,Percentage Discount,Sunny,False,62,False,313,213,-100.0,False,5.0
20233099,2023-09-22,Friday,20336,143,1005,1.0,1087.7,0.0,1087.7,0.0,1087.7,774.22,313.48,0.28820446814378964,Credit Card,In-Store,False,None,Sunny,False,61,False,318,300,-18.0,False,4.0
20233100,2024-05-29,Wednesday,21065,112,1045,4.0,219.5,0.0,878.0,0.0,878.0,159.92,238.32,0.27143507972665154,Debit Card,Curbside Pickup,False,None,Stormy,False,351,False,363,280,-83.0,False,2.0
20233101,2024-10-07,Monday,20237,106,1017,7.0,124.29,0.0,870.03,0.0,870.03,93.3,216.93,0.24933622978517986,Debit Card,Mobile App,False,None,Snowy,False,136,False,384,327,-57.0,False,4.0
20233102,2023-03-08,Wednesday,21188,137,1005,2.0,1166.93,0.0,2333.86,0.0,2333.86,774.22,785.42,0.33653261121061245,Gift Card,Curbside Pickup,False,None,Sunny,False,420,False,112,85,-27.0,False,3.0
20233103,2024-11-28,Thursday,20108,127,1013,7.0,178.19,0.0,1247.33,0.0,1247.33,118.75,416.08,0.3335765194455356,Digital Wallet,Mobile App,False,None,Stormy,True,386,False,91,92,1.0,False,1.0
20233104,2024-10-03,Thursday,20927,104,1038,1.0,146.28,0.0,146.28,0.0,146.28,88.81,57.47,0.39287667487011213,Credit Card,Mobile App,False,None,Snowy,False,27,False,451,535,84.0,False,1.0
20233105,2023-12-05,Tuesday,20466,145,1037,3.0,377.53,0.0,1132.59,0.0,1132.59,270.26,321.81,0.2841363600243689,Credit Card,Online,False,None,Cloudy,False,81,False,418,347,-71.0,False,2.0
20233106,2023-11-24,Friday,20465,128,1022,4.0,334.62,0.0,1338.48,0.0,1338.48,187.99,586.52,0.43819855358316895,Debit Card,Online,False,None,Cloudy,False,410,False,43,43,0.0,False,2.0
20233107,2024-11-09,Saturday,20144,146,1043,4.0,121.81,0.16,487.24,77.9584,409.2816,75.88,105.7616,0.25840790301836203,Digital Wallet,Online,True,Loyalty Reward,Sunny,False,39,False,294,369,75.0,True,3.0
20233108,2023-09-12,Tuesday,20433,119,1010,3.0,414.6,0.0,1243.8,0.0,1243.8,261.42,459.54,0.3694645441389292,Cash,Mobile App,False,None,Rainy,False,301,False,382,494,112.0,False,3.0
20233109,2024-09-07,Saturday,20123,140,1025,2.0,547.78,0.0,1095.56,0.0,1095.56,301.28,493.0,0.44999817444959656,EBT,Curbside Pickup,False,None,Windy,False,255,False,417,411,-6.0,False,3.0
20233110,2023-04-13,Thursday,20038,125,1028,1.0,835.07,0.13,835.07,108.5591,726.5109,494.36,232.1509,0.3195422119613071,Debit Card,Online,True,Bundle Deal,Cloudy,False,142,False,79,57,-22.0,False,4.0
20233111,2023-02-14,Tuesday,20566,150,1012,7.0,258.97,0.0,1812.79,0.0,1812.79,173.37,599.2,0.3305402170135537,Credit Card,Online,False,None,Cloudy,True,309,False,97,79,-18.0,False,4.0
20233112,2024-01-19,Friday,20864,133,1026,7.0,226.99,0.06,1588.93,95.3358,1493.5942,130.01,583.5242,0.3906845647900883,Digital Wallet,Curbside Pickup,True,Clearance,Cloudy,False,397,False,231,199,-32.0,False,5.0
20233113,2024-11-03,Sunday,20371,120,1018,4.0,352.37,0.29,1409.48,408.7492,1000.7308,198.14,208.1708,0.20801877987566694,Credit Card,Curbside Pickup,True,Manufacturer Rebate,Cloudy,False,511,False,256,318,62.0,False,3.0
20233114,2023-08-12,Saturday,20843,107,1012,5.0,260.88,0.0,1304.4,0.0,1304.4,173.37,437.55,0.33544158233670657,Cash,Mobile App,False,None,Snowy,False,482,False,217,254,37.0,False,2.0
20233115,2023-07-05,Wednesday,20119,141,1035,2.0,728.69,0.0,1457.38,0.0,1457.38,403.28,650.82,0.44656849963633377,Cash,Online,False,None,Cloudy,False,310,False,370,316,-54.0,False,4.0
20233116,2024-12-29,Sunday,20391,119,1034,1.0,1516.78,0.0,1516.78,0.0,1516.78,1145.68,371.1,0.2446630361687258,Debit Card,In-Store,False,None,Stormy,False,212,False,31,27,-4.0,False,2.0
20233117,2024-02-19,Monday,21177,104,1046,1.0,559.27,0.0,559.27,0.0,559.27,345.33,213.94,0.3825343751676292,Cash,Mobile App,False,None,Rainy,False,209,False,315,395,80.0,False,1.0
20233118,2023-01-25,Wednesday,20348,137,1047,4.0,416.6,0.0,1666.4,0.0,1666.4,273.17,573.72,0.3442870859337494,Cash,In-Store,False,None,Sunny,False,138,False,300,327,27.0,False,3.0
20233119,2024-03-12,Tuesday,20306,104,1041,2.0,626.69,0.0,1253.38,0.0,1253.38,486.05,281.28,0.22441717595621444,EBT,Curbside Pickup,False,None,Stormy,False,118,False,233,235,2.0,False,3.0
20233120,2024-04-03,Wednesday,20982,134,1046,3.0,511.39,0.0,1534.17,0.0,1534.17,345.33,498.18,0.3247228142904633,Digital Wallet,Mobile App,False,None,Stormy,False,350,False,390,484,94.0,False,3.0
20233121,2024-12-20,Friday,20688,110,1032,1.0,887.63,0.0,887.63,0.0,887.63,572.31,315.32,0.35523810596757666,Digital Wallet,Mobile App,False,None,Cloudy,False,305,False,177,126,-51.0,False,3.0
20233122,2023-11-16,Thursday,20325,109,1014,4.0,227.51,0.0,910.04,0.0,910.04,172.18,221.32,0.24319810118236554,Credit Card,Mobile App,False,None,Cloudy,False,43,False,247,285,38.0,False,2.0
20233123,2024-01-19,Friday,20266,101,1042,1.0,402.36,0.0,402.36,0.0,402.36,233.03,169.33,0.42084203201113435,Cash,Curbside Pickup,False,None,Stormy,False,423,False,25,21,-4.0,False,3.0
20233124,2024-12-29,Sunday,20127,147,1003,2.0,1994.95,0.0,3989.9,0.0,3989.9,1394.94,1200.02,0.3007644301862202,Cash,Online,False,None,Sunny,False,384,False,43,44,1.0,False,1.0
20233125,2024-03-20,Wednesday,20662,133,1050,2.0,1252.69,0.0,2505.38,0.0,2505.38,742.28,1020.82,0.4074511650927205,Digital Wallet,Online,False,None,Sunny,False,165,False,104,130,26.0,False,4.0
20233126,2024-11-30,Saturday,20981,139,1027,7.0,62.56,0.0,437.92,0.0,437.92,37.44,175.84,0.40153452685422003,Credit Card,In-Store,False,None,Stormy,False,205,False,323,380,57.0,False,2.0
20233127,2023-03-29,Wednesday,20450,129,1028,3.0,829.36,0.23,2488.08,572.2584,1915.8216,494.36,432.7416,0.22587781659837214,Debit Card,In-Store,True,Bundle Deal,Sunny,False,429,False,98,69,-29.0,False,5.0
20233128,2024-08-11,Sunday,20476,136,1035,1.0,769.1,0.33,769.1,253.803,515.297,403.28,112.017,0.21738337308387212,Credit Card,Mobile App,True,Loyalty Reward,Cloudy,False,63,False,155,214,59.0,False,1.0
20233129,2024-06-15,Saturday,20324,132,1009,2.0,1801.62,0.2,3603.24,720.648,2882.592,1077.88,726.832,0.25214529145990816,Digital Wallet,Curbside Pickup,True,BOGO,Sunny,False,274,False,356,383,27.0,False,3.0
20233130,2024-11-26,Tuesday,20614,149,1027,7.0,56.97,0.0,398.79,0.0,398.79,37.44,136.71,0.3428120063191153,Cash,Mobile App,False,None,Sunny,False,343,False,115,126,11.0,False,4.0
20233131,2024-04-11,Thursday,20022,122,1014,2.0,214.13,0.0,428.26,0.0,428.26,172.18,83.9,0.19590902722645118,Credit Card,Online,False,None,Stormy,False,417,False,243,147,-96.0,False,2.0
20233132,2023-11-22,Wednesday,20514,125,1014,7.0,217.94,0.22,1525.58,335.6276,1189.9524,172.18,-15.3076,-0.012864043973523726,Credit Card,Mobile App,True,Clearance,Snowy,False,260,False,355,357,2.0,False,4.0
20233133,2023-06-20,Tuesday,20916,148,1027,6.0,61.06,0.11,366.36,40.2996,326.0604,37.44,101.4204,0.3110478917403034,Digital Wallet,Mobile App,True,Loyalty Reward,Windy,False,202,False,112,77,-35.0,False,1.0
20233134,2024-01-01,Monday,20958,120,1016,3.0,353.93,0.0,1061.79,0.0,1061.79,263.25,272.04,0.2562088548583053,Digital Wallet,Curbside Pickup,False,None,Stormy,True,248,False,386,405,19.0,False,2.0
20233135,2024-01-03,Wednesday,21019,133,1022,4.0,325.79,0.07,1303.16,91.2212,1211.9388,187.99,459.9788,0.379539626918455,Credit Card,Curbside Pickup,True,Clearance,Windy,False,394,False,160,137,-23.0,False,2.0
20233136,2023-11-18,Saturday,21023,113,1012,2.0,233.49,0.26,466.98,121.4148,345.5652,173.37,-1.1748,-0.0033996478812102745,Debit Card,Mobile App,True,BOGO,Rainy,False,209,False,173,113,-60.0,False,1.0
20233137,2023-10-23,Monday,20268,116,1035,4.0,739.06,0.0,2956.24,0.0,2956.24,403.28,1343.12,0.45433388358184723,EBT,In-Store,False,None,Cloudy,False,498,False,249,168,-81.0,False,3.0
20233138,2023-01-09,Monday,21151,101,1008,2.0,622.77,0.0,1245.54,0.0,1245.54,397.4,450.74,0.36188319925494167,Cash,Curbside Pickup,False,None,Rainy,False,208,False,231,222,-9.0,False,2.0
20233139,2024-07-04,Thursday,20990,118,1028,3.0,822.89,0.0,2468.67,0.0,2468.67,494.36,985.59,0.3992392664876229,Gift Card,Curbside Pickup,False,None,Stormy,True,373,False,172,190,18.0,False,3.0
20233140,2024-12-21,Saturday,20897,140,1042,2.0,446.45,0.0,892.9,0.0,892.9,233.03,426.84,0.4780378541829992,Credit Card,Mobile App,False,None,Rainy,False,150,False,103,123,20.0,False,4.0
20233141,2023-10-19,Thursday,20263,101,1047,2.0,410.52,0.0,821.04,0.0,821.04,273.17,274.7,0.33457566013836104,EBT,In-Store,False,None,Windy,False,167,False,406,280,-126.0,False,3.0
20233142,2024-11-18,Monday,20395,129,1023,3.0,131.55,0.0,394.65,0.0,394.65,70.74,182.43,0.46225769669327266,Debit Card,Mobile App,False,None,Sunny,False,7,True,472,329,-143.0,False,3.0
20233143,2023-08-23,Wednesday,20919,115,1018,3.0,364.85,0.34,1094.55,372.147,722.403,198.14,127.983,0.17716288553618972,Digital Wallet,In-Store,True,Loyalty Reward,Stormy,False,424,False,25,27,2.0,False,3.0
20233144,2023-05-06,Saturday,21153,141,1043,7.0,120.19,0.0,841.33,0.0,841.33,75.88,310.17,0.3686662783925451,Digital Wallet,Online,False,None,Sunny,False,20,True,157,100,-57.0,False,5.0
20233145,2024-06-17,Monday,21064,102,1047,2.0,386.52,0.0,773.04,0.0,773.04,273.17,226.7,0.2932577874366138,EBT,Online,False,None,Stormy,False,231,False,58,56,-2.0,False,5.0
20233146,2024-10-05,Saturday,20809,137,1046,3.0,564.2,0.0,1692.6,0.0,1692.6,345.33,656.61,0.38792981212336053,EBT,Curbside Pickup,False,None,Snowy,False,217,False,182,147,-35.0,False,4.0
20233147,2024-01-20,Saturday,21007,102,1030,1.0,842.21,0.0,842.21,0.0,842.21,569.19,273.02,0.32417093124042695,Debit Card,Online,False,None,Cloudy,False,465,False,246,193,-53.0,False,1.0
20233148,2024-11-29,Friday,20068,103,1044,1.0,72.4,0.0,72.4,0.0,72.4,46.06,26.34,0.3638121546961326,Cash,In-Store,False,None,Cloudy,True,416,False,64,88,24.0,False,5.0
20233149,2023-06-14,Wednesday,21061,150,1026,6.0,224.76,0.31,1348.56,418.0536,930.5064,130.01,150.4464,0.16168228396924517,Cash,Online,True,Bundle Deal,Sunny,False,128,False,218,316,98.0,False,5.0
20233150,2023-09-22,Friday,21192,113,1001,1.0,648.39,0.0,648.39,0.0,648.39,419.73,228.66,0.35265812242631744,Debit Card,Curbside Pickup,False,None,Rainy,False,204,False,150,120,-30.0,False,3.0
20233151,2023-10-24,Tuesday,20538,108,1031,2.0,518.93,0.23,1037.86,238.7078,799.1522,402.09,-5.0278,-0.0062914173295150425,Gift Card,Mobile App,True,Clearance,Cloudy,False,367,False,164,140,-24.0,False,1.0
20233152,2024-02-18,Sunday,20108,128,1025,4.0,563.75,0.0,2255.0,0.0,2255.0,301.28,1049.88,0.46557871396895795,Cash,In-Store,False,None,Sunny,False,168,False,356,413,57.0,False,5.0
20233153,2024-06-18,Tuesday,20168,119,1014,2.0,230.3,0.07,460.6,32.242,428.358,172.18,83.998,0.1960929876411786,EBT,Online,True,Bundle Deal,Snowy,False,175,False,189,266,77.0,False,2.0
20233154,2024-01-12,Friday,20423,121,1017,3.0,129.84,0.08,389.52,31.1616,358.3584,93.3,78.4584,0.21893835891665994,Debit Card,In-Store,True,Bundle Deal,Cloudy,False,246,False,376,306,-70.0,False,3.0
20233155,2023-12-29,Friday,20814,122,1032,1.0,909.57,0.0,909.57,0.0,909.57,572.31,337.26,0.3707905933573008,Gift Card,Online,False,None,Stormy,False,67,False,451,624,173.0,False,1.0
20233156,2023-12-31,Sunday,21007,102,1020,2.0,327.58,0.0,655.16,0.0,655.16,190.07,275.02,0.41977532205873375,EBT,Online,False,None,Sunny,True,324,False,428,469,41.0,False,3.0
20233157,2023-10-05,Thursday,20387,131,1043,1.0,115.74,0.0,115.74,0.0,115.74,75.88,39.86,0.3443926041126663,Credit Card,In-Store,False,None,Sunny,False,269,False,153,205,52.0,False,1.0
20233158,2023-08-13,Sunday,20292,126,1016,2.0,366.98,0.0,733.96,0.0,733.96,263.25,207.46,0.28265845550166224,Cash,Curbside Pickup,False,None,Sunny,False,171,False,424,488,64.0,False,1.0
20233159,2024-12-14,Saturday,20768,139,1009,2.0,1799.51,0.0,3599.02,0.0,3599.02,1077.88,1443.26,0.40101472067396116,Debit Card,Curbside Pickup,False,None,Rainy,False,437,False,441,546,105.0,False,3.0
20233160,2023-12-21,Thursday,20157,112,1017,6.0,121.33,0.0,727.98,0.0,727.98,93.3,168.18,0.23102283029753573,Debit Card,Mobile App,False,None,Snowy,False,375,False,399,373,-26.0,False,3.0
20233161,2024-10-20,Sunday,20579,150,1006,1.0,275.16,0.3,275.16,82.548,192.612,163.55,29.062,0.15088364172533386,Credit Card,Curbside Pickup,True,Percentage Discount,Cloudy,False,228,False,158,186,28.0,False,5.0
20233162,2023-01-06,Friday,20884,125,1032,1.0,889.17,0.15,889.17,133.3755,755.7945,572.31,183.4845,0.24277035622778417,EBT,In-Store,True,Percentage Discount,Rainy,False,304,False,320,265,-55.0,False,5.0
20233163,2024-04-09,Tuesday,20941,121,1039,5.0,99.16,0.0,495.8,0.0,495.8,71.53,138.15,0.2786405808793868,Credit Card,Online,False,None,Sunny,False,502,False,101,72,-29.0,False,3.0
20233164,2024-12-25,Wednesday,21115,123,1008,4.0,634.14,0.24,2536.56,608.7744,1927.7856,397.4,338.1856,0.1754269769418342,Debit Card,Online,True,BOGO,Sunny,True,223,False,94,107,13.0,False,1.0
20233165,2024-09-29,Sunday,21147,141,1036,2.0,1084.58,0.35,2169.16,759.206,1409.954,738.32,-66.686,-0.047296578469936006,Cash,Mobile App,True,BOGO,Sunny,False,321,False,399,418,19.0,False,1.0
20233166,2023-04-17,Monday,20262,140,1047,2.0,416.06,0.0,832.12,0.0,832.12,273.17,285.78,0.34343604287843094,Credit Card,Curbside Pickup,False,None,Sunny,False,187,False,80,63,-17.0,False,4.0
20233167,2024-09-29,Sunday,20838,143,1041,2.0,606.85,0.0,1213.7,0.0,1213.7,486.05,241.6,0.1990607234077614,EBT,Mobile App,False,None,Stormy,False,46,False,454,560,106.0,False,4.0
20233168,2024-04-10,Wednesday,20480,105,1008,3.0,637.47,0.0,1912.41,0.0,1912.41,397.4,720.21,0.37659811442107094,Gift Card,Online,False,None,Cloudy,False,64,False,375,310,-65.0,False,4.0
20233169,2023-11-18,Saturday,20154,128,1006,2.0,261.23,0.0,522.46,0.0,522.46,163.55,195.36,0.3739233625540711,Cash,Mobile App,False,None,Stormy,False,342,False,183,114,-69.0,False,2.0
20233170,2024-05-22,Wednesday,20767,108,1024,3.0,485.49,0.0,1456.47,0.0,1456.47,283.62,605.61,0.4158067107458444,Gift Card,Online,False,None,Sunny,False,436,False,403,281,-122.0,False,3.0
20233171,2024-10-26,Saturday,20711,114,1014,1.0,230.0,0.16,230.0,36.8,193.2,172.18,21.02,0.10879917184265002,Cash,Curbside Pickup,True,Loyalty Reward,Snowy,False,156,False,313,207,-106.0,False,1.0
20233172,2024-05-21,Tuesday,20446,124,1045,1.0,235.17,0.0,235.17,0.0,235.17,159.92,75.25,0.3199812901305439,Cash,In-Store,False,None,Sunny,False,323,False,407,486,79.0,False,5.0
20233173,2023-11-23,Thursday,20713,145,1008,2.0,605.15,0.0,1210.3,0.0,1210.3,397.4,415.5,0.3433033132281253,Digital Wallet,In-Store,False,None,Snowy,False,223,False,40,25,-15.0,False,4.0
20233174,2023-12-22,Friday,20594,149,1036,1.0,1058.77,0.0,1058.77,0.0,1058.77,738.32,320.45,0.3026625234942433,Gift Card,Mobile App,False,None,Sunny,False,382,False,69,91,22.0,False,1.0
20233175,2024-05-17,Friday,20089,132,1026,1.0,234.22,0.06,234.22,14.0532,220.1668,130.01,90.1568,0.4094931660904369,Debit Card,Curbside Pickup,True,Bundle Deal,Cloudy,False,369,False,380,238,-142.0,False,1.0
20233176,2024-03-14,Thursday,20504,123,1042,2.0,419.9,0.0,839.8,0.0,839.8,233.03,373.74,0.445034532031436,Cash,In-Store,False,None,Windy,False,262,False,248,276,28.0,False,3.0
20233177,2023-12-08,Friday,20194,133,1038,5.0,140.12,0.0,700.6,0.0,700.6,88.81,256.55,0.3661861261775621,Gift Card,In-Store,False,None,Rainy,False,27,False,42,42,0.0,False,2.0
20233178,2023-08-15,Tuesday,20600,130,1002,1.0,1311.71,0.0,1311.71,0.0,1311.71,759.3,552.41,0.4211372940665239,Credit Card,Mobile App,False,None,Stormy,False,154,False,82,103,21.0,False,1.0
20233179,2024-11-04,Monday,20196,146,1036,1.0,1089.33,0.09,1089.33,98.0397,991.2903,738.32,252.9703,0.2551929540720815,Cash,Mobile App,True,Bundle Deal,Rainy,False,217,False,83,74,-9.0,False,3.0
20233180,2023-11-02,Thursday,20299,138,1037,4.0,415.24,0.0,1660.96,0.0,1660.96,270.26,579.92,0.3491474809748579,Cash,Mobile App,False,None,Windy,False,366,False,156,209,53.0,False,2.0
20233181,2024-02-10,Saturday,21094,124,1029,2.0,2253.1,0.0,4506.2,0.0,4506.2,1429.66,1646.88,0.36546979716834577,EBT,Mobile App,False,None,Snowy,False,489,False,89,82,-7.0,False,3.0
20233182,2024-11-12,Tuesday,20710,138,1048,3.0,259.78,0.0,779.34,0.0,779.34,184.37,226.23,0.29028408653476007,Credit Card,Mobile App,False,None,Sunny,False,293,False,480,392,-88.0,False,1.0
20233183,2024-04-06,Saturday,20546,125,1033,2.0,804.28,0.0,1608.56,0.0,1608.56,465.85,676.86,0.4207862933306808,Digital Wallet,Mobile App,False,None,Sunny,False,35,False,433,430,-3.0,False,1.0
20233184,2023-11-18,Saturday,20547,135,1050,1.0,1297.07,0.0,1297.07,0.0,1297.07,742.28,554.79,0.42772556608355755,Debit Card,Mobile App,False,None,Snowy,False,46,False,22,26,4.0,False,1.0
20233185,2023-11-03,Friday,20059,125,1019,2.0,1212.49,0.0,2424.98,0.0,2424.98,867.36,690.26,0.2846456465620335,EBT,Online,False,None,Sunny,False,34,False,415,388,-27.0,False,4.0
20233186,2024-07-25,Thursday,20141,105,1037,2.0,403.1,0.0,806.2,0.0,806.2,270.26,265.68,0.3295460183577277,EBT,Curbside Pickup,False,None,Cloudy,False,468,False,232,146,-86.0,False,2.0
20233187,2023-06-21,Wednesday,20524,102,1020,3.0,326.34,0.0,979.02,0.0,979.02,190.07,408.81,0.4175706318563461,Cash,Mobile App,False,None,Stormy,False,505,False,352,410,58.0,False,4.0
20233188,2023-08-10,Thursday,20180,123,1048,4.0,286.93,0.0,1147.72,0.0,1147.72,184.37,410.24,0.3574390966437807,Gift Card,Mobile App,False,None,Cloudy,False,180,False,96,126,30.0,False,2.0
20233189,2024-10-09,Wednesday,20460,139,1039,3.0,97.12,0.18,291.36,52.4448,238.9152,71.53,24.3252,0.10181520472535871,Gift Card,Curbside Pickup,True,Manufacturer Rebate,Sunny,False,278,False,461,368,-93.0,False,2.0
20233190,2023-10-07,Saturday,20672,123,1012,6.0,260.08,0.0,1560.48,0.0,1560.48,173.37,520.26,0.33339741617963703,Gift Card,Online,False,None,Cloudy,False,98,False,228,297,69.0,False,5.0
20233191,2023-09-17,Sunday,20790,143,1036,1.0,1094.24,0.0,1094.24,0.0,1094.24,738.32,355.92,0.3252668518789296,Debit Card,In-Store,False,None,Sunny,False,124,False,365,287,-78.0,False,5.0
20233192,2023-01-08,Sunday,20957,130,1033,2.0,869.82,0.25,1739.64,434.91,1304.73,465.85,373.03,0.2859058962390686,Credit Card,Mobile App,True,BOGO,Stormy,False,157,False,34,48,14.0,False,2.0
20233193,2024-12-02,Monday,20142,108,1009,1.0,1711.96,0.0,1711.96,0.0,1711.96,1077.88,634.08,0.37038248557209275,Digital Wallet,Online,False,None,Cloudy,False,343,False,219,219,0.0,False,4.0
20233194,2023-02-26,Sunday,21141,121,1014,4.0,233.0,0.0,932.0,0.0,932.0,172.18,243.28,0.2610300429184549,Gift Card,Online,False,None,Snowy,False,127,False,117,157,40.0,False,1.0
20233195,2023-12-17,Sunday,20184,142,1048,2.0,285.99,0.0,571.98,0.0,571.98,184.37,203.24,0.3553271093394874,Gift Card,Mobile App,False,None,Snowy,False,453,False,289,320,31.0,False,3.0
20233196,2024-10-04,Friday,20867,120,1001,4.0,610.39,0.0,2441.56,0.0,2441.56,419.73,762.64,0.31235767296318745,Credit Card,Curbside Pickup,False,None,Sunny,False,253,False,425,482,57.0,False,2.0
20233197,2024-12-20,Friday,20595,112,1035,3.0,725.43,0.0,2176.29,0.0,2176.29,403.28,966.45,0.4440814413520257,Debit Card,Curbside Pickup,False,None,Sunny,False,519,False,426,456,30.0,False,1.0
20233198,2024-12-15,Sunday,20548,146,1033,1.0,812.14,0.0,812.14,0.0,812.14,465.85,346.29,0.4263920013790725,Digital Wallet,In-Store,False,None,Cloudy,False,356,False,108,77,-31.0,False,4.0
20233199,2023-10-27,Friday,21159,115,1029,2.0,2224.65,0.0,4449.3,0.0,4449.3,1429.66,1589.98,0.3573550895646506,Credit Card,In-Store,False,None,Rainy,False,6,True,101,113,12.0,False,4.0
20233200,2024-11-11,Monday,20134,118,1038,3.0,148.07,0.0,444.21,0.0,444.21,88.81,177.78,0.400216114000135,Debit Card,Curbside Pickup,False,None,Cloudy,False,367,False,424,344,-80.0,False,3.0
20233201,2023-02-11,Saturday,20452,126,1045,3.0,215.62,0.0,646.86,0.0,646.86,159.92,167.1,0.2583248307207124,Gift Card,Online,False,None,Cloudy,False,161,False,426,449,23.0,False,4.0
20233202,2023-08-03,Thursday,20982,134,1012,2.0,235.65,0.0,471.3,0.0,471.3,173.37,124.56,0.26429026098026737,Digital Wallet,Online,False,None,Rainy,False,134,False,186,162,-24.0,False,3.0
20233203,2023-02-16,Thursday,20059,125,1037,1.0,376.1,0.17,376.1,63.937,312.163,270.26,41.903,0.13423435833202532,EBT,In-Store,True,BOGO,Stormy,False,473,False,476,300,-176.0,True,1.0
20233204,2023-04-17,Monday,20529,126,1033,1.0,876.37,0.0,876.37,0.0,876.37,465.85,410.52,0.46843228316806823,Credit Card,Curbside Pickup,False,None,Sunny,False,354,False,190,129,-61.0,False,2.0
20233205,2023-11-25,Saturday,20268,116,1032,1.0,897.1,0.2,897.1,179.42,717.68,572.31,145.37,0.20255545647085066,Cash,Curbside Pickup,True,Manufacturer Rebate,Stormy,False,154,False,419,410,-9.0,False,2.0
20233206,2023-08-01,Tuesday,21011,113,1029,1.0,2095.17,0.0,2095.17,0.0,2095.17,1429.66,665.51,0.3176400960303937,Gift Card,Curbside Pickup,False,None,Stormy,False,339,False,427,400,-27.0,False,2.0
20233207,2024-06-19,Wednesday,21018,124,1027,5.0,61.96,0.0,309.8,0.0,309.8,37.44,122.6,0.395739186571982,Gift Card,Online,False,None,Windy,False,465,False,176,163,-13.0,False,2.0
20233208,2024-01-04,Thursday,21133,112,1041,2.0,603.71,0.0,1207.42,0.0,1207.42,486.05,235.32,0.1948948998691425,Gift Card,In-Store,False,None,Stormy,False,133,False,466,412,-54.0,False,1.0
20233209,2024-05-24,Friday,20016,108,1038,6.0,152.03,0.0,912.18,0.0,912.18,88.81,379.32,0.4158389791488522,Cash,Curbside Pickup,False,None,Cloudy,False,237,False,25,29,4.0,False,3.0
20233210,2024-06-30,Sunday,20522,113,1049,5.0,157.91,0.0,789.55,0.0,789.55,117.26,203.25,0.25742511557216124,Credit Card,Mobile App,False,None,Stormy,False,377,False,27,21,-6.0,False,4.0
20233211,2024-08-06,Tuesday,20444,137,1004,1.0,703.96,0.25,703.96,175.99,527.97,445.03,82.94,0.15709225902986923,Digital Wallet,Curbside Pickup,True,BOGO,Cloudy,False,275,False,145,198,53.0,True,4.0
20233212,2023-03-03,Friday,20299,138,1032,2.0,981.06,0.27,1962.12,529.7724,1432.3476,572.31,287.7276,0.2008783342814272,EBT,Online,True,Bundle Deal,Sunny,False,300,False,310,265,-45.0,False,1.0
20233213,2023-11-28,Tuesday,20287,140,1040,5.0,92.16,0.25,460.8,115.2,345.6,47.28,109.2,0.31597222222222215,Credit Card,In-Store,True,Manufacturer Rebate,Sunny,True,487,False,118,109,-9.0,False,3.0
20233214,2024-03-27,Wednesday,20364,114,1004,2.0,669.55,0.0,1339.1,0.0,1339.1,445.03,449.04,0.3353296990516018,Debit Card,Mobile App,False,None,Cloudy,False,395,False,420,476,56.0,False,2.0
20233215,2023-02-19,Sunday,20298,122,1021,7.0,77.46,0.29,542.22,157.2438,384.9762,45.04,69.6962,0.18104028249019027,Cash,Curbside Pickup,True,Manufacturer Rebate,Cloudy,False,123,False,303,202,-101.0,False,5.0
20233216,2023-11-25,Saturday,20772,140,1014,6.0,232.4,0.14,1394.4,195.216,1199.184,172.18,166.104,0.13851418964896134,Cash,Mobile App,True,BOGO,Cloudy,False,121,False,236,232,-4.0,False,4.0
20233217,2024-11-16,Saturday,20865,117,1008,4.0,624.68,0.29,2498.72,724.6288,1774.0912,397.4,184.4912,0.10399194810278072,Credit Card,In-Store,True,Bundle Deal,Rainy,False,43,False,135,161,26.0,False,5.0
20233218,2024-02-05,Monday,21184,121,1016,3.0,394.9,0.0,1184.7,0.0,1184.7,263.25,394.95,0.333375538110914,EBT,In-Store,False,None,Sunny,False,63,False,108,78,-30.0,False,1.0
20233219,2024-07-20,Saturday,20343,139,1041,3.0,632.49,0.0,1897.47,0.0,1897.47,486.05,439.32,0.23152935224272317,Gift Card,Curbside Pickup,False,None,Windy,False,258,False,101,79,-22.0,False,2.0
20233220,2023-02-16,Thursday,20588,114,1005,1.0,1157.4,0.32,1157.4,370.368,787.032,774.22,12.812,0.016278880655424443,EBT,In-Store,True,Bundle Deal,Sunny,False,232,False,270,364,94.0,False,4.0
20233221,2024-12-24,Tuesday,20492,129,1029,1.0,2227.32,0.0,2227.32,0.0,2227.32,1429.66,797.66,0.35812546019431424,Debit Card,Online,False,None,Cloudy,True,402,False,99,85,-14.0,False,5.0
20233222,2023-05-18,Thursday,20988,110,1038,2.0,155.15,0.0,310.3,0.0,310.3,88.81,132.68,0.42758620689655175,Gift Card,In-Store,False,None,Sunny,False,30,False,50,61,11.0,False,1.0
20233223,2023-10-24,Tuesday,20411,122,1014,2.0,234.66,0.0,469.32,0.0,469.32,172.18,124.96,0.26625756413534474,EBT,Online,False,None,Cloudy,False,374,False,334,261,-73.0,False,2.0
20233224,2024-05-24,Friday,20745,131,1003,1.0,1858.88,0.31,1858.88,576.2528,1282.6272,1394.94,-112.3128,-0.08756464855883293,Digital Wallet,Mobile App,True,Manufacturer Rebate,Cloudy,False,228,False,460,390,-70.0,False,5.0
20233225,2024-08-05,Monday,20984,106,1026,7.0,234.45,0.26,1641.15,426.699,1214.451,130.01,304.381,0.2506325903638764,Credit Card,In-Store,True,Bundle Deal,Windy,False,434,False,84,100,16.0,False,1.0
20233226,2023-08-14,Monday,20569,115,1002,1.0,1350.23,0.0,1350.23,0.0,1350.23,759.3,590.93,0.4376513631011013,Gift Card,In-Store,False,None,Sunny,False,509,False,383,421,38.0,False,1.0
20233227,2023-09-16,Saturday,20202,134,1019,2.0,1332.34,0.0,2664.68,0.0,2664.68,867.36,929.96,0.3489950012759505,Credit Card,Online,False,None,Cloudy,False,47,False,430,318,-112.0,False,1.0
20233228,2023-06-06,Tuesday,21112,106,1022,3.0,311.6,0.0,934.8,0.0,934.8,187.99,370.83,0.39669448010269576,Cash,Curbside Pickup,False,None,Cloudy,False,30,False,199,150,-49.0,False,5.0
20233229,2024-04-27,Saturday,20356,137,1036,2.0,1147.37,0.0,2294.74,0.0,2294.74,738.32,818.1,0.35651097727847153,EBT,In-Store,False,None,Snowy,False,149,False,171,126,-45.0,False,3.0
20233230,2023-11-19,Sunday,21022,137,1011,2.0,853.63,0.0,1707.26,0.0,1707.26,618.67,469.92,0.27524805829223437,Credit Card,Curbside Pickup,False,None,Snowy,False,155,False,259,351,92.0,True,2.0
20233231,2023-07-03,Monday,20746,124,1027,1.0,56.81,0.15,56.81,8.5215,48.2885,37.44,10.8485,0.22466011576255218,Cash,Mobile App,True,Loyalty Reward,Cloudy,False,414,False,375,363,-12.0,False,4.0
20233232,2024-09-02,Monday,20844,140,1007,1.0,1065.5,0.0,1065.5,0.0,1065.5,637.12,428.38,0.40204598779915535,Digital Wallet,Mobile App,False,None,Stormy,True,272,False,203,274,71.0,False,4.0
20233233,2024-10-17,Thursday,20373,150,1025,2.0,521.18,0.0,1042.36,0.0,1042.36,301.28,439.8,0.42192716527879043,EBT,Curbside Pickup,False,None,Windy,False,116,False,144,189,45.0,True,5.0
20233234,2023-11-04,Saturday,20525,105,1045,3.0,214.31,0.27,642.93,173.5911,469.3389,159.92,-10.4211,-0.022203784940902974,Digital Wallet,Mobile App,True,Percentage Discount,Cloudy,False,515,False,85,69,-16.0,False,3.0
20233235,2023-09-14,Thursday,20298,122,1049,6.0,162.67,0.0,976.02,0.0,976.02,117.26,272.46,0.27915411569435045,EBT,In-Store,False,None,Snowy,False,145,False,293,244,-49.0,False,5.0
20233236,2024-12-20,Friday,20244,115,1039,6.0,95.02,0.34,570.12,193.8408,376.2792,71.53,-52.9008,-0.14058922204575752,Credit Card,Mobile App,True,Loyalty Reward,Cloudy,False,443,False,181,207,26.0,False,2.0
20233237,2024-06-21,Friday,20920,106,1001,4.0,672.38,0.27,2689.52,726.1704,1963.3496,419.73,284.4296,0.14486956372925125,Cash,In-Store,True,Bundle Deal,Sunny,False,44,False,245,164,-81.0,False,1.0
20233238,2024-11-22,Friday,21051,142,1041,2.0,623.06,0.26,1246.12,323.9912,922.1288,486.05,-49.9712,-0.05419112818079217,Gift Card,Online,True,Percentage Discount,Rainy,False,210,False,115,74,-41.0,False,2.0
20233239,2023-10-07,Saturday,20656,141,1027,5.0,60.25,0.0,301.25,0.0,301.25,37.44,114.05,0.3785892116182573,Cash,Curbside Pickup,False,None,Stormy,False,192,False,334,444,110.0,False,4.0
20233240,2023-04-21,Friday,20927,112,1042,3.0,424.65,0.08,1273.95,101.916,1172.034,233.03,472.944,0.4035241298460624,Cash,Curbside Pickup,True,Percentage Discount,Sunny,False,338,False,240,166,-74.0,False,4.0
20233241,2024-05-11,Saturday,20577,129,1038,7.0,140.33,0.0,982.31,0.0,982.31,88.81,360.64,0.3671346112734269,EBT,Mobile App,False,None,Windy,False,67,False,170,208,38.0,False,1.0
20233242,2023-12-28,Thursday,21170,143,1044,2.0,70.07,0.19,140.14,26.6266,113.5134,46.06,21.3934,0.18846585513252168,Debit Card,In-Store,True,Loyalty Reward,Windy,False,41,False,59,36,-23.0,True,1.0
20233243,2023-05-01,Monday,20698,114,1006,1.0,276.05,0.0,276.05,0.0,276.05,163.55,112.5,0.40753486687194346,Debit Card,Mobile App,False,None,Sunny,False,388,False,430,339,-91.0,False,2.0
20233244,2023-12-27,Wednesday,20175,134,1032,2.0,992.46,0.16,1984.92,317.5872,1667.3328,572.31,522.7128,0.31350237936901393,EBT,Online,True,Clearance,Sunny,False,506,False,288,270,-18.0,False,5.0
20233245,2024-09-08,Sunday,20729,135,1041,4.0,632.87,0.35,2531.48,886.018,1645.462,486.05,-298.738,-0.18155265815922828,Gift Card,Online,True,Manufacturer Rebate,Cloudy,False,464,False,85,63,-22.0,False,1.0
20233246,2023-08-20,Sunday,20455,148,1039,3.0,97.19,0.0,291.57,0.0,291.57,71.53,76.98,0.2640189319888877,Debit Card,In-Store,False,None,Cloudy,False,345,False,305,257,-48.0,False,5.0
20233247,2023-08-27,Sunday,20572,147,1042,3.0,400.58,0.0,1201.74,0.0,1201.74,233.03,502.65,0.4182685106595436,Credit Card,Curbside Pickup,False,None,Cloudy,False,83,False,163,109,-54.0,False,5.0
20233248,2023-04-02,Sunday,20691,113,1031,3.0,521.01,0.23,1563.03,359.4969,1203.5331,402.09,-2.7369,-0.002274054614700566,EBT,In-Store,True,Bundle Deal,Sunny,False,39,False,125,128,3.0,False,5.0
20233249,2023-01-17,Tuesday,21058,132,1042,4.0,444.57,0.0,1778.28,0.0,1778.28,233.03,846.16,0.47583057786175403,Digital Wallet,Online,False,None,Snowy,False,25,False,444,357,-87.0,False,5.0
20233250,2024-11-12,Tuesday,20579,118,1011,1.0,885.79,0.17,885.79,150.5843,735.2057,618.67,116.5357,0.15850761222335466,Credit Card,Curbside Pickup,True,BOGO,Stormy,False,72,False,48,31,-17.0,False,1.0
20233251,2024-12-22,Sunday,20195,148,1026,3.0,236.18,0.0,708.54,0.0,708.54,130.01,318.51,0.4495300194766704,Gift Card,In-Store,False,None,Windy,False,353,False,59,74,15.0,False,3.0
20233252,2023-12-22,Friday,20523,135,1031,3.0,524.35,0.0,1573.05,0.0,1573.05,402.09,366.78,0.23316487079240975,EBT,Mobile App,False,None,Snowy,False,46,False,69,59,-10.0,False,3.0
20233253,2023-09-19,Tuesday,20861,105,1001,4.0,613.85,0.0,2455.4,0.0,2455.4,419.73,776.48,0.3162336075588499,Digital Wallet,Curbside Pickup,False,None,Snowy,False,81,False,236,155,-81.0,False,3.0
20233254,2024-08-26,Monday,20318,120,1032,2.0,992.94,0.0,1985.88,0.0,1985.88,572.31,841.26,0.423620762583842,Cash,Curbside Pickup,False,None,Rainy,False,115,False,215,138,-77.0,False,3.0
20233255,2023-11-27,Monday,21033,108,1002,1.0,1319.37,0.0,1319.37,0.0,1319.37,759.3,560.07,0.42449805589031125,Cash,Curbside Pickup,False,None,Cloudy,False,224,False,349,297,-52.0,False,1.0
20233256,2024-02-03,Saturday,20993,131,1001,2.0,669.67,0.0,1339.34,0.0,1339.34,419.73,499.88,0.37322860513387185,EBT,In-Store,False,None,Windy,False,475,False,182,261,79.0,False,3.0
20233257,2024-03-01,Friday,20279,146,1030,2.0,943.33,0.16,1886.66,301.8656,1584.7944,569.19,446.4144,0.2816860029288341,Debit Card,Mobile App,True,BOGO,Snowy,False,82,False,309,434,125.0,False,1.0
20233258,2023-12-23,Saturday,20662,146,1005,1.0,1165.11,0.2,1165.11,233.022,932.088,774.22,157.868,0.16937027405137706,Gift Card,Online,True,Clearance,Rainy,False,417,False,39,41,2.0,False,5.0
20233259,2024-12-03,Tuesday,20041,123,1048,4.0,289.16,0.0,1156.64,0.0,1156.64,184.37,419.16,0.3623945220639093,Gift Card,In-Store,False,None,Cloudy,False,419,False,346,334,-12.0,False,3.0
20233260,2024-11-05,Tuesday,20757,141,1013,1.0,188.02,0.0,188.02,0.0,188.02,118.75,69.27,0.36841825337730033,Cash,Curbside Pickup,False,None,Sunny,False,293,False,254,327,73.0,False,1.0
20233261,2024-04-09,Tuesday,20371,120,1007,2.0,1024.0,0.15,2048.0,307.2,1740.8,637.12,466.56,0.26801470588235293,Debit Card,Mobile App,True,Loyalty Reward,Sunny,False,458,False,121,90,-31.0,False,5.0
20233262,2024-12-15,Sunday,20043,150,1014,5.0,216.95,0.0,1084.75,0.0,1084.75,172.18,223.85,0.20636091265268486,Digital Wallet,In-Store,False,None,Sunny,False,394,False,474,535,61.0,True,2.0
20233263,2024-06-10,Monday,20838,143,1026,4.0,232.53,0.0,930.12,0.0,930.12,130.01,410.08,0.44088934761106097,Debit Card,Online,False,None,Sunny,False,153,False,224,245,21.0,False,2.0
20233264,2024-10-05,Saturday,20916,148,1035,1.0,713.39,0.23,713.39,164.0797,549.3103,403.28,146.0303,0.2658430034900129,EBT,Curbside Pickup,True,Clearance,Cloudy,False,214,False,313,418,105.0,False,5.0
20233265,2024-01-21,Sunday,20624,144,1026,6.0,218.03,0.07,1308.18,91.5726,1216.6074,130.01,436.5474,0.3588235613230695,Digital Wallet,Mobile App,True,Clearance,Cloudy,False,73,False,129,142,13.0,False,4.0
20233266,2023-10-04,Wednesday,20411,134,1029,1.0,2100.19,0.18,2100.19,378.0342,1722.1558,1429.66,292.4958,0.1698428214218481,Credit Card,Online,True,Percentage Discount,Cloudy,False,89,False,387,497,110.0,False,4.0
20233267,2024-08-26,Monday,20208,149,1042,1.0,429.44,0.16,429.44,68.7104,360.7296,233.03,127.6996,0.35400366368604075,Gift Card,Mobile App,True,Manufacturer Rebate,Sunny,False,21,True,340,249,-91.0,False,1.0
20233268,2023-10-29,Sunday,20671,133,1028,1.0,784.86,0.0,784.86,0.0,784.86,494.36,290.5,0.37012970466070383,Gift Card,Mobile App,False,None,Sunny,False,100,False,57,39,-18.0,False,1.0
20233269,2024-11-25,Monday,20741,145,1038,3.0,147.85,0.16,443.55,70.968,372.582,88.81,106.152,0.28490909383706137,Credit Card,In-Store,True,Percentage Discount,Cloudy,False,479,False,451,468,17.0,False,4.0
20233270,2024-03-19,Tuesday,20815,117,1017,3.0,121.64,0.0,364.92,0.0,364.92,93.3,85.02,0.23298257152252558,Credit Card,Curbside Pickup,False,None,Cloudy,False,473,False,185,264,79.0,False,5.0
20233271,2023-05-07,Sunday,20597,103,1018,3.0,361.98,0.0,1085.94,0.0,1085.94,198.14,491.52,0.45262169180617723,Cash,In-Store,False,None,Cloudy,False,497,False,211,196,-15.0,False,1.0
20233272,2023-12-27,Wednesday,21112,106,1023,3.0,130.29,0.0,390.87,0.0,390.87,70.74,178.65,0.45705733364034085,Credit Card,Online,False,None,Snowy,False,473,False,243,278,35.0,False,3.0
20233273,2023-11-04,Saturday,20482,113,1031,4.0,518.85,0.0,2075.4,0.0,2075.4,402.09,467.04,0.22503613761202668,Credit Card,Curbside Pickup,False,None,Sunny,False,457,False,82,65,-17.0,False,2.0
20233274,2023-12-26,Tuesday,20266,132,1022,4.0,324.18,0.11,1296.72,142.6392,1154.0808,187.99,402.1208,0.3484338358284792,Credit Card,Online,True,Loyalty Reward,Rainy,False,291,False,384,505,121.0,False,5.0
20233275,2024-09-20,Friday,20343,139,1007,2.0,1076.72,0.0,2153.44,0.0,2153.44,637.12,879.2,0.40827698937513934,Gift Card,In-Store,False,None,Windy,False,51,False,44,41,-3.0,False,4.0
20233276,2024-07-10,Wednesday,20796,121,1005,2.0,1172.89,0.0,2345.78,0.0,2345.78,774.22,797.34,0.33990399781735714,Gift Card,In-Store,False,None,Sunny,False,316,False,26,19,-7.0,False,2.0
20233277,2023-06-23,Friday,21180,123,1013,6.0,170.4,0.0,1022.4,0.0,1022.4,118.75,309.9,0.30311032863849774,Gift Card,Curbside Pickup,False,None,Windy,False,14,True,109,141,32.0,False,5.0
20233278,2023-07-16,Sunday,20711,114,1032,1.0,925.26,0.19,925.26,175.7994,749.4606,572.31,177.1506,0.2363707978778338,Cash,Online,True,Loyalty Reward,Cloudy,False,191,False,377,429,52.0,False,2.0
20233279,2023-12-19,Tuesday,20323,108,1009,1.0,1745.55,0.0,1745.55,0.0,1745.55,1077.88,667.67,0.38249835295465606,Cash,Curbside Pickup,False,None,Windy,False,413,False,405,434,29.0,False,4.0
20233280,2024-03-17,Sunday,20468,138,1041,2.0,624.08,0.34,1248.16,424.3744,823.7856,486.05,-148.3144,-0.1800400492555344,Credit Card,In-Store,True,BOGO,Sunny,False,89,False,71,88,17.0,False,5.0
20233281,2024-12-12,Thursday,20367,145,1018,2.0,341.42,0.0,682.84,0.0,682.84,198.14,286.56,0.41965907093901944,Digital Wallet,In-Store,False,None,Cloudy,False,277,False,198,208,10.0,False,1.0
20233282,2023-07-10,Monday,20026,113,1040,5.0,92.14,0.22,460.7,101.354,359.346,47.28,122.946,0.3421382177622681,Gift Card,Mobile App,True,BOGO,Sunny,False,163,False,321,380,59.0,False,4.0
20233283,2024-05-16,Thursday,20728,145,1019,1.0,1316.75,0.33,1316.75,434.5275,882.2225,867.36,14.8625,0.016846657164150715,Digital Wallet,Mobile App,True,BOGO,Sunny,False,61,False,61,69,8.0,False,1.0
20233284,2024-03-25,Monday,21128,102,1043,7.0,116.18,0.25,813.26,203.315,609.945,75.88,78.785,0.12916738394445396,Debit Card,In-Store,True,Clearance,Sunny,False,154,False,184,170,-14.0,False,3.0
20233285,2024-05-05,Sunday,20425,123,1008,2.0,673.44,0.0,1346.88,0.0,1346.88,397.4,552.08,0.40989546210501315,Debit Card,In-Store,False,None,Cloudy,False,386,False,65,80,15.0,False,5.0
20233286,2023-02-08,Wednesday,20315,137,1033,1.0,876.43,0.0,876.43,0.0,876.43,465.85,410.58,0.468468674052691,Digital Wallet,Curbside Pickup,False,None,Cloudy,False,514,False,44,27,-17.0,False,4.0
20233287,2024-03-01,Friday,20519,146,1007,2.0,1064.49,0.0,2128.98,0.0,2128.98,637.12,854.74,0.40147864235455477,Digital Wallet,In-Store,False,None,Cloudy,False,222,False,35,41,6.0,False,4.0
20233288,2023-12-27,Wednesday,20716,113,1014,5.0,229.45,0.0,1147.25,0.0,1147.25,172.18,286.35,0.2495968620614512,Debit Card,In-Store,False,None,Sunny,False,461,False,338,255,-83.0,False,5.0
20233289,2023-05-03,Wednesday,20512,133,1003,2.0,1961.61,0.0,3923.22,0.0,3923.22,1394.94,1133.34,0.28888005260984595,Digital Wallet,Curbside Pickup,False,None,Cloudy,False,350,False,302,415,113.0,False,2.0
20233290,2024-04-07,Sunday,20694,123,1046,4.0,534.26,0.0,2137.04,0.0,2137.04,345.33,755.72,0.3536293190581365,Digital Wallet,In-Store,False,None,Stormy,False,67,False,401,368,-33.0,False,3.0
20233291,2024-09-13,Friday,20391,119,1011,1.0,896.29,0.16,896.29,143.4064,752.8836,618.67,134.2136,0.17826606928348557,Credit Card,In-Store,True,BOGO,Cloudy,False,138,False,183,188,5.0,False,3.0
20233292,2024-10-29,Tuesday,20300,131,1033,1.0,872.22,0.15,872.22,130.833,741.387,465.85,275.537,0.3716507033438677,Digital Wallet,Curbside Pickup,True,Clearance,Stormy,False,193,False,151,168,17.0,False,2.0
20233293,2024-03-22,Friday,20811,149,1046,3.0,548.09,0.0,1644.27,0.0,1644.27,345.33,608.28,0.3699392435548906,EBT,Online,False,None,Stormy,False,194,False,399,435,36.0,False,4.0
20233294,2023-09-16,Saturday,20053,137,1005,2.0,1128.64,0.0,2257.28,0.0,2257.28,774.22,708.84,0.31402395803799266,Gift Card,Mobile App,False,None,Cloudy,False,443,False,466,609,143.0,True,3.0
20233295,2023-01-19,Thursday,20746,124,1046,1.0,511.51,0.0,511.51,0.0,511.51,345.33,166.18,0.32488123399347035,Credit Card,Mobile App,False,None,Rainy,False,397,False,446,317,-129.0,False,4.0
20233296,2023-11-24,Friday,20492,129,1041,4.0,609.99,0.0,2439.96,0.0,2439.96,486.05,495.76,0.20318365874850405,Cash,Mobile App,False,None,Snowy,False,401,False,442,440,-2.0,False,2.0
20233297,2023-06-13,Tuesday,20911,129,1007,1.0,1034.5,0.0,1034.5,0.0,1034.5,637.12,397.38,0.38412759787336875,Digital Wallet,Curbside Pickup,False,None,Snowy,False,102,False,114,115,1.0,False,4.0
20233298,2024-12-20,Friday,20378,103,1005,1.0,1089.92,0.0,1089.92,0.0,1089.92,774.22,315.7,0.2896542865531415,Digital Wallet,In-Store,False,None,Sunny,False,184,False,422,381,-41.0,False,2.0
20233299,2023-03-20,Monday,20738,125,1042,1.0,423.65,0.16,423.65,67.784,355.866,233.03,122.836,0.3451748691923364,Cash,Curbside Pickup,True,Bundle Deal,Rainy,False,337,False,209,268,59.0,False,2.0
20233300,2024-03-04,Monday,20062,142,1032,2.0,975.55,0.16,1951.1,312.176,1638.924,572.31,494.304,0.3016027588832674,EBT,Curbside Pickup,True,Manufacturer Rebate,Windy,False,183,False,282,351,69.0,False,4.0
20233301,2023-02-25,Saturday,20428,149,1014,5.0,227.68,0.29,1138.4,330.136,808.264,172.18,-52.636,-0.06512228677758747,Debit Card,In-Store,True,Percentage Discount,Cloudy,False,17,True,374,317,-57.0,False,5.0
20233302,2023-10-12,Thursday,21024,135,1040,2.0,90.19,0.0,180.38,0.0,180.38,47.28,85.82,0.47577336733562475,Cash,Curbside Pickup,False,None,Sunny,False,504,False,51,57,6.0,False,5.0
20233303,2024-02-21,Wednesday,20293,129,1042,2.0,449.3,0.0,898.6,0.0,898.6,233.03,432.54,0.48134876474515914,Debit Card,Curbside Pickup,False,None,Rainy,False,129,False,183,181,-2.0,False,2.0
20233304,2024-10-09,Wednesday,21179,150,1046,4.0,560.08,0.0,2240.32,0.0,2240.32,345.33,859.0,0.3834273675189259,Gift Card,Mobile App,False,None,Rainy,False,16,True,82,75,-7.0,False,5.0
20233305,2024-11-13,Wednesday,20091,117,1006,5.0,272.69,0.0,1363.45,0.0,1363.45,163.55,545.7,0.40023469874216144,Debit Card,Mobile App,False,None,Cloudy,False,213,False,279,215,-64.0,False,4.0
20233306,2024-01-03,Wednesday,20793,132,1040,6.0,88.31,0.0,529.86,0.0,529.86,47.28,246.18,0.46461329407768087,Credit Card,Curbside Pickup,False,None,Cloudy,False,180,False,329,446,117.0,False,2.0
20233307,2023-11-22,Wednesday,20192,114,1032,1.0,976.56,0.0,976.56,0.0,976.56,572.31,404.25,0.4139530597198329,Credit Card,In-Store,False,None,Cloudy,False,384,False,297,205,-92.0,False,5.0
20233308,2023-01-08,Sunday,20070,140,1034,1.0,1557.51,0.0,1557.51,0.0,1557.51,1145.68,411.83,0.2644156377808168,Gift Card,Curbside Pickup,False,None,Cloudy,False,186,False,267,287,20.0,False,4.0
20233309,2023-05-21,Sunday,20961,141,1008,4.0,651.35,0.13,2605.4,338.702,2266.698,397.4,677.098,0.2987155765787945,Gift Card,Curbside Pickup,True,BOGO,Sunny,False,428,False,194,183,-11.0,False,5.0
20233310,2024-11-03,Sunday,20354,147,1043,4.0,125.45,0.0,501.8,0.0,501.8,75.88,198.28,0.3951375049820646,Digital Wallet,In-Store,False,None,Sunny,False,90,False,289,325,36.0,False,1.0
20233311,2024-02-18,Sunday,21127,150,1001,1.0,661.44,0.0,661.44,0.0,661.44,419.73,241.71,0.3654299709724238,Cash,In-Store,False,None,Cloudy,False,206,False,205,201,-4.0,False,2.0
20233312,2023-10-05,Thursday,20705,103,1020,4.0,364.46,0.0,1457.84,0.0,1457.84,190.07,697.56,0.47848872304230916,Digital Wallet,Mobile App,False,None,Sunny,False,479,False,270,213,-57.0,False,3.0
20233313,2023-02-17,Friday,20481,127,1042,2.0,415.68,0.0,831.36,0.0,831.36,233.03,365.3,0.43940050038491146,EBT,Online,False,None,Sunny,False,486,False,260,293,33.0,False,2.0
20233314,2024-04-21,Sunday,20201,128,1001,4.0,680.86,0.0,2723.44,0.0,2723.44,419.73,1044.52,0.3835296536732955,Credit Card,Mobile App,False,None,Sunny,False,276,False,443,425,-18.0,False,3.0
20233315,2024-08-26,Monday,21109,117,1033,1.0,859.12,0.0,859.12,0.0,859.12,465.85,393.27,0.45775910233727535,Gift Card,Curbside Pickup,False,None,Sunny,False,398,False,67,82,15.0,False,5.0
20233316,2024-11-24,Sunday,20785,129,1034,1.0,1558.31,0.0,1558.31,0.0,1558.31,1145.68,412.63,0.2647932696318447,Digital Wallet,In-Store,False,None,Rainy,False,109,False,325,214,-111.0,False,4.0
20233317,2024-12-29,Sunday,20632,103,1042,2.0,419.16,0.0,838.32,0.0,838.32,233.03,372.26,0.4440547762191049,Cash,Curbside Pickup,False,None,Sunny,False,358,False,469,412,-57.0,False,2.0
20233318,2023-09-30,Saturday,21091,111,1048,2.0,281.76,0.0,563.52,0.0,563.52,184.37,194.78,0.34564877910278247,EBT,In-Store,False,None,Stormy,False,308,False,420,502,82.0,False,1.0
20233319,2024-07-16,Tuesday,20751,117,1035,4.0,785.33,0.0,3141.32,0.0,3141.32,403.28,1528.2,0.48648338914851086,Cash,Online,False,None,Sunny,False,480,False,102,108,6.0,False,3.0
20233320,2024-07-30,Tuesday,20466,145,1031,3.0,543.06,0.0,1629.18,0.0,1629.18,402.09,422.91,0.25958457628991266,Digital Wallet,In-Store,False,None,Sunny,False,489,False,136,109,-27.0,False,1.0
20233321,2023-12-24,Sunday,20480,105,1049,2.0,164.4,0.0,328.8,0.0,328.8,117.26,94.28,0.2867396593673966,Debit Card,Mobile App,False,None,Sunny,True,512,False,187,135,-52.0,True,5.0
20233322,2023-11-26,Sunday,20288,124,1024,4.0,478.37,0.14,1913.48,267.8872,1645.5928,283.62,511.1128,0.31059494183494235,Digital Wallet,Online,True,Bundle Deal,Rainy,False,255,False,454,430,-24.0,False,2.0
20233323,2024-01-08,Monday,20778,112,1019,1.0,1351.9,0.0,1351.9,0.0,1351.9,867.36,484.54,0.35841408388194396,Debit Card,Mobile App,False,None,Windy,False,80,False,206,143,-63.0,False,3.0
20233324,2024-08-20,Tuesday,20004,124,1050,2.0,1253.09,0.0,2506.18,0.0,2506.18,742.28,1021.62,0.4076403131459033,Cash,Mobile App,False,None,Sunny,False,297,False,319,407,88.0,False,4.0
20233325,2024-06-15,Saturday,20326,109,1013,2.0,187.92,0.0,375.84,0.0,375.84,118.75,138.34,0.36808216262239246,Debit Card,In-Store,False,None,Cloudy,False,326,False,269,193,-76.0,False,2.0
20233326,2024-08-25,Sunday,20773,132,1039,2.0,101.45,0.0,202.9,0.0,202.9,71.53,59.84,0.2949236076885165,EBT,Mobile App,False,None,Sunny,False,397,False,347,289,-58.0,False,4.0
20233327,2023-07-19,Wednesday,20188,135,1038,5.0,149.17,0.23,745.85,171.5455,574.3045,88.81,130.2545,0.2268038993251837,Gift Card,Curbside Pickup,True,Manufacturer Rebate,Stormy,False,317,False,47,42,-5.0,False,2.0
20233328,2023-11-09,Thursday,20642,127,1044,5.0,67.47,0.12,337.35,40.482,296.868,46.06,66.568,0.22423433984127636,Debit Card,Online,True,Manufacturer Rebate,Sunny,False,453,False,24,30,6.0,False,4.0
20233329,2023-11-04,Saturday,21076,141,1033,2.0,865.19,0.29,1730.38,501.8102,1228.5698,465.85,296.8698,0.24163852961386492,Cash,Curbside Pickup,True,BOGO,Stormy,False,383,False,421,528,107.0,False,5.0
20233330,2024-07-31,Wednesday,20404,135,1005,1.0,1128.4,0.13,1128.4,146.692,981.708,774.22,207.488,0.2113540889959133,Digital Wallet,Online,True,Loyalty Reward,Sunny,False,124,False,451,299,-152.0,False,5.0
20233331,2024-07-26,Friday,21066,135,1031,1.0,539.75,0.25,539.75,134.9375,404.8125,402.09,2.7225,0.006725335803612845,Gift Card,Mobile App,True,Bundle Deal,Sunny,False,512,False,436,353,-83.0,False,5.0
20233332,2024-12-06,Friday,20218,128,1046,2.0,563.71,0.0,1127.42,0.0,1127.42,345.33,436.76,0.38739777545191684,Credit Card,Curbside Pickup,False,None,Sunny,False,310,False,50,56,6.0,False,4.0
20233333,2023-03-04,Saturday,20998,109,1010,2.0,411.78,0.22,823.56,181.1832,642.3768,261.42,119.5368,0.18608517617697273,Cash,Curbside Pickup,True,Percentage Discount,Rainy,False,50,False,373,428,55.0,False,5.0
20233334,2024-03-01,Friday,20056,122,1015,3.0,236.84,0.0,710.52,0.0,710.52,149.38,262.38,0.3692788380341159,Cash,Mobile App,False,None,Windy,False,85,False,118,170,52.0,False,4.0
20233335,2023-05-24,Wednesday,20556,129,1049,6.0,164.09,0.0,984.54,0.0,984.54,117.26,280.98,0.28539216283746716,EBT,Mobile App,False,None,Stormy,False,269,False,389,449,60.0,False,2.0
20233336,2024-08-02,Friday,20144,146,1032,1.0,958.03,0.0,958.03,0.0,958.03,572.31,385.72,0.4026178720916882,Debit Card,In-Store,False,None,Windy,False,492,False,403,456,53.0,False,1.0
20233337,2023-09-03,Sunday,20906,132,1038,3.0,146.96,0.0,440.88,0.0,440.88,88.81,174.45,0.3956859009254219,Credit Card,Curbside Pickup,False,None,Sunny,False,98,False,203,178,-25.0,False,4.0
20233338,2023-05-13,Saturday,20469,146,1047,3.0,383.61,0.0,1150.83,0.0,1150.83,273.17,331.32,0.28789656161205385,Credit Card,Curbside Pickup,False,None,Sunny,False,194,False,405,384,-21.0,False,1.0
20233339,2024-11-03,Sunday,20555,141,1040,2.0,93.38,0.0,186.76,0.0,186.76,47.28,92.2,0.49368173056328973,Debit Card,Online,False,None,Stormy,False,297,False,328,281,-47.0,False,3.0
20233340,2024-10-01,Tuesday,20247,135,1020,2.0,353.37,0.19,706.74,134.2806,572.4594,190.07,192.3194,0.33595290775206066,Cash,In-Store,True,Bundle Deal,Cloudy,False,500,False,51,66,15.0,False,1.0
20233341,2023-05-29,Monday,20893,120,1032,1.0,900.4,0.0,900.4,0.0,900.4,572.31,328.09,0.36438249666814754,Debit Card,Online,False,None,Snowy,False,414,False,82,111,29.0,False,5.0
20233342,2024-01-23,Tuesday,20418,109,1044,2.0,66.28,0.29,132.56,38.4424,94.1176,46.06,1.9976,0.021224510612255363,Debit Card,In-Store,True,Loyalty Reward,Windy,False,95,False,342,462,120.0,False,1.0
20233343,2024-06-24,Monday,20233,121,1017,2.0,129.17,0.0,258.34,0.0,258.34,93.3,71.74,0.2776960594565301,Debit Card,Online,False,None,Cloudy,False,203,False,269,314,45.0,False,5.0
20233344,2023-03-22,Wednesday,20630,119,1010,3.0,411.74,0.0,1235.22,0.0,1235.22,261.42,450.96,0.3650847622285909,Cash,Curbside Pickup,False,None,Cloudy,False,238,False,44,28,-16.0,False,2.0
20233345,2023-11-20,Monday,21146,128,1034,2.0,1592.02,0.0,3184.04,0.0,3184.04,1145.68,892.68,0.2803607994874436,Debit Card,Curbside Pickup,False,None,Sunny,False,264,False,118,115,-3.0,False,1.0
20233346,2024-04-20,Saturday,20050,116,1049,5.0,154.54,0.0,772.7,0.0,772.7,117.26,186.4,0.24123204348388752,Debit Card,In-Store,False,None,Cloudy,False,279,False,335,467,132.0,False,2.0
20233347,2024-07-28,Sunday,20254,130,1050,2.0,1335.01,0.0,2670.02,0.0,2670.02,742.28,1185.46,0.443989183601621,Credit Card,Curbside Pickup,False,None,Cloudy,False,273,False,28,26,-2.0,False,1.0
20233348,2024-04-30,Tuesday,20456,124,1029,1.0,2088.05,0.0,2088.05,0.0,2088.05,1429.66,658.39,0.3153133306194775,Credit Card,Mobile App,False,None,Sunny,False,95,False,458,520,62.0,False,4.0
20233349,2024-09-08,Sunday,20266,132,1048,5.0,268.17,0.34,1340.85,455.889,884.961,184.37,-36.889,-0.041684322811965734,Gift Card,Mobile App,True,BOGO,Cloudy,False,355,False,99,86,-13.0,False,4.0
20233350,2023-12-15,Friday,20884,125,1005,2.0,1138.35,0.0,2276.7,0.0,2276.7,774.22,728.26,0.3198752580489304,Gift Card,Curbside Pickup,False,None,Rainy,False,153,False,212,161,-51.0,True,2.0
20233351,2023-08-23,Wednesday,20895,125,1041,4.0,654.63,0.0,2618.52,0.0,2618.52,486.05,674.32,0.2575195148404442,Debit Card,In-Store,False,None,Sunny,False,193,False,397,338,-59.0,False,3.0
20233352,2023-03-22,Wednesday,21100,141,1036,2.0,1061.97,0.23,2123.94,488.5062,1635.4338,738.32,158.7938,0.09709582864191746,Gift Card,In-Store,True,Clearance,Stormy,False,257,False,160,115,-45.0,False,2.0
20233353,2023-08-21,Monday,20004,124,1019,2.0,1345.82,0.25,2691.64,672.91,2018.73,867.36,284.01,0.14068746191912737,Debit Card,Curbside Pickup,True,BOGO,Stormy,False,43,False,263,260,-3.0,False,3.0
20233354,2024-08-03,Saturday,20410,137,1034,2.0,1605.82,0.0,3211.64,0.0,3211.64,1145.68,920.28,0.2865451918645925,Debit Card,Curbside Pickup,False,None,Cloudy,False,397,False,366,234,-132.0,False,3.0
20233355,2024-10-10,Thursday,20973,116,1030,2.0,878.63,0.0,1757.26,0.0,1757.26,569.19,618.88,0.35218465110456043,EBT,Online,False,None,Snowy,False,246,False,100,139,39.0,False,5.0
20233356,2023-06-16,Friday,20152,109,1031,3.0,527.56,0.0,1582.68,0.0,1582.68,402.09,376.41,0.23783076806429593,Debit Card,Curbside Pickup,False,None,Cloudy,False,275,False,185,260,75.0,False,3.0
20233357,2023-07-11,Tuesday,20780,110,1024,1.0,470.94,0.0,470.94,0.0,470.94,283.62,187.32,0.3977576761370875,EBT,Online,False,None,Windy,False,348,False,322,203,-119.0,False,3.0
20233358,2023-04-13,Thursday,20498,149,1044,7.0,68.18,0.18,477.26,85.9068,391.3532,46.06,68.9332,0.17614063204287073,Gift Card,Online,True,Manufacturer Rebate,Cloudy,False,257,False,413,432,19.0,False,5.0
20233359,2023-09-28,Thursday,21108,146,1029,2.0,2084.58,0.0,4169.16,0.0,4169.16,1429.66,1309.84,0.3141735985186464,Digital Wallet,Curbside Pickup,False,None,Rainy,False,125,False,193,189,-4.0,True,4.0
20233360,2024-09-04,Wednesday,20296,126,1025,4.0,528.8,0.0,2115.2,0.0,2115.2,301.28,910.08,0.4302571860816944,Debit Card,Curbside Pickup,False,None,Sunny,False,152,False,30,33,3.0,False,1.0
20233361,2024-02-05,Monday,20986,149,1047,1.0,373.36,0.0,373.36,0.0,373.36,273.17,100.19,0.26834690379258624,Debit Card,Mobile App,False,None,Rainy,False,435,False,397,410,13.0,False,5.0
20233362,2024-11-27,Wednesday,20700,150,1036,1.0,1075.28,0.0,1075.28,0.0,1075.28,738.32,336.96,0.313369540956774,Gift Card,Mobile App,False,None,Windy,False,484,False,288,293,5.0,False,2.0
20233363,2023-08-04,Friday,20307,124,1034,2.0,1633.6,0.0,3267.2,0.0,3267.2,1145.68,975.84,0.2986777668952007,Debit Card,Online,False,None,Windy,False,135,False,189,212,23.0,False,1.0
20233364,2023-02-01,Wednesday,20061,107,1013,2.0,180.46,0.0,360.92,0.0,360.92,118.75,123.42,0.34195943699434783,Gift Card,In-Store,False,None,Sunny,False,70,False,461,308,-153.0,False,3.0
20233365,2023-02-02,Thursday,20039,139,1013,2.0,169.41,0.0,338.82,0.0,338.82,118.75,101.32,0.299037837199693,Digital Wallet,Curbside Pickup,False,None,Cloudy,False,358,False,51,70,19.0,False,3.0
20233366,2024-08-09,Friday,21043,146,1027,2.0,60.52,0.0,121.04,0.0,121.04,37.44,46.16,0.381361533377396,EBT,Online,False,None,Windy,False,215,False,462,284,-178.0,False,2.0
20233367,2024-10-26,Saturday,20681,120,1023,2.0,122.67,0.0,245.34,0.0,245.34,70.74,103.86,0.4233308877476156,Gift Card,Mobile App,False,None,Cloudy,False,293,False,95,60,-35.0,False,4.0
20233368,2024-03-22,Friday,20893,120,1041,4.0,646.2,0.0,2584.8,0.0,2584.8,486.05,640.6,0.2478334880841845,Cash,Online,False,None,Rainy,False,162,False,65,60,-5.0,False,4.0
20233369,2024-12-29,Sunday,21017,124,1015,7.0,238.68,0.0,1670.76,0.0,1670.76,149.38,625.1,0.37414110943522716,EBT,Mobile App,False,None,Sunny,False,304,False,400,562,162.0,False,1.0
20233370,2023-05-27,Saturday,20853,122,1041,1.0,654.6,0.29,654.6,189.834,464.766,486.05,-21.284,-0.04579508828098439,Debit Card,Curbside Pickup,True,Bundle Deal,Snowy,True,487,False,59,62,3.0,False,1.0
20233371,2024-09-06,Friday,20030,112,1030,2.0,903.46,0.0,1806.92,0.0,1806.92,569.19,668.54,0.36998871007017464,Debit Card,Mobile App,False,None,Stormy,False,272,False,171,178,7.0,False,4.0
20233372,2024-06-13,Thursday,20579,150,1016,1.0,394.35,0.0,394.35,0.0,394.35,263.25,131.1,0.3324457968809434,Debit Card,Curbside Pickup,False,None,Snowy,False,343,False,407,548,141.0,True,4.0
20233373,2023-12-11,Monday,20566,150,1021,6.0,76.04,0.0,456.24,0.0,456.24,45.04,186.0,0.40768016833245657,Credit Card,Online,False,None,Cloudy,False,483,False,347,394,47.0,False,1.0
20233374,2023-12-27,Wednesday,20042,147,1010,3.0,403.9,0.0,1211.7,0.0,1211.7,261.42,427.44,0.35276058430304524,Credit Card,Curbside Pickup,False,None,Sunny,False,362,False,394,527,133.0,False,2.0
20233375,2024-05-11,Saturday,21179,150,1037,2.0,371.54,0.07,743.08,52.0156,691.0644,270.26,150.5444,0.2178442414339387,Credit Card,Online,True,Percentage Discount,Cloudy,False,262,False,59,67,8.0,False,5.0
20233376,2023-01-28,Saturday,21057,105,1050,2.0,1227.27,0.31,2454.54,760.9074,1693.6326,742.28,209.0726,0.12344625392779991,EBT,In-Store,True,Loyalty Reward,Snowy,False,6,True,206,269,63.0,False,4.0
20233377,2024-01-28,Sunday,20260,142,1024,2.0,473.26,0.0,946.52,0.0,946.52,283.62,379.28,0.40070996915015,Debit Card,Curbside Pickup,False,None,Sunny,False,159,False,432,324,-108.0,False,5.0
20233378,2023-11-23,Thursday,20202,134,1044,5.0,65.76,0.0,328.8,0.0,328.8,46.06,98.5,0.2995742092457421,Cash,Online,False,None,Windy,False,124,False,27,28,1.0,False,1.0
20233379,2023-06-05,Monday,20687,128,1016,3.0,357.01,0.0,1071.03,0.0,1071.03,263.25,281.28,0.2626256967591944,Credit Card,In-Store,False,None,Sunny,False,476,False,303,224,-79.0,False,4.0
20233380,2024-11-17,Sunday,20484,101,1037,2.0,380.65,0.27,761.3,205.551,555.749,270.26,15.229,0.027402658394347162,Gift Card,Online,True,Bundle Deal,Cloudy,False,437,False,38,46,8.0,False,1.0
20233381,2024-01-06,Saturday,21168,114,1018,2.0,350.31,0.27,700.62,189.1674,511.4526,198.14,115.1726,0.2251872412028016,Cash,In-Store,True,Clearance,Sunny,False,183,False,106,72,-34.0,False,1.0
20233382,2023-12-14,Thursday,21142,121,1040,6.0,85.77,0.0,514.62,0.0,514.62,47.28,230.94,0.4487583071003847,Credit Card,In-Store,False,None,Cloudy,False,519,False,231,314,83.0,False,1.0
20233383,2024-06-11,Tuesday,20522,113,1005,2.0,1159.56,0.0,2319.12,0.0,2319.12,774.22,770.68,0.3323157059574321,Gift Card,Mobile App,False,None,Snowy,False,129,False,458,600,142.0,False,5.0
20233384,2023-10-07,Saturday,20418,109,1037,1.0,379.93,0.12,379.93,45.5916,334.3384,270.26,64.0784,0.19165731486422138,Gift Card,In-Store,True,Clearance,Stormy,False,121,False,275,273,-2.0,False,5.0
20233385,2023-08-31,Thursday,20858,150,1031,2.0,562.39,0.14,1124.78,157.4692,967.3108,402.09,163.1308,0.16864362519264753,Credit Card,Online,True,Percentage Discount,Cloudy,False,167,False,41,44,3.0,False,5.0
20233386,2024-11-10,Sunday,20303,133,1030,1.0,881.27,0.06,881.27,52.8762,828.3938,569.19,259.2038,0.31289925153954545,EBT,In-Store,True,Bundle Deal,Cloudy,False,247,False,399,516,117.0,False,3.0
20233387,2023-05-31,Wednesday,20985,138,1030,1.0,852.31,0.0,852.31,0.0,852.31,569.19,283.12,0.332179606011897,Digital Wallet,Online,False,None,Cloudy,False,11,True,198,131,-67.0,True,3.0
20233388,2023-01-23,Monday,21000,132,1033,1.0,854.33,0.25,854.33,213.5825,640.7475,465.85,174.8975,0.2729585367090781,Gift Card,In-Store,True,Bundle Deal,Sunny,False,163,False,284,354,70.0,False,4.0
20233389,2023-11-07,Tuesday,20207,133,1011,2.0,847.7,0.0,1695.4,0.0,1695.4,618.67,458.06,0.2701781290550903,Cash,In-Store,False,None,Cloudy,False,421,False,329,363,34.0,False,5.0
20233390,2023-11-28,Tuesday,20341,140,1046,3.0,513.55,0.0,1540.65,0.0,1540.65,345.33,504.66,0.3275630415733618,Debit Card,Curbside Pickup,False,None,Rainy,True,192,False,289,174,-115.0,False,4.0
20233391,2024-12-04,Wednesday,20045,116,1006,6.0,283.4,0.0,1700.4,0.0,1700.4,163.55,719.1,0.42290049400141133,Gift Card,Mobile App,False,None,Stormy,False,155,False,274,263,-11.0,False,2.0
20233392,2023-03-13,Monday,20816,101,1012,7.0,242.93,0.0,1700.51,0.0,1700.51,173.37,486.92,0.28633762812332764,Digital Wallet,Curbside Pickup,False,None,Sunny,False,138,False,306,428,122.0,False,1.0
20233393,2024-05-30,Thursday,20456,124,1018,3.0,366.65,0.0,1099.95,0.0,1099.95,198.14,505.53,0.4595936178917223,Credit Card,Curbside Pickup,False,None,Cloudy,False,299,False,233,184,-49.0,False,2.0
20233394,2024-02-25,Sunday,20698,119,1019,2.0,1258.27,0.0,2516.54,0.0,2516.54,867.36,781.82,0.3106725901436099,EBT,Online,False,None,Stormy,False,357,False,387,497,110.0,False,1.0
20233395,2024-09-27,Friday,20793,121,1028,3.0,812.35,0.0,2437.05,0.0,2437.05,494.36,953.97,0.3914445743829631,Cash,Online,False,None,Sunny,False,3,True,67,59,-8.0,False,5.0
20233396,2024-12-22,Sunday,20522,125,1041,3.0,609.83,0.07,1829.49,128.0643,1701.4257,486.05,243.2757,0.14298344029950888,Digital Wallet,Online,True,Loyalty Reward,Stormy,False,443,False,73,59,-14.0,False,5.0
20233397,2024-11-26,Tuesday,20483,149,1019,2.0,1309.67,0.0,2619.34,0.0,2619.34,867.36,884.62,0.33772629746424676,EBT,Online,False,None,Snowy,False,304,False,218,248,30.0,False,4.0
20233398,2024-09-30,Monday,21148,120,1038,7.0,141.49,0.32,990.43,316.9376,673.4924,88.81,51.8224,0.0769457829071271,Credit Card,In-Store,True,BOGO,Stormy,False,200,False,127,98,-29.0,False,2.0
20233399,2024-12-16,Monday,20965,114,1039,2.0,94.38,0.22,188.76,41.5272,147.2328,71.53,4.1728,0.028341510858993346,EBT,Curbside Pickup,True,Bundle Deal,Sunny,False,499,False,231,181,-50.0,False,4.0
20233400,2023-09-09,Saturday,20341,140,1034,2.0,1632.05,0.0,3264.1,0.0,3264.1,1145.68,972.74,0.2980117030728225,EBT,Curbside Pickup,False,None,Cloudy,False,424,False,65,61,-4.0,False,1.0
20233401,2023-10-28,Saturday,20781,128,1026,2.0,233.78,0.23,467.56,107.5388,360.0212,130.01,100.0012,0.2777647538533843,EBT,Online,True,Percentage Discount,Snowy,False,435,False,358,397,39.0,False,1.0
20233402,2023-07-26,Wednesday,20800,149,1046,1.0,551.6,0.0,551.6,0.0,551.6,345.33,206.27,0.37394851341551855,Cash,Online,False,None,Stormy,False,216,False,245,352,107.0,False,1.0
20233403,2023-04-09,Sunday,20584,137,1011,2.0,839.89,0.0,1679.78,0.0,1679.78,618.67,442.44,0.26339163461881915,Debit Card,Curbside Pickup,False,None,Sunny,False,356,False,280,328,48.0,False,1.0
20233404,2024-03-02,Saturday,20925,106,1001,2.0,632.25,0.0,1264.5,0.0,1264.5,419.73,425.04,0.3361328588374851,Gift Card,Mobile App,False,None,Cloudy,False,418,False,337,384,47.0,False,5.0
20233405,2024-09-28,Saturday,20130,101,1023,1.0,132.82,0.0,132.82,0.0,132.82,70.74,62.08,0.46739948802891135,Credit Card,Curbside Pickup,False,None,Cloudy,False,304,False,248,222,-26.0,False,2.0
20233406,2023-12-19,Tuesday,20760,134,1032,2.0,923.02,0.0,1846.04,0.0,1846.04,572.31,701.42,0.3799592641546229,Gift Card,In-Store,False,None,Cloudy,False,385,False,381,248,-133.0,True,1.0
20233407,2024-01-23,Tuesday,20901,114,1039,5.0,96.4,0.29,482.0,139.78,342.22,71.53,-15.43,-0.04508795511659151,Debit Card,Online,True,Percentage Discount,Cloudy,False,104,False,57,41,-16.0,False,1.0
20233408,2024-03-08,Friday,20059,125,1033,2.0,835.15,0.0,1670.3,0.0,1670.3,465.85,738.6,0.44219601269233066,Digital Wallet,Curbside Pickup,False,None,Cloudy,False,122,False,403,576,173.0,False,1.0
20233409,2023-06-12,Monday,20315,137,1049,5.0,154.71,0.24,773.55,185.652,587.898,117.26,1.598,0.002718158592136657,Credit Card,Mobile App,True,Manufacturer Rebate,Stormy,False,61,False,477,626,149.0,False,3.0
20233410,2023-07-11,Tuesday,20106,150,1030,2.0,837.4,0.27,1674.8,452.196,1222.604,569.19,84.224,0.06888902702755734,Cash,Mobile App,True,Bundle Deal,Windy,False,353,False,263,188,-75.0,False,3.0
20233411,2024-12-04,Wednesday,20665,104,1043,7.0,121.17,0.05,848.19,42.4095,805.7805,75.88,274.6205,0.34081303779379135,Gift Card,Mobile App,True,Bundle Deal,Windy,False,96,False,71,80,9.0,False,3.0
20233412,2024-09-20,Friday,20288,124,1025,2.0,569.31,0.0,1138.62,0.0,1138.62,301.28,536.06,0.4707979835239149,Credit Card,Mobile App,False,None,Sunny,False,125,False,368,342,-26.0,False,3.0
20233413,2023-10-04,Wednesday,20097,104,1041,4.0,658.32,0.0,2633.28,0.0,2633.28,486.05,689.08,0.26168124924049097,EBT,In-Store,False,None,Stormy,False,59,False,167,174,7.0,False,4.0
20233414,2023-04-12,Wednesday,20788,134,1023,3.0,135.14,0.17,405.42,68.9214,336.4986,70.74,124.2786,0.3693287282621681,Credit Card,In-Store,True,Clearance,Windy,False,390,False,413,449,36.0,False,1.0
20233415,2024-12-21,Saturday,21069,144,1019,2.0,1266.99,0.3,2533.98,760.194,1773.786,867.36,39.066,0.022024077312595786,Gift Card,Mobile App,True,Bundle Deal,Stormy,False,106,False,363,351,-12.0,False,2.0
20233416,2024-09-07,Saturday,20810,118,1040,7.0,84.77,0.05,593.39,29.6695,563.7205,47.28,232.7605,0.41290054202392845,Gift Card,Mobile App,True,Percentage Discount,Rainy,False,241,False,471,571,100.0,False,2.0
20233417,2024-10-19,Saturday,20522,113,1030,1.0,855.4,0.34,855.4,290.836,564.564,569.19,-4.626,-0.008193933725848779,Debit Card,Mobile App,True,Bundle Deal,Rainy,False,288,False,164,179,15.0,False,1.0
20233418,2024-11-25,Monday,20781,128,1041,2.0,629.06,0.0,1258.12,0.0,1258.12,486.05,286.02,0.22733920452738998,Cash,Online,False,None,Sunny,False,256,False,47,53,6.0,False,4.0
20233419,2024-09-04,Wednesday,20566,150,1005,2.0,1147.27,0.08,2294.54,183.5632,2110.9768,774.22,562.5368,0.266481753849687,Gift Card,Mobile App,True,Percentage Discount,Snowy,False,247,False,119,73,-46.0,False,4.0
20233420,2024-01-19,Friday,20676,141,1044,4.0,72.97,0.0,291.88,0.0,291.88,46.06,107.64,0.3687816911059339,Credit Card,Curbside Pickup,False,None,Cloudy,False,213,False,58,84,26.0,False,4.0
20233421,2023-08-23,Wednesday,20785,129,1017,5.0,125.6,0.06,628.0,37.68,590.32,93.3,123.82,0.20975064371866114,Gift Card,Online,True,Manufacturer Rebate,Cloudy,False,132,False,62,57,-5.0,False,2.0
20233422,2024-12-04,Wednesday,20110,111,1016,1.0,373.22,0.0,373.22,0.0,373.22,263.25,109.97,0.2946519479127593,Debit Card,Online,False,None,Sunny,False,348,False,73,104,31.0,False,4.0
20233423,2024-12-23,Monday,20693,129,1048,2.0,291.66,0.0,583.32,0.0,583.32,184.37,214.58,0.36785983679626966,Gift Card,Online,False,None,Cloudy,False,182,False,414,547,133.0,False,2.0
20233424,2023-01-20,Friday,20447,114,1009,2.0,1689.21,0.0,3378.42,0.0,3378.42,1077.88,1222.66,0.36190290135625525,Debit Card,Online,False,None,Sunny,False,310,False,81,59,-22.0,False,2.0
20233425,2023-03-08,Wednesday,20362,129,1020,4.0,351.3,0.0,1405.2,0.0,1405.2,190.07,644.92,0.45895246228294906,EBT,Online,False,None,Cloudy,False,131,False,321,223,-98.0,False,4.0
20233426,2023-01-04,Wednesday,21087,104,1013,4.0,185.21,0.0,740.84,0.0,740.84,118.75,265.84,0.3588359159872577,Digital Wallet,Online,False,None,Rainy,False,267,False,324,342,18.0,False,2.0
20233427,2023-06-10,Saturday,20309,126,1015,4.0,239.89,0.0,959.56,0.0,959.56,149.38,362.04,0.3772979282170995,EBT,Mobile App,False,None,Stormy,False,237,False,207,281,74.0,False,5.0
20233428,2023-07-25,Tuesday,20701,147,1050,2.0,1303.11,0.0,2606.22,0.0,2606.22,742.28,1121.66,0.43037809547927647,Credit Card,Curbside Pickup,False,None,Cloudy,False,173,False,365,366,1.0,False,3.0
20233429,2024-02-19,Monday,20884,125,1039,7.0,101.39,0.0,709.73,0.0,709.73,71.53,209.02,0.2945063615741197,Credit Card,In-Store,False,None,Sunny,False,381,False,408,285,-123.0,False,3.0
20233430,2023-07-04,Tuesday,20346,106,1040,2.0,85.06,0.0,170.12,0.0,170.12,47.28,75.56,0.4441570656007524,Cash,In-Store,False,None,Stormy,True,249,False,375,539,164.0,False,1.0
20233431,2023-05-25,Thursday,20893,120,1018,3.0,342.96,0.0,1028.88,0.0,1028.88,198.14,434.46,0.42226498717051547,Digital Wallet,Curbside Pickup,False,None,Stormy,False,176,False,226,257,31.0,False,5.0
20233432,2024-10-19,Saturday,20155,122,1039,5.0,101.03,0.0,505.15,0.0,505.15,71.53,147.5,0.2919924774819361,EBT,Online,False,None,Windy,False,76,False,85,97,12.0,False,3.0
20233433,2024-10-08,Tuesday,20084,140,1013,4.0,175.53,0.16,702.12,112.3392,589.7808,118.75,114.7808,0.19461603361791363,Credit Card,Mobile App,True,Clearance,Sunny,False,518,False,307,379,72.0,False,1.0
20233434,2023-09-03,Sunday,20816,101,1014,1.0,230.11,0.0,230.11,0.0,230.11,172.18,57.93,0.25174916344357046,Cash,Mobile App,False,None,Sunny,False,96,False,364,466,102.0,False,5.0
20233435,2024-11-21,Thursday,20356,135,1032,1.0,977.75,0.0,977.75,0.0,977.75,572.31,405.44,0.41466632574789064,Digital Wallet,In-Store,False,None,Sunny,False,487,False,243,346,103.0,False,1.0
20233436,2024-01-08,Monday,20394,123,1036,1.0,1058.98,0.35,1058.98,370.643,688.337,738.32,-49.983,-0.07261414103847398,Digital Wallet,Curbside Pickup,True,Manufacturer Rebate,Sunny,False,91,False,365,468,103.0,False,2.0
20233437,2023-08-22,Tuesday,20650,131,1010,2.0,410.84,0.15,821.68,123.252,698.428,261.42,175.588,0.25140458286323,Debit Card,Online,True,BOGO,Cloudy,False,114,False,86,85,-1.0,False,1.0
20233438,2023-11-06,Monday,20653,130,1002,1.0,1265.58,0.0,1265.58,0.0,1265.58,759.3,506.28,0.40003792727445125,Credit Card,Online,False,None,Cloudy,False,515,False,146,181,35.0,False,2.0
20233439,2024-12-20,Friday,20639,120,1024,4.0,483.68,0.32,1934.72,619.1104,1315.6096,283.62,181.1296,0.13767731703994862,EBT,Mobile App,True,Clearance,Cloudy,False,279,False,441,620,179.0,False,5.0
20233440,2023-03-30,Thursday,20172,134,1013,7.0,169.63,0.3,1187.41,356.223,831.187,118.75,-0.063,-7.579521816402552e-05,Cash,Online,True,Bundle Deal,Cloudy,False,103,False,83,53,-30.0,False,4.0
20233441,2023-11-23,Thursday,20369,102,1024,2.0,475.86,0.0,951.72,0.0,951.72,283.62,384.48,0.4039843651494137,EBT,Mobile App,False,None,Windy,False,366,False,364,471,107.0,False,5.0
20233442,2023-08-29,Tuesday,21157,114,1041,1.0,648.28,0.13,648.28,84.2764,564.0036,486.05,77.9536,0.13821472061525847,Debit Card,Online,True,Clearance,Cloudy,False,493,False,226,327,101.0,False,1.0
20233443,2023-06-03,Saturday,20619,138,1022,2.0,334.98,0.0,669.96,0.0,669.96,187.99,293.98,0.4388023165562123,Debit Card,In-Store,False,None,Snowy,False,322,False,322,271,-51.0,False,1.0
20233444,2024-02-16,Friday,20778,112,1045,7.0,229.68,0.0,1607.76,0.0,1607.76,159.92,488.32,0.30372692441657967,Digital Wallet,Online,False,None,Sunny,False,379,False,351,233,-118.0,False,2.0
20233445,2023-10-24,Tuesday,20608,109,1018,2.0,335.35,0.0,670.7,0.0,670.7,198.14,274.42,0.4091546145817803,Credit Card,Curbside Pickup,False,None,Sunny,False,231,False,456,299,-157.0,False,3.0
20233446,2024-04-19,Friday,20868,147,1030,2.0,895.37,0.0,1790.74,0.0,1790.74,569.19,652.36,0.3642963244245395,Cash,In-Store,False,None,Cloudy,False,9,True,232,242,10.0,False,3.0
20233447,2024-01-07,Sunday,20410,137,1034,1.0,1495.24,0.0,1495.24,0.0,1495.24,1145.68,349.56,0.23378186779379895,Gift Card,In-Store,False,None,Cloudy,False,27,False,407,275,-132.0,False,4.0
20233448,2024-09-05,Thursday,20843,107,1012,3.0,245.32,0.0,735.96,0.0,735.96,173.37,215.85,0.2932903962171857,Cash,In-Store,False,None,Stormy,False,335,False,70,51,-19.0,True,2.0
20233449,2023-08-18,Friday,20945,114,1007,2.0,1039.04,0.11,2078.08,228.5888,1849.4912,637.12,575.2512,0.3110321368384991,Credit Card,In-Store,True,Clearance,Stormy,False,447,False,256,265,9.0,True,3.0
20233450,2023-08-16,Wednesday,20760,134,1039,6.0,97.57,0.19,585.42,111.2298,474.1902,71.53,45.0102,0.09492013964016958,Debit Card,Online,True,Clearance,Stormy,False,201,False,125,86,-39.0,False,4.0
20233451,2024-09-27,Friday,21073,124,1045,6.0,214.48,0.13,1286.88,167.2944,1119.5856,159.92,160.0656,0.14296861267240302,Gift Card,In-Store,True,Manufacturer Rebate,Windy,False,6,True,336,319,-17.0,False,4.0
20233452,2024-12-02,Monday,20556,129,1032,2.0,959.23,0.12,1918.46,230.2152,1688.2448,572.31,543.6248,0.3220059081479179,Credit Card,Curbside Pickup,True,Percentage Discount,Sunny,False,463,False,237,187,-50.0,False,4.0
20233453,2023-11-18,Saturday,20304,136,1036,1.0,1093.87,0.28,1093.87,306.2836,787.5864,738.32,49.2664,0.06255364490803786,EBT,In-Store,True,Bundle Deal,Stormy,False,82,False,310,210,-100.0,False,1.0
20233454,2023-02-15,Wednesday,20239,145,1002,1.0,1301.27,0.0,1301.27,0.0,1301.27,759.3,541.97,0.41649311826139085,Debit Card,In-Store,False,None,Stormy,False,304,False,151,152,1.0,False,1.0
20233455,2024-01-22,Monday,21056,116,1023,3.0,122.41,0.0,367.23,0.0,367.23,70.74,155.01,0.4221060370884733,Gift Card,Online,False,None,Cloudy,False,73,False,459,581,122.0,False,5.0
20233456,2024-06-22,Saturday,20410,137,1043,1.0,116.18,0.0,116.18,0.0,116.18,75.88,40.3,0.3468755379583406,Cash,Online,False,None,Sunny,False,106,False,46,34,-12.0,False,2.0
20233457,2023-10-20,Friday,20079,102,1014,6.0,224.85,0.27,1349.1,364.257,984.843,172.18,-48.237,-0.04897938046978055,Digital Wallet,Mobile App,True,BOGO,Sunny,False,491,False,390,427,37.0,False,4.0
20233458,2024-02-12,Monday,20573,128,1019,1.0,1322.69,0.0,1322.69,0.0,1322.69,867.36,455.33,0.3442454392185622,Credit Card,Curbside Pickup,False,None,Cloudy,False,126,False,397,552,155.0,False,4.0
20233459,2024-11-15,Friday,20903,136,1002,1.0,1242.4,0.11,1242.4,136.664,1105.736,759.3,346.436,0.3133080590665404,Debit Card,Curbside Pickup,True,Loyalty Reward,Sunny,False,361,False,110,120,10.0,False,5.0
20233460,2023-09-18,Monday,20078,119,1044,1.0,65.42,0.0,65.42,0.0,65.42,46.06,19.36,0.2959339651482727,Credit Card,Online,False,None,Cloudy,False,519,False,352,226,-126.0,False,3.0
20233461,2024-11-20,Wednesday,20742,142,1018,2.0,363.5,0.0,727.0,0.0,727.0,198.14,330.72,0.45491059147180196,Debit Card,Online,False,None,Sunny,False,100,False,342,271,-71.0,False,5.0
20233462,2023-12-28,Thursday,20366,113,1005,2.0,1125.92,0.0,2251.84,0.0,2251.84,774.22,703.4,0.3123667756146085,Debit Card,Mobile App,False,None,Cloudy,False,192,False,364,400,36.0,True,4.0
20233463,2023-11-16,Thursday,20238,120,1001,1.0,659.1,0.0,659.1,0.0,659.1,419.73,239.37,0.3631770596267638,Debit Card,In-Store,False,None,Sunny,False,179,False,396,365,-31.0,False,4.0
20233464,2024-02-01,Thursday,20611,133,1001,2.0,650.02,0.07,1300.04,91.0028,1209.0372,419.73,369.5772,0.3056789319633837,Debit Card,Mobile App,True,Clearance,Windy,False,449,False,138,126,-12.0,False,3.0
20233465,2024-07-14,Sunday,20629,125,1022,3.0,309.42,0.0,928.26,0.0,928.26,187.99,364.29,0.39244392734794126,Credit Card,In-Store,False,None,Sunny,False,101,False,131,90,-41.0,False,2.0
20233466,2024-08-18,Sunday,20003,122,1023,1.0,129.84,0.0,129.84,0.0,129.84,70.74,59.1,0.4551756007393716,Cash,Mobile App,False,None,Cloudy,False,25,False,218,247,29.0,False,5.0
20233467,2024-11-16,Saturday,20550,136,1046,2.0,522.16,0.0,1044.32,0.0,1044.32,345.33,353.66,0.33865098820284967,EBT,Curbside Pickup,False,None,Stormy,False,180,False,451,344,-107.0,False,2.0
20233468,2024-08-26,Monday,21142,121,1004,1.0,668.61,0.0,668.61,0.0,668.61,445.03,223.58,0.33439523788157527,Cash,Online,False,None,Rainy,False,31,False,70,93,23.0,False,1.0
20233469,2023-01-18,Wednesday,20292,132,1025,3.0,542.89,0.0,1628.67,0.0,1628.67,301.28,724.83,0.4450441157508888,Debit Card,Curbside Pickup,False,None,Cloudy,False,486,False,317,419,102.0,False,3.0
20233470,2023-07-23,Sunday,20550,136,1044,4.0,73.24,0.12,292.96,35.1552,257.8048,46.06,73.5648,0.2853507770219949,Gift Card,In-Store,True,Clearance,Rainy,False,79,False,370,530,160.0,False,1.0
20233471,2024-04-04,Thursday,20681,120,1036,1.0,1104.19,0.3,1104.19,331.257,772.933,738.32,34.613,0.04478137173597187,Debit Card,Online,True,Bundle Deal,Cloudy,False,264,False,226,264,38.0,False,5.0
20233472,2023-12-24,Sunday,21129,123,1040,1.0,84.21,0.08,84.21,6.7368,77.4732,47.28,30.1932,0.38972444664735667,Credit Card,Online,True,Percentage Discount,Sunny,True,402,False,350,262,-88.0,False,1.0
20233473,2024-09-29,Sunday,20707,124,1019,1.0,1290.26,0.0,1290.26,0.0,1290.26,867.36,422.9,0.3277633965247314,Digital Wallet,In-Store,False,None,Rainy,False,80,False,90,75,-15.0,False,3.0
20233474,2023-11-13,Monday,20021,124,1050,2.0,1243.12,0.0,2486.24,0.0,2486.24,742.28,1001.68,0.4028895038290752,Gift Card,Mobile App,False,None,Snowy,False,488,False,278,391,113.0,False,5.0
20233475,2023-08-25,Friday,20918,138,1047,2.0,396.69,0.0,793.38,0.0,793.38,273.17,247.04,0.31137664171015145,Gift Card,Curbside Pickup,False,None,Sunny,False,229,False,387,363,-24.0,False,2.0
20233476,2023-02-19,Sunday,21121,139,1019,2.0,1334.66,0.14,2669.32,373.7048,2295.6152,867.36,560.8952,0.24433328373152438,Credit Card,In-Store,True,Bundle Deal,Snowy,False,150,False,351,245,-106.0,False,4.0
20233477,2024-04-16,Tuesday,20556,111,1022,4.0,314.54,0.07,1258.16,88.0712,1170.0888,187.99,418.1288,0.35734792094411977,Gift Card,In-Store,True,Manufacturer Rebate,Stormy,False,383,False,359,438,79.0,False,3.0
20233478,2024-07-09,Tuesday,20295,144,1044,3.0,68.82,0.0,206.46,0.0,206.46,46.06,68.28,0.33071781458878224,Gift Card,In-Store,False,None,Snowy,False,316,False,129,137,8.0,False,5.0
20233479,2023-02-06,Monday,20198,145,1023,6.0,127.34,0.18,764.04,137.5272,626.5128,70.74,202.0728,0.32253578857447135,Gift Card,Online,True,Loyalty Reward,Rainy,False,444,False,398,263,-135.0,False,3.0
20233480,2023-03-16,Thursday,20360,124,1010,1.0,372.98,0.23,372.98,85.7854,287.1946,261.42,25.7746,0.08974611639633899,Cash,In-Store,True,Bundle Deal,Rainy,False,285,False,131,94,-37.0,False,5.0
20233481,2024-05-01,Wednesday,20794,134,1004,4.0,662.36,0.26,2649.44,688.8544,1960.5856,445.03,180.4656,0.09204678438931715,Gift Card,Online,True,Manufacturer Rebate,Windy,False,198,False,198,129,-69.0,False,4.0
20233482,2023-01-03,Tuesday,20509,145,1016,1.0,374.19,0.3,374.19,112.257,261.933,263.25,-1.317,-0.005028003344366717,Cash,Mobile App,True,BOGO,Sunny,False,509,False,348,316,-32.0,False,3.0
20233483,2023-07-30,Sunday,20406,135,1012,6.0,250.44,0.2,1502.64,300.528,1202.112,173.37,161.892,0.13467297556300897,Cash,Curbside Pickup,True,Loyalty Reward,Cloudy,False,476,False,308,190,-118.0,False,5.0
20233484,2023-05-29,Monday,20410,137,1040,3.0,92.0,0.0,276.0,0.0,276.0,47.28,134.16,0.4860869565217391,Gift Card,Curbside Pickup,False,None,Sunny,False,459,False,33,43,10.0,False,5.0
20233485,2023-01-19,Thursday,20142,122,1006,7.0,285.72,0.0,2000.04,0.0,2000.04,163.55,855.19,0.4275864482710346,Credit Card,Curbside Pickup,False,None,Sunny,False,126,False,479,583,104.0,False,1.0
20233486,2023-11-03,Friday,20461,136,1037,2.0,409.73,0.2,819.46,163.892,655.568,270.26,115.048,0.17549361774827327,Debit Card,In-Store,True,Manufacturer Rebate,Windy,False,32,False,114,88,-26.0,False,1.0
20233487,2023-08-15,Tuesday,20034,110,1007,1.0,1098.76,0.0,1098.76,0.0,1098.76,637.12,461.64,0.42014634679092794,Gift Card,Curbside Pickup,False,None,Windy,False,309,False,165,191,26.0,False,4.0
20233488,2024-12-18,Wednesday,20931,102,1025,4.0,535.32,0.34,2141.28,728.0352,1413.2448,301.28,208.1248,0.14726733825590588,Credit Card,Mobile App,True,Loyalty Reward,Rainy,False,73,False,260,259,-1.0,False,2.0
20233489,2024-11-20,Wednesday,20379,105,1049,6.0,151.08,0.0,906.48,0.0,906.48,117.26,202.92,0.2238549113052687,Digital Wallet,In-Store,False,None,Cloudy,False,65,False,405,368,-37.0,False,3.0
20233490,2023-01-31,Tuesday,20081,132,1040,1.0,92.13,0.0,92.13,0.0,92.13,47.28,44.85,0.4868121133181374,Credit Card,Curbside Pickup,False,None,Sunny,False,286,False,157,189,32.0,False,5.0
20233491,2023-03-10,Friday,20534,107,1030,2.0,876.94,0.28,1753.88,491.0864,1262.7936,569.19,124.4136,0.09852251389300663,EBT,Curbside Pickup,True,BOGO,Sunny,False,468,False,328,386,58.0,True,5.0
20233492,2023-06-27,Tuesday,20775,109,1025,1.0,514.94,0.09,514.94,46.3446,468.5954,301.28,167.3154,0.35705728225245076,Cash,Mobile App,True,Manufacturer Rebate,Snowy,False,482,False,234,153,-81.0,False,5.0
20233493,2024-04-03,Wednesday,21044,147,1041,2.0,635.99,0.0,1271.98,0.0,1271.98,486.05,299.88,0.23575842387458923,Debit Card,Online,False,None,Sunny,False,77,False,397,433,36.0,False,5.0
20233494,2024-04-29,Monday,20511,113,1035,1.0,738.8,0.15,738.8,110.82,627.98,403.28,224.7,0.35781394311920767,Digital Wallet,Mobile App,True,Bundle Deal,Rainy,False,182,False,448,558,110.0,False,1.0
20233495,2024-11-27,Wednesday,20588,114,1001,4.0,607.05,0.15,2428.2,364.23,2063.97,419.73,385.05,0.18655794415616495,Cash,In-Store,True,Percentage Discount,Windy,False,1,True,438,460,22.0,False,4.0
20233496,2023-12-18,Monday,20919,115,1044,6.0,65.42,0.25,392.52,98.13,294.39,46.06,18.03,0.06124528686436351,Cash,Curbside Pickup,True,BOGO,Sunny,False,227,False,227,256,29.0,False,4.0
20233497,2024-12-23,Monday,20504,126,1012,3.0,258.2,0.0,774.6,0.0,774.6,173.37,254.49,0.328543764523625,Gift Card,Mobile App,False,None,Snowy,False,449,False,266,186,-80.0,False,4.0
20233498,2023-04-10,Monday,20170,133,1021,2.0,81.19,0.0,162.38,0.0,162.38,45.04,72.3,0.4452518783101367,Debit Card,Online,False,None,Rainy,False,307,False,475,540,65.0,False,4.0
20233499,2023-07-27,Thursday,20993,131,1043,3.0,125.45,0.34,376.35,127.959,248.391,75.88,20.751,0.08354167421524947,Credit Card,Online,True,BOGO,Sunny,False,288,False,220,165,-55.0,False,3.0
20233500,2024-08-21,Wednesday,20868,147,1043,7.0,122.71,0.31,858.97,266.2807,592.6893,75.88,61.5293,0.1038137519945105,Gift Card,Online,True,Percentage Discount,Sunny,False,79,False,48,45,-3.0,False,1.0
20233501,2023-12-04,Monday,20802,142,1040,5.0,89.77,0.18,448.85,80.793,368.057,47.28,131.657,0.35770818106977986,Debit Card,In-Store,True,Loyalty Reward,Windy,False,369,False,425,334,-91.0,False,4.0
20233502,2023-08-16,Wednesday,20729,135,1031,4.0,555.4,0.0,2221.6,0.0,2221.6,402.09,613.24,0.27603528988116677,Credit Card,Online,False,None,Stormy,False,448,False,473,381,-92.0,False,3.0
20233503,2024-01-02,Tuesday,20128,129,1012,7.0,239.12,0.31,1673.84,518.8904,1154.9496,173.37,-58.6404,-0.050773124645439066,Cash,Mobile App,True,Loyalty Reward,Cloudy,False,216,False,245,298,53.0,False,4.0
20233504,2024-05-07,Tuesday,20702,116,1047,1.0,413.08,0.0,413.08,0.0,413.08,273.17,139.91,0.33869952551563853,Debit Card,Curbside Pickup,False,None,Stormy,False,450,False,176,138,-38.0,False,4.0
20233505,2023-04-16,Sunday,20613,116,1018,1.0,328.28,0.0,328.28,0.0,328.28,198.14,130.14,0.39642987693432435,Cash,Online,False,None,Cloudy,False,463,False,233,241,8.0,False,3.0
20233506,2023-08-02,Wednesday,20789,102,1012,6.0,261.5,0.07,1569.0,109.83,1459.17,173.37,418.95,0.28711527786344293,Cash,Online,True,Clearance,Cloudy,False,50,False,140,143,3.0,False,5.0
20233507,2023-12-21,Thursday,20071,126,1020,2.0,349.2,0.0,698.4,0.0,698.4,190.07,318.26,0.4556987399770905,Credit Card,In-Store,False,None,Windy,False,35,False,124,132,8.0,False,4.0
20233508,2024-11-02,Saturday,20811,149,1014,6.0,220.13,0.0,1320.78,0.0,1320.78,172.18,287.7,0.21782583019125065,Debit Card,In-Store,False,None,Windy,False,382,False,334,321,-13.0,False,1.0
20233509,2023-01-12,Thursday,20115,112,1010,4.0,409.72,0.0,1638.88,0.0,1638.88,261.42,593.2,0.36195450551596214,Cash,Mobile App,False,None,Rainy,False,67,False,21,15,-6.0,False,5.0
20233510,2023-04-05,Wednesday,20411,134,1015,6.0,251.47,0.0,1508.82,0.0,1508.82,149.38,612.54,0.4059728794687239,Digital Wallet,Mobile App,False,None,Snowy,False,358,False,184,204,20.0,False,1.0
20233511,2023-01-22,Sunday,20144,146,1024,2.0,473.25,0.0,946.5,0.0,946.5,283.62,379.26,0.4006973058637084,EBT,In-Store,False,None,Snowy,False,463,False,81,53,-28.0,False,1.0
20233512,2024-07-28,Sunday,21050,104,1008,4.0,664.28,0.16,2657.12,425.1392,2231.9808,397.4,642.3808,0.28780749368453346,Debit Card,Online,True,BOGO,Snowy,False,503,False,296,221,-75.0,False,1.0
20233513,2024-11-27,Wednesday,20943,146,1036,1.0,1030.88,0.31,1030.88,319.5728,711.3072,738.32,-27.0128,-0.03797627804133006,Credit Card,Online,True,BOGO,Sunny,False,24,True,161,213,52.0,False,2.0
20233514,2023-12-21,Thursday,20197,108,1003,2.0,1989.64,0.28,3979.28,1114.1984,2865.0816,1394.94,75.2016,0.026247629386890715,Gift Card,Curbside Pickup,True,Percentage Discount,Snowy,False,376,False,48,61,13.0,False,2.0
20233515,2023-12-11,Monday,20127,147,1020,4.0,359.66,0.0,1438.64,0.0,1438.64,190.07,678.36,0.47152866596229775,EBT,Online,False,None,Snowy,False,63,False,74,100,26.0,False,5.0
20233516,2024-11-08,Friday,20615,125,1047,4.0,375.64,0.16,1502.56,240.4096,1262.1504,273.17,169.4704,0.13427116134495534,Credit Card,Online,True,Loyalty Reward,Sunny,False,212,False,326,207,-119.0,False,1.0
20233517,2023-07-18,Tuesday,20596,128,1021,2.0,76.23,0.0,152.46,0.0,152.46,45.04,62.38,0.409156500065591,Gift Card,Curbside Pickup,False,None,Sunny,False,253,False,56,66,10.0,False,1.0
20233518,2023-11-29,Wednesday,20930,129,1019,2.0,1319.48,0.22,2638.96,580.5712,2058.3888,867.36,323.6688,0.15724376269439483,Credit Card,In-Store,True,Clearance,Cloudy,True,172,False,326,465,139.0,False,4.0
20233519,2024-04-08,Monday,20863,125,1003,2.0,1926.57,0.05,3853.14,192.657,3660.483,1394.94,870.603,0.23783828527546766,Debit Card,In-Store,True,BOGO,Sunny,False,200,False,125,80,-45.0,True,2.0
20233520,2024-06-17,Monday,20997,147,1006,2.0,292.54,0.0,585.08,0.0,585.08,163.55,257.98,0.4409311547138853,Debit Card,Online,False,None,Cloudy,False,60,False,365,295,-70.0,False,2.0
20233521,2024-08-08,Thursday,21097,135,1021,5.0,77.52,0.0,387.6,0.0,387.6,45.04,162.4,0.41898864809081526,Cash,Online,False,None,Sunny,False,296,False,179,137,-42.0,True,4.0
20233522,2023-04-08,Saturday,21127,150,1021,1.0,83.05,0.0,83.05,0.0,83.05,45.04,38.01,0.45767609873570136,EBT,Online,False,None,Stormy,False,1,True,38,23,-15.0,False,4.0
20233523,2023-12-05,Tuesday,20195,148,1049,5.0,165.11,0.0,825.55,0.0,825.55,117.26,239.25,0.28980679546968685,Cash,Mobile App,False,None,Cloudy,False,15,True,444,596,152.0,False,5.0
20233524,2024-11-09,Saturday,20019,109,1001,3.0,677.69,0.21,2033.07,426.9447,1606.1253,419.73,346.9353,0.21600761783654118,Digital Wallet,Curbside Pickup,True,Clearance,Stormy,False,274,False,265,238,-27.0,False,3.0
20233525,2024-06-02,Sunday,21091,127,1014,1.0,222.35,0.11,222.35,24.4585,197.8915,172.18,25.7115,0.12992725811871658,Gift Card,Online,True,Bundle Deal,Cloudy,False,97,False,427,542,115.0,False,5.0
20233526,2023-03-29,Wednesday,21080,119,1003,1.0,1951.09,0.25,1951.09,487.7725,1463.3175,1394.94,68.3775,0.04672772655284983,Debit Card,In-Store,True,Manufacturer Rebate,Cloudy,False,379,False,166,141,-25.0,False,2.0
20233527,2024-10-03,Thursday,20617,137,1034,2.0,1533.67,0.12,3067.34,368.0808,2699.2592,1145.68,407.8992,0.15111523932195908,Digital Wallet,In-Store,True,Loyalty Reward,Windy,False,6,True,257,320,63.0,False,2.0
20233528,2023-03-14,Tuesday,20980,132,1047,3.0,417.66,0.13,1252.98,162.8874,1090.0926,273.17,270.5826,0.24821983013186216,EBT,In-Store,True,BOGO,Cloudy,False,137,False,209,258,49.0,False,2.0
20233529,2023-11-09,Thursday,20149,144,1003,2.0,1918.54,0.0,3837.08,0.0,3837.08,1394.94,1047.2,0.2729158631042355,Debit Card,Curbside Pickup,False,None,Snowy,False,28,False,166,224,58.0,False,3.0
20233530,2023-04-23,Sunday,20794,134,1023,6.0,122.3,0.0,733.8,0.0,733.8,70.74,309.36,0.4215862632869992,Cash,Online,False,None,Sunny,False,3,True,73,82,9.0,False,4.0
20233531,2024-09-30,Monday,20470,104,1017,7.0,132.19,0.0,925.33,0.0,925.33,93.3,272.23,0.29419774566911255,EBT,Mobile App,False,None,Windy,False,14,True,307,287,-20.0,False,2.0
20233532,2023-12-16,Saturday,20053,137,1012,3.0,237.11,0.0,711.33,0.0,711.33,173.37,191.22,0.26882037872717307,Debit Card,In-Store,False,None,Sunny,False,431,False,426,446,20.0,False,2.0
20233533,2024-11-08,Friday,20887,138,1047,2.0,418.5,0.0,837.0,0.0,837.0,273.17,290.66,0.34726403823178015,Debit Card,Mobile App,False,None,Sunny,False,277,False,182,127,-55.0,False,3.0
20233534,2024-02-05,Monday,21080,119,1043,7.0,118.03,0.27,826.21,223.0767,603.1333,75.88,71.9733,0.11933232670124498,Digital Wallet,Mobile App,True,Loyalty Reward,Cloudy,False,2,True,298,270,-28.0,False,3.0
20233535,2023-04-24,Monday,21149,103,1017,2.0,132.98,0.0,265.96,0.0,265.96,93.3,79.36,0.2983907354489397,EBT,Curbside Pickup,False,None,Rainy,False,409,False,329,277,-52.0,False,3.0
20233536,2023-11-30,Thursday,20390,113,1042,3.0,421.67,0.24,1265.01,303.6024,961.4076,233.03,262.3176,0.27284743744484646,Gift Card,Mobile App,True,BOGO,Sunny,False,36,False,42,32,-10.0,True,3.0
20233537,2024-12-17,Tuesday,20010,126,1011,1.0,877.93,0.0,877.93,0.0,877.93,618.67,259.26,0.2953082819814792,Credit Card,In-Store,False,None,Cloudy,False,249,False,400,257,-143.0,False,3.0
20233538,2023-12-20,Wednesday,20370,136,1022,1.0,314.37,0.0,314.37,0.0,314.37,187.99,126.38,0.4020103699462417,Credit Card,Mobile App,False,None,Cloudy,False,227,False,466,367,-99.0,False,2.0
20233539,2024-11-23,Saturday,20147,122,1020,2.0,328.88,0.0,657.76,0.0,657.76,190.07,277.62,0.4220688396983702,Cash,Online,False,None,Cloudy,False,242,False,409,305,-104.0,False,1.0
20233540,2024-01-03,Wednesday,20276,127,1033,2.0,842.31,0.0,1684.62,0.0,1684.62,465.85,752.92,0.4469375882988448,EBT,Online,False,None,Snowy,False,391,False,329,214,-115.0,False,1.0
20233541,2024-12-27,Friday,21190,117,1017,1.0,126.21,0.28,126.21,35.3388,90.8712,93.3,-2.4288,-0.02672794020547775,Gift Card,Online,True,BOGO,Snowy,False,24,True,68,66,-2.0,False,5.0
20233542,2024-05-16,Thursday,20216,131,1003,1.0,1869.79,0.0,1869.79,0.0,1869.79,1394.94,474.85,0.25395900074339894,Digital Wallet,Online,False,None,Sunny,False,185,False,257,253,-4.0,False,1.0
20233543,2023-12-13,Wednesday,20371,120,1030,2.0,848.83,0.08,1697.66,135.8128,1561.8472,569.19,423.4672,0.27113228489957275,Gift Card,Mobile App,True,Percentage Discount,Windy,False,507,False,117,109,-8.0,False,1.0
20233544,2024-10-29,Tuesday,20359,131,1007,1.0,1130.11,0.06,1130.11,67.8066,1062.3034,637.12,425.1834,0.4002466715252912,Cash,Curbside Pickup,True,Bundle Deal,Sunny,False,104,False,179,153,-26.0,False,1.0
20233545,2024-07-20,Saturday,20317,136,1023,1.0,124.65,0.0,124.65,0.0,124.65,70.74,53.91,0.4324909747292419,Gift Card,In-Store,False,None,Sunny,False,227,False,414,370,-44.0,False,4.0
20233546,2023-04-21,Friday,20643,118,1049,7.0,162.98,0.21,1140.86,239.5806,901.2794,117.26,80.4594,0.08927242761789503,Debit Card,Online,True,BOGO,Rainy,False,82,False,111,126,15.0,False,4.0
20233547,2024-12-04,Wednesday,20310,131,1028,4.0,755.91,0.0,3023.64,0.0,3023.64,494.36,1046.2,0.3460067997512931,Digital Wallet,Curbside Pickup,False,None,Sunny,False,363,False,370,358,-12.0,False,3.0
20233548,2024-01-29,Monday,20589,122,1042,4.0,434.82,0.0,1739.28,0.0,1739.28,233.03,807.16,0.46407708937031417,Gift Card,In-Store,False,None,Stormy,False,118,False,192,186,-6.0,False,5.0
20233549,2024-04-07,Sunday,20002,126,1050,1.0,1261.51,0.0,1261.51,0.0,1261.51,742.28,519.23,0.41159404206070505,Gift Card,Mobile App,False,None,Cloudy,False,481,False,334,387,53.0,False,4.0
20233550,2024-05-13,Monday,20725,144,1036,1.0,1077.39,0.0,1077.39,0.0,1077.39,738.32,339.07,0.3147142631730386,EBT,In-Store,False,None,Sunny,False,85,False,465,471,6.0,False,3.0
20233551,2023-11-08,Wednesday,21183,115,1046,2.0,549.37,0.19,1098.74,208.7606,889.9794,345.33,199.3194,0.22395956580568044,EBT,Curbside Pickup,True,Manufacturer Rebate,Windy,False,195,False,86,97,11.0,False,4.0
20233552,2023-01-25,Wednesday,20071,126,1038,6.0,149.36,0.15,896.16,134.424,761.736,88.81,228.876,0.30046630328617796,EBT,In-Store,True,Manufacturer Rebate,Cloudy,False,124,False,300,403,103.0,False,5.0
20233553,2024-04-01,Monday,20788,134,1050,1.0,1295.93,0.12,1295.93,155.5116,1140.4184,742.28,398.1384,0.3491160788005525,Credit Card,Curbside Pickup,True,BOGO,Snowy,False,240,False,295,300,5.0,False,4.0
20233554,2024-12-24,Tuesday,20658,124,1024,4.0,499.04,0.0,1996.16,0.0,1996.16,283.62,861.68,0.4316688041038795,Cash,Online,False,None,Sunny,True,384,False,149,165,16.0,False,1.0
20233555,2023-11-23,Thursday,20576,107,1009,1.0,1770.86,0.0,1770.86,0.0,1770.86,1077.88,692.98,0.3913239894740408,Digital Wallet,Curbside Pickup,False,None,Stormy,False,464,False,259,332,73.0,False,4.0
20233556,2024-09-16,Monday,20869,130,1015,3.0,252.17,0.0,756.51,0.0,756.51,149.38,308.37,0.40762184240789945,Credit Card,Mobile App,False,None,Cloudy,False,399,False,419,487,68.0,False,5.0
20233557,2023-03-24,Friday,20112,124,1049,1.0,161.69,0.14,161.69,22.6366,139.0534,117.26,21.7934,0.15672684019232902,Digital Wallet,Curbside Pickup,True,BOGO,Sunny,False,302,False,164,131,-33.0,False,2.0
20233558,2023-11-23,Thursday,20033,135,1050,1.0,1314.01,0.08,1314.01,105.1208,1208.8892,742.28,466.6092,0.38598177566645486,Cash,Mobile App,True,Manufacturer Rebate,Sunny,False,493,False,368,501,133.0,False,1.0
20233559,2023-02-24,Friday,20281,141,1023,1.0,131.99,0.0,131.99,0.0,131.99,70.74,61.25,0.46405030684142745,Digital Wallet,In-Store,False,None,Snowy,False,217,False,38,34,-4.0,False,2.0
20233560,2024-05-28,Tuesday,20927,112,1045,6.0,225.33,0.17,1351.98,229.8366,1122.1434,159.92,162.6234,0.14492211957936924,EBT,Mobile App,True,Clearance,Cloudy,False,157,False,82,51,-31.0,False,4.0
20233561,2023-08-17,Thursday,20948,134,1022,2.0,333.8,0.0,667.6,0.0,667.6,187.99,291.62,0.43681845416417014,Digital Wallet,Curbside Pickup,False,None,Sunny,False,444,False,210,173,-37.0,False,1.0
20233562,2023-09-09,Saturday,20493,144,1048,6.0,275.77,0.0,1654.62,0.0,1654.62,184.37,548.4,0.33143561663705257,EBT,Curbside Pickup,False,None,Sunny,False,79,False,256,225,-31.0,True,3.0
20233563,2024-06-27,Thursday,20997,147,1013,7.0,182.61,0.0,1278.27,0.0,1278.27,118.75,447.02,0.34970702590219593,Gift Card,In-Store,False,None,Stormy,False,445,False,32,23,-9.0,False,1.0
20233564,2023-08-31,Thursday,20783,108,1014,6.0,221.6,0.0,1329.6,0.0,1329.6,172.18,296.52,0.223014440433213,Credit Card,In-Store,False,None,Cloudy,False,61,False,211,174,-37.0,False,4.0
20233565,2024-06-14,Friday,20777,124,1018,2.0,342.3,0.21,684.6,143.766,540.834,198.14,144.554,0.26727979379994615,EBT,Mobile App,True,Bundle Deal,Sunny,False,156,False,256,268,12.0,False,4.0
20233566,2023-12-16,Saturday,20473,101,1022,2.0,313.6,0.0,627.2,0.0,627.2,187.99,251.22,0.4005420918367347,Debit Card,Curbside Pickup,False,None,Stormy,False,42,False,214,129,-85.0,False,4.0
20233567,2023-03-08,Wednesday,20645,114,1039,5.0,97.79,0.0,488.95,0.0,488.95,71.53,131.3,0.26853461499130804,Credit Card,In-Store,False,None,Stormy,False,503,False,408,435,27.0,False,3.0
20233568,2024-10-21,Monday,20504,123,1011,2.0,911.0,0.08,1822.0,145.76,1676.24,618.67,438.9,0.26183601393595196,Credit Card,Curbside Pickup,True,Percentage Discount,Windy,False,456,False,44,45,1.0,False,3.0
20233569,2024-01-02,Tuesday,20077,143,1033,2.0,834.15,0.0,1668.3,0.0,1668.3,465.85,736.6,0.44152730324282197,Credit Card,Mobile App,False,None,Stormy,False,291,False,377,496,119.0,False,1.0
20233570,2024-08-11,Sunday,20815,117,1035,3.0,773.34,0.0,2320.02,0.0,2320.02,403.28,1110.18,0.4785217368815786,Credit Card,In-Store,False,None,Sunny,False,193,False,403,254,-149.0,False,4.0
20233571,2023-03-11,Saturday,20209,103,1033,2.0,803.06,0.0,1606.12,0.0,1606.12,465.85,674.42,0.4199063581799616,Debit Card,In-Store,False,None,Sunny,False,112,False,280,356,76.0,False,4.0
20233572,2023-08-20,Sunday,20777,124,1007,1.0,1035.36,0.11,1035.36,113.8896,921.4704,637.12,284.3504,0.3085833250856457,Cash,Mobile App,True,BOGO,Sunny,False,340,False,323,335,12.0,False,5.0
20233573,2023-11-10,Friday,20213,143,1040,1.0,93.25,0.15,93.25,13.9875,79.2625,47.28,31.9825,0.4035010250749093,Digital Wallet,Mobile App,True,Manufacturer Rebate,Cloudy,False,92,False,325,294,-31.0,False,5.0
20233574,2023-05-14,Sunday,20588,114,1026,4.0,220.97,0.0,883.88,0.0,883.88,130.01,363.84,0.41163958908449116,Debit Card,Online,False,None,Snowy,False,512,False,134,115,-19.0,False,4.0
20233575,2024-12-05,Thursday,21033,108,1013,3.0,180.94,0.0,542.82,0.0,542.82,118.75,186.57,0.34370509561180496,Digital Wallet,Curbside Pickup,False,None,Rainy,False,401,False,278,271,-7.0,False,4.0
20233576,2024-07-05,Friday,20783,108,1005,1.0,1082.15,0.0,1082.15,0.0,1082.15,774.22,307.93,0.28455389733401104,Credit Card,In-Store,False,None,Stormy,False,237,False,425,598,173.0,False,1.0
20233577,2024-08-04,Sunday,21081,105,1037,1.0,378.88,0.16,378.88,60.6208,318.2592,270.26,47.9992,0.1508179496460746,Gift Card,In-Store,True,BOGO,Stormy,False,246,False,133,174,41.0,False,2.0
20233578,2023-09-23,Saturday,20877,128,1004,4.0,717.54,0.06,2870.16,172.2096,2697.9504,445.03,917.8304,0.34019543131704716,Gift Card,Curbside Pickup,True,BOGO,Snowy,False,200,False,244,302,58.0,False,3.0
20233579,2024-03-18,Monday,20725,140,1027,7.0,62.91,0.0,440.37,0.0,440.37,37.44,178.29,0.4048640915593706,Debit Card,Curbside Pickup,False,None,Windy,False,2,True,382,260,-122.0,False,5.0
20233580,2024-11-28,Thursday,20225,102,1031,2.0,562.21,0.0,1124.42,0.0,1124.42,402.09,320.24,0.2848046103769055,Cash,Curbside Pickup,False,None,Sunny,True,271,False,41,34,-7.0,False,4.0
20233581,2024-12-20,Friday,20161,145,1032,1.0,949.02,0.0,949.02,0.0,949.02,572.31,376.71,0.3969463235758994,Digital Wallet,Curbside Pickup,False,None,Snowy,False,392,False,388,469,81.0,False,4.0
20233582,2023-04-25,Tuesday,20297,124,1041,1.0,668.7,0.0,668.7,0.0,668.7,486.05,182.65,0.2731419171526843,Gift Card,Curbside Pickup,False,None,Sunny,False,139,False,407,253,-154.0,False,2.0
20233583,2023-01-02,Monday,20781,128,1025,3.0,554.85,0.0,1664.55,0.0,1664.55,301.28,760.71,0.45700639812561966,Debit Card,Curbside Pickup,False,None,Stormy,False,271,False,71,96,25.0,False,5.0
20233584,2024-08-23,Friday,21173,122,1047,2.0,410.91,0.0,821.82,0.0,821.82,273.17,275.48,0.3352072229928695,Debit Card,Curbside Pickup,False,None,Cloudy,False,279,False,277,208,-69.0,False,4.0
20233585,2023-09-15,Friday,21175,111,1003,2.0,1888.11,0.26,3776.22,981.8172,2794.4028,1394.94,4.5228,0.0016185211380405624,Gift Card,Curbside Pickup,True,Loyalty Reward,Snowy,False,146,False,188,256,68.0,False,3.0
20233586,2023-08-27,Sunday,20419,129,1008,1.0,608.6,0.16,608.6,97.376,511.224,397.4,113.824,0.22264995383628322,EBT,In-Store,True,Bundle Deal,Sunny,False,371,False,305,260,-45.0,False,5.0
20233587,2024-03-30,Saturday,20416,119,1030,2.0,903.2,0.05,1806.4,90.32,1716.08,569.19,577.7,0.336639317514335,Digital Wallet,In-Store,True,Manufacturer Rebate,Cloudy,False,317,False,364,294,-70.0,False,5.0
20233588,2024-04-05,Friday,20442,143,1022,2.0,312.06,0.0,624.12,0.0,624.12,187.99,248.14,0.3975837979875665,Cash,Mobile App,False,None,Stormy,False,104,False,91,84,-7.0,False,4.0
20233589,2023-09-04,Monday,20742,106,1016,1.0,390.81,0.25,390.81,97.7025,293.1075,263.25,29.8575,0.10186535656712986,Gift Card,Online,True,Manufacturer Rebate,Sunny,False,344,False,95,65,-30.0,False,1.0
20233590,2024-10-22,Tuesday,20549,141,1050,2.0,1243.89,0.0,2487.78,0.0,2487.78,742.28,1003.22,0.40325913063052204,Debit Card,In-Store,False,None,Cloudy,False,188,False,427,521,94.0,False,5.0
20233591,2024-04-12,Friday,20640,102,1022,3.0,314.42,0.0,943.26,0.0,943.26,187.99,379.29,0.40210546402900577,Gift Card,In-Store,False,None,Sunny,False,144,False,355,390,35.0,False,1.0
20233592,2024-12-04,Wednesday,21031,135,1010,1.0,398.87,0.18,398.87,71.7966,327.0734,261.42,65.6534,0.20072986675162205,Cash,Online,True,BOGO,Windy,False,213,False,112,141,29.0,False,3.0
20233593,2023-09-23,Saturday,20061,107,1008,2.0,650.52,0.0,1301.04,0.0,1301.04,397.4,506.24,0.38910410133431717,EBT,Curbside Pickup,False,None,Cloudy,False,183,False,383,450,67.0,False,1.0
20233594,2024-05-29,Wednesday,21196,141,1030,2.0,924.95,0.0,1849.9,0.0,1849.9,569.19,711.52,0.3846261960105951,Debit Card,Online,False,None,Cloudy,False,182,False,316,374,58.0,False,5.0
20233595,2024-11-22,Friday,20651,112,1022,3.0,320.14,0.0,960.42,0.0,960.42,187.99,396.45,0.41278815518210776,EBT,Curbside Pickup,False,None,Windy,False,329,False,313,353,40.0,False,5.0
20233596,2023-08-05,Saturday,20421,108,1027,3.0,62.3,0.18,186.9,33.642,153.258,37.44,40.938,0.26711819285127036,Digital Wallet,Curbside Pickup,True,Manufacturer Rebate,Cloudy,False,15,True,367,515,148.0,False,2.0
20233597,2024-06-29,Saturday,20732,120,1016,4.0,387.8,0.0,1551.2,0.0,1551.2,263.25,498.2,0.3211707065497679,Gift Card,Online,False,None,Stormy,False,61,False,151,121,-30.0,False,1.0
20233598,2024-11-15,Friday,21099,116,1048,7.0,282.5,0.0,1977.5,0.0,1977.5,184.37,686.91,0.347362831858407,Gift Card,In-Store,False,None,Cloudy,False,61,False,142,135,-7.0,False,1.0
20233599,2024-10-13,Sunday,20560,107,1025,4.0,564.21,0.0,2256.84,0.0,2256.84,301.28,1051.72,0.46601442725226433,Gift Card,In-Store,False,None,Cloudy,False,279,False,120,93,-27.0,False,3.0
20233600,2023-12-19,Tuesday,21083,115,1006,7.0,282.35,0.06,1976.45,118.587,1857.863,163.55,713.013,0.38378125835973914,Gift Card,In-Store,True,Percentage Discount,Stormy,False,67,False,154,112,-42.0,False,4.0
20233601,2024-11-13,Wednesday,21024,135,1043,2.0,125.91,0.0,251.82,0.0,251.82,75.88,100.06,0.3973473115717576,Cash,Mobile App,False,None,Stormy,False,385,False,35,39,4.0,False,2.0
20233602,2024-12-15,Sunday,20683,112,1021,5.0,78.7,0.0,393.5,0.0,393.5,45.04,168.3,0.4277001270648031,EBT,In-Store,False,None,Sunny,False,498,False,469,438,-31.0,False,1.0
20233603,2023-05-30,Tuesday,20231,113,1014,3.0,240.61,0.0,721.83,0.0,721.83,172.18,205.29,0.2844021445492707,Cash,Online,False,None,Snowy,False,475,False,120,165,45.0,False,1.0
20233604,2024-04-11,Thursday,20827,135,1027,6.0,56.13,0.0,336.78,0.0,336.78,37.44,112.14,0.33297701763762705,Digital Wallet,Curbside Pickup,False,None,Cloudy,False,6,True,434,507,73.0,False,4.0
20233605,2023-01-26,Thursday,20705,103,1013,2.0,175.84,0.0,351.68,0.0,351.68,118.75,114.18,0.32467015468607824,Debit Card,Curbside Pickup,False,None,Cloudy,False,126,False,144,195,51.0,False,1.0
20233606,2023-07-01,Saturday,20873,111,1028,4.0,794.02,0.1,3176.08,317.608,2858.472,494.36,881.032,0.30821781707149826,Credit Card,Mobile App,True,Percentage Discount,Stormy,False,10,True,118,114,-4.0,False,2.0
20233607,2023-06-28,Wednesday,21163,147,1028,4.0,795.16,0.0,3180.64,0.0,3180.64,494.36,1203.2,0.3782886463101765,Cash,In-Store,False,None,Stormy,False,367,False,135,84,-51.0,False,1.0
20233608,2023-12-21,Thursday,20133,125,1021,1.0,78.11,0.0,78.11,0.0,78.11,45.04,33.07,0.4233772884393804,Credit Card,Curbside Pickup,False,None,Sunny,False,341,False,120,78,-42.0,False,3.0
20233609,2023-03-25,Saturday,20822,137,1018,4.0,346.63,0.0,1386.52,0.0,1386.52,198.14,593.96,0.42838184808008545,Debit Card,Curbside Pickup,False,None,Sunny,False,421,False,452,303,-149.0,False,2.0
20233610,2023-11-20,Monday,20052,132,1029,1.0,2068.62,0.0,2068.62,0.0,2068.62,1429.66,638.96,0.308882250002417,Cash,In-Store,False,None,Stormy,False,25,False,360,300,-60.0,False,1.0
20233611,2023-10-05,Thursday,21096,132,1047,2.0,382.72,0.0,765.44,0.0,765.44,273.17,219.1,0.286240593645485,Debit Card,Online,False,None,Cloudy,False,70,False,328,254,-74.0,False,3.0
20233612,2023-02-11,Saturday,20862,141,1038,3.0,147.6,0.0,442.8,0.0,442.8,88.81,176.37,0.39830623306233054,Debit Card,Mobile App,False,None,Windy,False,183,False,382,492,110.0,False,4.0
20233613,2023-11-04,Saturday,20069,104,1048,5.0,286.82,0.0,1434.1,0.0,1434.1,184.37,512.25,0.35719266438881525,Digital Wallet,Mobile App,False,None,Rainy,False,68,False,463,602,139.0,False,1.0
20233614,2023-10-29,Sunday,20374,115,1036,1.0,1135.42,0.33,1135.42,374.6886,760.7314,738.32,22.4114,0.029460332516838345,Gift Card,Online,True,Clearance,Sunny,False,346,False,390,281,-109.0,False,2.0
20233615,2024-10-30,Wednesday,20289,112,1050,2.0,1350.36,0.0,2700.72,0.0,2700.72,742.28,1216.16,0.4503095470837406,EBT,Mobile App,False,None,Cloudy,False,77,False,425,446,21.0,False,5.0
20233616,2024-12-16,Monday,20649,147,1039,1.0,104.73,0.2,104.73,20.946,83.784,71.53,12.254,0.14625704191731123,Digital Wallet,Curbside Pickup,True,Loyalty Reward,Sunny,False,170,False,269,340,71.0,False,3.0
20233617,2024-12-07,Saturday,20312,148,1046,4.0,547.24,0.18,2188.96,394.0128,1794.9472,345.33,413.6272,0.23043975889652918,EBT,Mobile App,True,BOGO,Sunny,False,73,False,429,379,-50.0,False,3.0
20233618,2024-10-30,Wednesday,20121,116,1004,1.0,651.02,0.0,651.02,0.0,651.02,445.03,205.99,0.3164111701637431,EBT,Online,False,None,Cloudy,False,318,False,59,83,24.0,False,2.0
20233619,2024-10-02,Wednesday,20572,148,1040,5.0,88.63,0.0,443.15,0.0,443.15,47.28,206.75,0.4665463161457745,Cash,In-Store,False,None,Cloudy,False,110,False,199,203,4.0,False,5.0
20233620,2023-12-20,Wednesday,21170,125,1009,2.0,1765.42,0.0,3530.84,0.0,3530.84,1077.88,1375.08,0.3894484032128332,Gift Card,Online,False,None,Rainy,False,415,False,117,79,-38.0,False,5.0
20233621,2023-05-06,Saturday,20361,121,1042,3.0,400.26,0.0,1200.78,0.0,1200.78,233.03,501.69,0.4178034277719482,Debit Card,In-Store,False,None,Sunny,False,261,False,278,286,8.0,False,1.0
20233622,2023-11-22,Wednesday,20753,110,1018,3.0,325.56,0.0,976.68,0.0,976.68,198.14,382.26,0.39138714829831683,Debit Card,Online,False,None,Cloudy,False,504,False,278,282,4.0,False,3.0
20233623,2024-09-10,Tuesday,20144,146,1038,2.0,139.71,0.0,279.42,0.0,279.42,88.81,101.8,0.3643261040727221,Gift Card,In-Store,False,None,Snowy,False,11,True,22,15,-7.0,False,2.0
20233624,2024-05-09,Thursday,21159,112,1042,2.0,411.81,0.0,823.62,0.0,823.62,233.03,357.56,0.43413224545300017,EBT,Curbside Pickup,False,None,Cloudy,False,451,False,335,432,97.0,False,4.0
20233625,2023-05-20,Saturday,21159,115,1040,2.0,94.29,0.28,188.58,52.8024,135.7776,47.28,41.2176,0.30356700958037264,Debit Card,Curbside Pickup,True,Percentage Discount,Cloudy,False,320,False,366,423,57.0,False,3.0
20233626,2023-12-01,Friday,20861,105,1022,4.0,334.32,0.21,1337.28,280.8288,1056.4512,187.99,304.4912,0.28822079051072114,Credit Card,Curbside Pickup,True,Manufacturer Rebate,Cloudy,False,159,False,101,99,-2.0,False,5.0
20233627,2024-11-26,Tuesday,21197,134,1046,1.0,575.33,0.22,575.33,126.5726,448.7574,345.33,103.4274,0.23047508520193768,Gift Card,Online,True,Percentage Discount,Rainy,False,162,False,290,287,-3.0,False,2.0
20233628,2024-10-23,Wednesday,21043,146,1047,4.0,372.25,0.0,1489.0,0.0,1489.0,273.17,396.32,0.26616521155137673,Debit Card,In-Store,False,None,Sunny,False,438,False,430,315,-115.0,False,4.0
20233629,2024-11-27,Wednesday,20211,125,1040,7.0,85.05,0.0,595.35,0.0,595.35,47.28,264.39,0.4440917107583774,EBT,Online,False,None,Windy,False,22,True,383,398,15.0,False,1.0
20233630,2023-03-26,Sunday,20045,116,1040,4.0,91.67,0.0,366.68,0.0,366.68,47.28,177.56,0.4842369368386604,EBT,In-Store,False,None,Stormy,False,191,False,298,416,118.0,False,2.0
20233631,2023-01-06,Friday,20325,123,1047,2.0,406.33,0.0,812.66,0.0,812.66,273.17,266.32,0.3277139271035857,Digital Wallet,In-Store,False,None,Stormy,False,414,False,290,192,-98.0,False,5.0
20233632,2024-10-03,Thursday,20347,109,1013,2.0,168.3,0.27,336.6,90.882,245.718,118.75,8.218,0.033444843275624976,Gift Card,Online,True,Loyalty Reward,Cloudy,False,480,False,336,349,13.0,False,1.0
20233633,2023-09-30,Saturday,20277,149,1035,3.0,712.55,0.0,2137.65,0.0,2137.65,403.28,927.81,0.434032699459687,Debit Card,Mobile App,False,None,Cloudy,False,164,False,236,314,78.0,False,3.0
20233634,2024-12-30,Monday,20168,119,1045,3.0,230.59,0.0,691.77,0.0,691.77,159.92,212.01,0.3064746953467193,EBT,Curbside Pickup,False,None,Windy,False,389,False,280,369,89.0,False,1.0
20233635,2023-01-21,Saturday,20520,129,1018,3.0,367.11,0.0,1101.33,0.0,1101.33,198.14,506.91,0.46027076353136664,EBT,Mobile App,False,None,Cloudy,False,109,False,59,50,-9.0,False,3.0
20233636,2023-04-27,Thursday,20884,125,1027,6.0,56.51,0.0,339.06,0.0,339.06,37.44,114.42,0.33746239603609984,Digital Wallet,Curbside Pickup,False,None,Rainy,False,386,False,347,248,-99.0,True,1.0
20233637,2024-05-26,Sunday,20806,129,1003,2.0,1870.37,0.0,3740.74,0.0,3740.74,1394.94,950.86,0.25419034736442514,Cash,Curbside Pickup,False,None,Stormy,False,70,False,378,330,-48.0,False,1.0
20233638,2023-12-01,Friday,20333,148,1006,2.0,289.33,0.23,578.66,133.0918,445.5682,163.55,118.4682,0.2658811827235425,Gift Card,Curbside Pickup,True,Loyalty Reward,Rainy,False,418,False,191,264,73.0,False,1.0
20233639,2023-11-05,Sunday,20456,115,1004,3.0,722.8,0.24,2168.4,520.416,1647.984,445.03,312.894,0.18986470742434383,Digital Wallet,Mobile App,True,Bundle Deal,Windy,False,445,False,432,443,11.0,False,5.0
20233640,2024-12-07,Saturday,21142,121,1043,2.0,124.22,0.0,248.44,0.0,248.44,75.88,96.68,0.38914828530027373,EBT,Mobile App,False,None,Cloudy,False,360,False,175,241,66.0,False,3.0
20233641,2023-05-26,Friday,20031,135,1038,5.0,142.71,0.0,713.55,0.0,713.55,88.81,269.5,0.377689019690281,Cash,In-Store,False,None,Rainy,False,23,True,283,336,53.0,False,5.0
20233642,2024-11-28,Thursday,20029,126,1013,4.0,178.78,0.0,715.12,0.0,715.12,118.75,240.12,0.3357758138494239,EBT,In-Store,False,None,Windy,True,257,False,225,298,73.0,False,1.0
20233643,2024-03-08,Friday,20106,118,1047,2.0,389.81,0.27,779.62,210.4974,569.1226,273.17,22.7826,0.04003109347616821,Gift Card,Online,True,Manufacturer Rebate,Sunny,False,432,False,162,187,25.0,False,4.0
20233644,2023-11-07,Tuesday,20258,138,1021,7.0,82.25,0.0,575.75,0.0,575.75,45.04,260.47,0.45240121580547116,EBT,In-Store,False,None,Snowy,False,421,False,253,264,11.0,False,5.0
20233645,2023-08-24,Thursday,20236,144,1049,6.0,152.25,0.0,913.5,0.0,913.5,117.26,209.94,0.2298193760262725,Gift Card,Online,False,None,Sunny,False,17,True,280,221,-59.0,False,3.0
20233646,2024-06-17,Monday,21082,141,1006,1.0,287.78,0.33,287.78,94.9674,192.8126,163.55,29.2626,0.15176705256814113,Debit Card,Online,True,Manufacturer Rebate,Sunny,False,496,False,228,236,8.0,False,4.0
20233647,2023-05-26,Friday,20238,120,1004,2.0,660.17,0.0,1320.34,0.0,1320.34,445.03,430.28,0.3258857566990321,Credit Card,Mobile App,False,None,Sunny,False,420,False,478,461,-17.0,False,5.0
20233648,2024-11-24,Sunday,20742,113,1011,1.0,912.89,0.0,912.89,0.0,912.89,618.67,294.22,0.322295128657341,EBT,Curbside Pickup,False,None,Windy,False,462,False,263,276,13.0,False,3.0
20233649,2024-11-04,Monday,21144,103,1003,1.0,1873.21,0.15,1873.21,280.9815,1592.2285,1394.94,197.2885,0.12390715277361264,Credit Card,In-Store,True,Bundle Deal,Cloudy,False,496,False,34,44,10.0,False,5.0
20233650,2023-10-19,Thursday,20606,122,1011,1.0,857.23,0.0,857.23,0.0,857.23,618.67,238.56,0.2782917070097874,EBT,In-Store,False,None,Rainy,False,442,False,155,101,-54.0,False,3.0
20233651,2023-10-24,Tuesday,20213,143,1020,3.0,335.71,0.23,1007.13,231.6399,775.4901,190.07,205.2801,0.2647101491044178,Debit Card,Curbside Pickup,True,Loyalty Reward,Sunny,False,194,False,109,152,43.0,False,3.0
20233652,2023-01-05,Thursday,21100,141,1032,2.0,939.3,0.0,1878.6,0.0,1878.6,572.31,733.98,0.3907058447780262,Gift Card,Online,False,None,Cloudy,False,197,False,364,483,119.0,False,4.0
20233653,2023-06-13,Tuesday,20562,148,1001,3.0,669.13,0.0,2007.39,0.0,2007.39,419.73,748.2,0.37272278929356023,EBT,Curbside Pickup,False,None,Stormy,False,197,False,160,128,-32.0,False,2.0
20233654,2023-03-12,Sunday,20166,103,1017,3.0,133.49,0.0,400.47,0.0,400.47,93.3,120.57,0.3010712412914826,Credit Card,In-Store,False,None,Stormy,False,270,False,298,227,-71.0,False,1.0
20233655,2023-04-19,Wednesday,20197,121,1043,7.0,114.58,0.21,802.06,168.4326,633.6274,75.88,102.4674,0.1617155444982335,EBT,In-Store,True,Percentage Discount,Sunny,False,156,False,291,252,-39.0,False,1.0
20233656,2023-11-15,Wednesday,20954,103,1028,2.0,765.59,0.0,1531.18,0.0,1531.18,494.36,542.46,0.35427578730129705,Digital Wallet,In-Store,False,None,Sunny,False,379,False,192,159,-33.0,False,2.0
20233657,2023-10-25,Wednesday,20892,131,1014,4.0,214.08,0.0,856.32,0.0,856.32,172.18,167.6,0.19572122571001496,Gift Card,Curbside Pickup,False,None,Cloudy,False,429,False,436,282,-154.0,False,3.0
20233658,2024-12-08,Sunday,21197,115,1041,1.0,662.51,0.0,662.51,0.0,662.51,486.05,176.46,0.26635069659325894,Debit Card,Curbside Pickup,False,None,Windy,False,46,False,281,207,-74.0,True,2.0
20233659,2024-11-13,Wednesday,20806,129,1002,1.0,1227.27,0.0,1227.27,0.0,1227.27,759.3,467.97,0.38130973624385833,EBT,Online,False,None,Cloudy,False,58,False,385,308,-77.0,False,2.0
20233660,2023-04-07,Friday,20350,102,1004,4.0,708.31,0.0,2833.24,0.0,2833.24,445.03,1053.12,0.37170165605455235,Digital Wallet,Online,False,None,Snowy,False,82,False,461,581,120.0,False,2.0
20233661,2024-07-17,Wednesday,21051,142,1015,1.0,238.18,0.0,238.18,0.0,238.18,149.38,88.8,0.3728272734906374,EBT,Curbside Pickup,False,None,Snowy,False,81,False,242,195,-47.0,False,2.0
20233662,2024-06-08,Saturday,20261,135,1016,3.0,370.99,0.0,1112.97,0.0,1112.97,263.25,323.22,0.29041214048896197,Gift Card,Curbside Pickup,False,None,Sunny,False,54,False,26,33,7.0,False,2.0
20233663,2023-06-18,Sunday,20109,106,1048,4.0,278.08,0.0,1112.32,0.0,1112.32,184.37,374.84,0.3369893555811277,Credit Card,Online,False,None,Windy,False,422,False,71,93,22.0,False,2.0
20233664,2023-12-22,Friday,20203,122,1040,3.0,91.14,0.1,273.42,27.342,246.078,47.28,104.238,0.42359739594762635,Gift Card,Online,True,Manufacturer Rebate,Windy,False,241,False,75,65,-10.0,False,3.0
20233665,2023-02-28,Tuesday,20589,111,1039,4.0,93.73,0.0,374.92,0.0,374.92,71.53,88.8,0.23685052811266405,Debit Card,In-Store,False,None,Sunny,False,47,False,345,451,106.0,False,4.0
20233666,2023-11-19,Sunday,20332,130,1050,1.0,1353.08,0.0,1353.08,0.0,1353.08,742.28,610.8,0.4514145505069915,Cash,Mobile App,False,None,Stormy,False,83,False,314,267,-47.0,False,3.0
20233667,2024-12-26,Thursday,20597,127,1024,3.0,506.35,0.0,1519.05,0.0,1519.05,283.62,668.19,0.439873605213785,Digital Wallet,Online,False,None,Rainy,False,351,False,82,75,-7.0,False,3.0
20233668,2024-04-06,Saturday,20724,110,1013,3.0,175.68,0.13,527.04,68.5152,458.5248,118.75,102.2748,0.2230518392898268,Cash,In-Store,True,Bundle Deal,Sunny,False,257,False,59,47,-12.0,False,3.0
20233669,2023-01-09,Monday,20041,148,1020,3.0,359.96,0.28,1079.88,302.3664,777.5136,190.07,207.3036,0.26662376066476506,Gift Card,Online,True,Percentage Discount,Sunny,False,480,False,59,65,6.0,True,2.0
20233670,2024-07-05,Friday,20906,127,1048,4.0,259.71,0.06,1038.84,62.3304,976.5096,184.37,239.0296,0.24477957001139566,Debit Card,In-Store,True,Clearance,Sunny,False,501,False,92,97,5.0,False,1.0
20233671,2024-01-08,Monday,20248,150,1016,4.0,361.1,0.0,1444.4,0.0,1444.4,263.25,391.4,0.27097756854057053,EBT,Online,False,None,Cloudy,False,230,False,397,500,103.0,False,5.0
20233672,2023-05-24,Wednesday,20313,137,1043,2.0,121.18,0.21,242.36,50.8956,191.4644,75.88,39.7044,0.20737223212252523,Debit Card,Mobile App,True,Loyalty Reward,Stormy,False,487,False,255,251,-4.0,False,4.0
20233673,2023-02-06,Monday,21156,119,1015,2.0,248.1,0.0,496.2,0.0,496.2,149.38,197.44,0.39790407093913743,Debit Card,In-Store,False,None,Windy,False,194,False,264,220,-44.0,False,5.0
20233674,2024-12-03,Tuesday,20895,125,1003,2.0,1865.72,0.0,3731.44,0.0,3731.44,1394.94,941.56,0.2523315395664944,Digital Wallet,In-Store,False,None,Cloudy,False,270,False,239,153,-86.0,False,3.0
20233675,2023-09-29,Friday,20682,139,1026,5.0,230.89,0.3,1154.45,346.335,808.115,130.01,158.065,0.19559716129511265,Debit Card,Curbside Pickup,True,Clearance,Sunny,False,330,False,124,100,-24.0,False,3.0
20233676,2024-11-14,Thursday,20645,101,1046,2.0,522.41,0.13,1044.82,135.8266,908.9934,345.33,218.3334,0.2401925030478769,Credit Card,In-Store,True,Bundle Deal,Stormy,False,415,False,162,162,0.0,False,4.0
20233677,2023-12-08,Friday,21047,132,1020,4.0,328.56,0.0,1314.24,0.0,1314.24,190.07,553.96,0.4215059654248844,Gift Card,Curbside Pickup,False,None,Cloudy,False,281,False,279,169,-110.0,False,4.0
20233678,2024-10-13,Sunday,21038,142,1044,5.0,71.44,0.0,357.2,0.0,357.2,46.06,126.9,0.3552631578947368,EBT,Mobile App,False,None,Cloudy,False,387,False,466,579,113.0,False,4.0
20233679,2024-03-28,Thursday,20864,109,1042,3.0,426.44,0.0,1279.32,0.0,1279.32,233.03,580.23,0.45354563361785943,Cash,Online,False,None,Windy,False,171,False,187,225,38.0,False,1.0
20233680,2023-11-06,Monday,20916,148,1006,5.0,270.91,0.21,1354.55,284.4555,1070.0945,163.55,252.3445,0.23581515464288444,EBT,Curbside Pickup,True,Manufacturer Rebate,Windy,False,200,False,42,29,-13.0,False,5.0
20233681,2024-11-22,Friday,20895,125,1022,3.0,331.87,0.0,995.61,0.0,995.61,187.99,431.64,0.4335432548889625,Digital Wallet,Mobile App,False,None,Cloudy,False,15,True,470,605,135.0,False,3.0
20233682,2024-01-24,Wednesday,20862,141,1015,7.0,258.25,0.0,1807.75,0.0,1807.75,149.38,762.09,0.42156824782187813,Gift Card,Mobile App,False,None,Sunny,False,93,False,248,177,-71.0,True,3.0
20233683,2024-07-22,Monday,20355,121,1041,1.0,667.14,0.0,667.14,0.0,667.14,486.05,181.09,0.2714422759840513,Digital Wallet,Online,False,None,Sunny,False,76,False,302,415,113.0,False,1.0
20233684,2024-07-27,Saturday,20107,137,1019,2.0,1280.7,0.0,2561.4,0.0,2561.4,867.36,826.68,0.3227453736237995,Digital Wallet,In-Store,False,None,Snowy,False,249,False,345,286,-59.0,False,2.0
20233685,2024-11-18,Monday,21006,116,1006,2.0,286.74,0.0,573.48,0.0,573.48,163.55,246.38,0.42962265466973565,Gift Card,Online,False,None,Snowy,False,244,False,413,494,81.0,False,1.0
20233686,2023-09-24,Sunday,21184,121,1009,1.0,1673.21,0.0,1673.21,0.0,1673.21,1077.88,595.33,0.3558011247840976,Digital Wallet,Online,False,None,Stormy,False,294,False,145,188,43.0,False,5.0
20233687,2023-05-04,Thursday,21200,129,1001,3.0,650.22,0.0,1950.66,0.0,1950.66,419.73,691.47,0.35448002214635044,EBT,Online,False,None,Cloudy,False,319,False,119,136,17.0,False,4.0
20233688,2023-07-14,Friday,20125,119,1043,3.0,114.76,0.0,344.28,0.0,344.28,75.88,116.64,0.33879400487974914,Credit Card,In-Store,False,None,Sunny,False,507,False,172,214,42.0,False,5.0
20233689,2023-07-10,Monday,20953,102,1008,4.0,645.01,0.3,2580.04,774.012,1806.028,397.4,216.428,0.11983645879244403,Gift Card,Online,True,Percentage Discount,Rainy,False,383,False,258,160,-98.0,False,2.0
20233690,2024-12-13,Friday,20273,102,1044,7.0,72.22,0.0,505.54,0.0,505.54,46.06,183.12,0.3622265300470783,EBT,In-Store,False,None,Cloudy,False,56,False,454,320,-134.0,False,5.0
20233691,2024-02-29,Thursday,20433,119,1041,3.0,620.26,0.0,1860.78,0.0,1860.78,486.05,402.63,0.21637700319220965,Gift Card,In-Store,False,None,Rainy,False,213,False,408,517,109.0,False,2.0
20233692,2024-11-09,Saturday,20526,110,1014,1.0,234.07,0.0,234.07,0.0,234.07,172.18,61.89,0.2644080830520784,Debit Card,In-Store,False,None,Rainy,False,72,False,155,206,51.0,False,2.0
20233693,2023-08-28,Monday,20384,115,1032,1.0,937.46,0.0,937.46,0.0,937.46,572.31,365.15,0.3895099524246369,Digital Wallet,Curbside Pickup,False,None,Stormy,False,306,False,471,564,93.0,False,1.0
20233694,2024-11-22,Friday,20751,117,1017,6.0,123.81,0.0,742.86,0.0,742.86,93.3,183.06,0.24642597528471052,Gift Card,Mobile App,False,None,Cloudy,False,233,False,199,183,-16.0,False,5.0
20233695,2023-02-05,Sunday,20668,140,1022,2.0,309.6,0.0,619.2,0.0,619.2,187.99,243.22,0.39279715762273903,Gift Card,Mobile App,False,None,Rainy,False,261,False,480,355,-125.0,False,1.0
20233696,2024-06-25,Tuesday,20982,134,1013,3.0,185.74,0.15,557.22,83.583,473.637,118.75,117.387,0.2478417015562552,Digital Wallet,Online,True,Clearance,Stormy,False,333,False,477,399,-78.0,False,2.0
20233697,2023-08-24,Thursday,20113,125,1050,2.0,1230.85,0.0,2461.7,0.0,2461.7,742.28,977.14,0.3969370760043872,EBT,In-Store,False,None,Cloudy,False,259,False,231,167,-64.0,False,1.0
20233698,2023-10-16,Monday,20265,111,1044,2.0,65.88,0.0,131.76,0.0,131.76,46.06,39.64,0.300850030358227,Gift Card,Online,False,None,Snowy,False,314,False,423,520,97.0,False,5.0
20233699,2024-11-06,Wednesday,20229,135,1038,3.0,153.0,0.18,459.0,82.62,376.38,88.81,109.95,0.2921249800733301,Digital Wallet,Mobile App,True,Bundle Deal,Windy,False,357,False,276,227,-49.0,False,4.0
20233700,2023-05-13,Saturday,21127,118,1007,1.0,1135.63,0.0,1135.63,0.0,1135.63,637.12,498.51,0.43897220045261226,Debit Card,Curbside Pickup,False,None,Sunny,False,141,False,267,301,34.0,False,4.0
20233701,2024-07-14,Sunday,20799,121,1004,2.0,657.8,0.0,1315.6,0.0,1315.6,445.03,425.54,0.32345697780480387,Gift Card,In-Store,False,None,Stormy,False,163,False,90,80,-10.0,False,3.0
20233702,2024-08-24,Saturday,20341,140,1030,2.0,941.85,0.0,1883.7,0.0,1883.7,569.19,745.32,0.39566810001592606,Gift Card,Curbside Pickup,False,None,Cloudy,False,19,True,117,137,20.0,False,5.0
20233703,2024-11-14,Thursday,20268,117,1022,2.0,332.05,0.0,664.1,0.0,664.1,187.99,288.12,0.43385032374642374,EBT,In-Store,False,None,Stormy,False,10,True,274,270,-4.0,False,5.0
20233704,2023-07-20,Thursday,20313,127,1037,1.0,417.56,0.0,417.56,0.0,417.56,270.26,147.3,0.35276367468148295,EBT,In-Store,False,None,Cloudy,False,187,False,391,259,-132.0,False,1.0
20233705,2024-07-31,Wednesday,21180,123,1014,7.0,217.31,0.0,1521.17,0.0,1521.17,172.18,315.91,0.20767567070084217,Debit Card,Curbside Pickup,False,None,Cloudy,False,375,False,423,436,13.0,False,4.0
20233706,2024-11-28,Thursday,20531,142,1007,2.0,1059.17,0.0,2118.34,0.0,2118.34,637.12,844.1,0.39847238875723445,Digital Wallet,In-Store,False,None,Windy,True,191,False,150,212,62.0,False,4.0
20233707,2023-11-11,Saturday,21076,141,1016,1.0,397.83,0.0,397.83,0.0,397.83,263.25,134.58,0.3382851971947817,EBT,Mobile App,False,None,Rainy,False,86,False,401,451,50.0,False,3.0
20233708,2024-11-21,Thursday,21083,115,1047,3.0,373.81,0.26,1121.43,291.5718,829.8582,273.17,10.3482,0.012469841233116718,EBT,Curbside Pickup,True,Clearance,Snowy,False,495,False,392,492,100.0,True,4.0
20233709,2024-07-25,Thursday,20477,114,1025,3.0,527.53,0.0,1582.59,0.0,1582.59,301.28,678.75,0.4288855610107482,Credit Card,Curbside Pickup,False,None,Sunny,False,0,True,479,570,91.0,False,5.0
20233710,2023-06-21,Wednesday,20481,127,1019,2.0,1218.8,0.0,2437.6,0.0,2437.6,867.36,702.88,0.28834919593042335,Gift Card,In-Store,False,None,Sunny,False,106,False,21,26,5.0,False,4.0
20233711,2024-12-14,Saturday,20288,124,1014,3.0,241.17,0.0,723.51,0.0,723.51,172.18,206.97,0.28606377244267533,EBT,Online,False,None,Cloudy,False,460,False,169,122,-47.0,False,1.0
20233712,2024-12-05,Thursday,20417,130,1036,1.0,1116.35,0.0,1116.35,0.0,1116.35,738.32,378.03,0.33863035786267737,Credit Card,Curbside Pickup,False,None,Cloudy,False,359,False,478,553,75.0,False,1.0
20233713,2023-01-24,Tuesday,20278,116,1020,2.0,365.54,0.0,731.08,0.0,731.08,190.07,350.94,0.4800295453301965,Gift Card,Mobile App,False,None,Cloudy,False,464,False,255,344,89.0,False,1.0
20233714,2024-01-05,Friday,20092,135,1004,2.0,660.73,0.0,1321.46,0.0,1321.46,445.03,431.4,0.32645710047977244,Credit Card,Online,False,None,Cloudy,False,255,False,79,98,19.0,False,5.0
20233715,2024-05-01,Wednesday,20410,137,1004,3.0,653.82,0.23,1961.46,451.1358,1510.3242,445.03,175.2342,0.11602422844048986,Cash,Curbside Pickup,True,Percentage Discount,Cloudy,False,167,False,83,62,-21.0,False,2.0
20233716,2023-05-27,Saturday,21047,132,1007,1.0,1103.93,0.0,1103.93,0.0,1103.93,637.12,466.81,0.42286195682697275,EBT,Online,False,None,Snowy,True,454,False,129,94,-35.0,False,5.0
20233717,2024-01-01,Monday,20693,102,1041,1.0,625.65,0.0,625.65,0.0,625.65,486.05,139.6,0.22312794693518737,Debit Card,Mobile App,False,None,Stormy,True,101,False,28,39,11.0,False,4.0
20233718,2023-08-16,Wednesday,20968,116,1019,1.0,1282.93,0.0,1282.93,0.0,1282.93,867.36,415.57,0.32392258346129565,Credit Card,Online,False,None,Snowy,False,214,False,235,226,-9.0,False,3.0
20233719,2024-07-28,Sunday,20994,143,1049,5.0,165.07,0.0,825.35,0.0,825.35,117.26,239.05,0.2896347004301204,Digital Wallet,In-Store,False,None,Rainy,False,488,False,70,58,-12.0,False,3.0
20233720,2023-08-26,Saturday,20160,109,1038,1.0,139.6,0.0,139.6,0.0,139.6,88.81,50.79,0.3638252148997134,Credit Card,In-Store,False,None,Stormy,False,476,False,90,65,-25.0,False,3.0
20233721,2024-11-26,Tuesday,20307,124,1036,2.0,1024.9,0.0,2049.8,0.0,2049.8,738.32,573.16,0.27961752366084497,Cash,Online,False,None,Sunny,False,274,False,390,248,-142.0,False,4.0
20233722,2024-01-08,Monday,20136,141,1014,7.0,234.68,0.0,1642.76,0.0,1642.76,172.18,437.5,0.2663200954491222,Credit Card,Online,False,None,Sunny,False,5,True,465,615,150.0,False,1.0
20233723,2023-12-03,Sunday,20500,146,1017,7.0,134.15,0.0,939.05,0.0,939.05,93.3,285.95,0.30450987700335447,EBT,Mobile App,False,None,Rainy,False,160,False,212,212,0.0,False,5.0
20233724,2023-01-03,Tuesday,20436,126,1011,1.0,895.84,0.12,895.84,107.5008,788.3392,618.67,169.6692,0.2152235991816721,EBT,Mobile App,True,Clearance,Stormy,False,119,False,97,104,7.0,False,4.0
20233725,2023-11-30,Thursday,21024,135,1043,1.0,120.06,0.0,120.06,0.0,120.06,75.88,44.18,0.3679826753290022,Digital Wallet,Mobile App,False,None,Stormy,False,143,False,168,239,71.0,True,4.0
20233726,2023-07-11,Tuesday,21190,117,1032,2.0,969.73,0.26,1939.46,504.2596,1435.2004,572.31,290.5804,0.20246677746187924,Debit Card,Curbside Pickup,True,Clearance,Windy,False,148,False,286,295,9.0,False,2.0
20233727,2023-11-20,Monday,20806,129,1023,3.0,122.72,0.0,368.16,0.0,368.16,70.74,155.94,0.42356584093872235,Debit Card,Curbside Pickup,False,None,Cloudy,False,412,False,155,165,10.0,False,1.0
20233728,2023-12-31,Sunday,20657,118,1036,1.0,1054.35,0.0,1054.35,0.0,1054.35,738.32,316.03,0.29973917579551373,Digital Wallet,Curbside Pickup,False,None,Windy,True,399,False,478,590,112.0,False,2.0
20233729,2024-11-02,Saturday,20754,124,1039,5.0,99.06,0.0,495.3,0.0,495.3,71.53,137.65,0.27791237633757326,Cash,In-Store,False,None,Sunny,False,381,False,346,462,116.0,False,5.0
20233730,2024-09-12,Thursday,20297,124,1050,1.0,1269.61,0.0,1269.61,0.0,1269.61,742.28,527.33,0.4153480202581895,EBT,Curbside Pickup,False,None,Snowy,False,74,False,308,399,91.0,False,1.0
20233731,2024-11-02,Saturday,20916,148,1015,3.0,236.11,0.16,708.33,113.3328,594.9972,149.38,146.8572,0.24681998503522373,EBT,Mobile App,True,Bundle Deal,Snowy,False,396,False,422,496,74.0,False,3.0
20233732,2023-12-11,Monday,20557,104,1023,4.0,120.64,0.0,482.56,0.0,482.56,70.74,199.6,0.41362732095490723,Cash,Online,False,None,Snowy,False,308,False,183,115,-68.0,False,4.0
20233733,2023-02-08,Wednesday,20692,150,1037,1.0,388.34,0.0,388.34,0.0,388.34,270.26,118.08,0.3040634495545141,Digital Wallet,Curbside Pickup,False,None,Snowy,False,148,False,246,340,94.0,False,2.0
20233734,2024-06-30,Sunday,20997,147,1012,5.0,237.54,0.0,1187.7,0.0,1187.7,173.37,320.85,0.2701439757514524,Digital Wallet,In-Store,False,None,Cloudy,False,265,False,318,348,30.0,False,1.0
20233735,2023-12-16,Saturday,20745,131,1035,4.0,778.68,0.0,3114.72,0.0,3114.72,403.28,1501.6,0.4820979092823753,Digital Wallet,Online,False,None,Stormy,False,40,False,197,233,36.0,True,2.0
20233736,2024-08-22,Thursday,21191,118,1045,4.0,213.17,0.06,852.68,51.1608,801.5192,159.92,161.8392,0.20191556234710287,Debit Card,Mobile App,True,Manufacturer Rebate,Snowy,False,40,False,235,145,-90.0,False,1.0
20233737,2023-08-15,Tuesday,20493,144,1042,1.0,443.69,0.11,443.69,48.8059,394.8841,233.03,161.8541,0.4098774805063055,Gift Card,Online,True,Loyalty Reward,Rainy,False,403,False,346,386,40.0,False,2.0
20233738,2024-04-02,Tuesday,20878,105,1001,3.0,630.61,0.32,1891.83,605.3856,1286.4444,419.73,27.2544,0.021185835936632636,Debit Card,Curbside Pickup,True,Bundle Deal,Cloudy,False,193,False,466,617,151.0,False,2.0
20233739,2024-03-25,Monday,20088,107,1031,3.0,556.19,0.34,1668.57,567.3138,1101.2562,402.09,-105.0138,-0.09535819185399359,Cash,Mobile App,True,Bundle Deal,Sunny,False,312,False,251,296,45.0,False,5.0
20233740,2024-10-13,Sunday,20339,147,1043,6.0,112.19,0.24,673.14,161.5536,511.5864,75.88,56.3064,0.11006234723987982,Digital Wallet,Mobile App,True,Loyalty Reward,Sunny,False,449,False,51,43,-8.0,True,5.0
20233741,2024-04-20,Saturday,20764,102,1010,1.0,402.41,0.0,402.41,0.0,402.41,261.42,140.99,0.35036405655923064,Credit Card,In-Store,False,None,Windy,False,111,False,260,326,66.0,False,2.0
20233742,2024-06-05,Wednesday,20468,138,1015,4.0,243.18,0.23,972.72,223.7256,748.9944,149.38,151.4744,0.20223702607122304,EBT,Online,True,Clearance,Sunny,False,255,False,131,125,-6.0,False,1.0
20233743,2024-08-02,Friday,20580,102,1012,4.0,248.57,0.0,994.28,0.0,994.28,173.37,300.8,0.30253047431307073,EBT,Mobile App,False,None,Cloudy,False,304,False,420,578,158.0,False,1.0
20233744,2023-08-07,Monday,20404,135,1007,2.0,1127.72,0.0,2255.44,0.0,2255.44,637.12,981.2,0.4350370659383535,Gift Card,Curbside Pickup,False,None,Rainy,False,452,False,27,26,-1.0,False,5.0
20233745,2024-06-12,Wednesday,20776,114,1007,1.0,1125.18,0.0,1125.18,0.0,1125.18,637.12,488.06,0.43376170923763313,Gift Card,In-Store,False,None,Cloudy,False,107,False,432,303,-129.0,False,3.0
20233746,2024-06-06,Thursday,20589,143,1033,1.0,884.25,0.0,884.25,0.0,884.25,465.85,418.4,0.4731693525586655,Debit Card,Online,False,None,Rainy,False,513,False,244,288,44.0,False,5.0
20233747,2023-11-05,Sunday,20936,150,1035,1.0,775.0,0.28,775.0,217.0,558.0,403.28,154.72,0.2772759856630825,Cash,Mobile App,True,Bundle Deal,Cloudy,False,120,False,97,115,18.0,False,4.0
20233748,2023-06-26,Monday,21042,148,1022,2.0,338.44,0.0,676.88,0.0,676.88,187.99,300.9,0.4445396525233424,EBT,In-Store,False,None,Cloudy,False,410,False,80,73,-7.0,False,2.0
20233749,2024-03-27,Wednesday,20544,102,1013,2.0,170.68,0.0,341.36,0.0,341.36,118.75,103.86,0.304253573939536,Cash,Mobile App,False,None,Cloudy,False,443,False,351,473,122.0,False,2.0
20233750,2023-10-08,Sunday,21156,106,1013,4.0,173.43,0.24,693.72,166.4928,527.2272,118.75,52.2272,0.09906013953756565,Gift Card,Curbside Pickup,True,Manufacturer Rebate,Cloudy,False,5,True,479,687,208.0,False,1.0
20233751,2023-02-16,Thursday,20167,101,1045,5.0,218.39,0.12,1091.95,131.034,960.916,159.92,161.316,0.1678773170599719,Debit Card,In-Store,True,Loyalty Reward,Sunny,False,63,False,212,176,-36.0,False,4.0
20233752,2023-11-11,Saturday,20127,147,1042,2.0,400.19,0.05,800.38,40.019,760.361,233.03,294.301,0.38705430709886485,Digital Wallet,Curbside Pickup,True,Percentage Discount,Snowy,False,221,False,281,243,-38.0,False,2.0
20233753,2024-05-23,Thursday,20906,132,1005,2.0,1187.89,0.0,2375.78,0.0,2375.78,774.22,827.34,0.3482393150880974,Debit Card,Curbside Pickup,False,None,Windy,False,7,True,315,255,-60.0,False,5.0
20233754,2023-01-29,Sunday,20048,148,1001,1.0,623.63,0.0,623.63,0.0,623.63,419.73,203.9,0.3269566890624248,EBT,Online,False,None,Sunny,False,299,False,21,23,2.0,False,3.0
20233755,2023-02-02,Thursday,20886,115,1025,3.0,520.43,0.24,1561.29,374.7096,1186.5804,301.28,282.7404,0.2382817042991778,EBT,Mobile App,True,Percentage Discount,Sunny,False,353,False,67,53,-14.0,False,4.0
20233756,2023-02-09,Thursday,20911,129,1021,7.0,77.34,0.33,541.38,178.6554,362.7246,45.04,47.4446,0.13080061291679704,Gift Card,In-Store,True,Loyalty Reward,Cloudy,False,39,False,255,287,32.0,False,4.0
20233757,2023-04-17,Monday,20965,114,1002,1.0,1261.03,0.0,1261.03,0.0,1261.03,759.3,501.73,0.39787316717286664,Digital Wallet,Mobile App,False,None,Sunny,False,187,False,129,180,51.0,False,4.0
20233758,2024-05-04,Saturday,20565,121,1017,3.0,134.82,0.0,404.46,0.0,404.46,93.3,124.56,0.30796617712505564,Credit Card,In-Store,False,None,Sunny,False,68,False,220,291,71.0,False,2.0
20233759,2023-11-21,Tuesday,20930,129,1028,4.0,813.47,0.15,3253.88,488.082,2765.798,494.36,788.358,0.2850381698157277,Gift Card,Curbside Pickup,True,Percentage Discount,Stormy,False,487,False,188,170,-18.0,False,3.0
20233760,2024-07-02,Tuesday,20219,128,1022,3.0,319.31,0.0,957.93,0.0,957.93,187.99,393.96,0.4112617832200683,Digital Wallet,Mobile App,False,None,Windy,False,502,False,128,167,39.0,False,1.0
20233761,2023-12-24,Sunday,20923,102,1007,1.0,1108.08,0.08,1108.08,88.6464,1019.4336,637.12,382.3136,0.37502550435849863,Debit Card,In-Store,True,Loyalty Reward,Stormy,True,275,False,165,215,50.0,False,5.0
20233762,2023-04-18,Tuesday,20006,150,1006,7.0,259.57,0.0,1816.99,0.0,1816.99,163.55,672.14,0.3699194822205955,Cash,Mobile App,False,None,Windy,False,374,False,211,254,43.0,False,2.0
20233763,2023-04-04,Tuesday,20391,119,1021,3.0,79.29,0.23,237.87,54.7101,183.1599,45.04,48.0399,0.2622839387879115,EBT,Mobile App,True,Bundle Deal,Sunny,False,441,False,392,389,-3.0,False,3.0
20233764,2023-01-20,Friday,20734,129,1034,1.0,1548.18,0.27,1548.18,418.0086,1130.1714,1145.68,-15.5086,-0.013722343354291318,Gift Card,Curbside Pickup,True,Bundle Deal,Cloudy,False,395,False,293,193,-100.0,False,1.0
20233765,2024-11-16,Saturday,20352,138,1041,2.0,620.35,0.2,1240.7,248.14,992.56,486.05,20.46,0.020613363423873654,Debit Card,In-Store,True,Loyalty Reward,Windy,False,407,False,120,84,-36.0,False,2.0
20233766,2024-02-05,Monday,20882,143,1002,2.0,1345.36,0.0,2690.72,0.0,2690.72,759.3,1172.12,0.4356157459713385,Gift Card,In-Store,False,None,Cloudy,False,384,False,302,303,1.0,False,5.0
20233767,2024-02-08,Thursday,20833,123,1032,2.0,996.21,0.0,1992.42,0.0,1992.42,572.31,847.8,0.4255126931068751,Digital Wallet,In-Store,False,None,Cloudy,False,318,False,401,358,-43.0,False,1.0
20233768,2023-02-22,Wednesday,20587,109,1013,2.0,187.54,0.07,375.08,26.2556,348.8244,118.75,111.3244,0.31914166554862555,EBT,In-Store,True,Percentage Discount,Snowy,False,450,False,425,609,184.0,False,2.0
20233769,2024-01-08,Monday,20023,143,1034,1.0,1530.74,0.34,1530.74,520.4516,1010.2884,1145.68,-135.3916,-0.13401282247722535,EBT,In-Store,True,BOGO,Cloudy,False,478,False,106,116,10.0,False,2.0
20233770,2024-08-07,Wednesday,20246,145,1017,6.0,131.14,0.0,786.84,0.0,786.84,93.3,227.04,0.2885465914290071,Digital Wallet,Curbside Pickup,False,None,Stormy,False,216,False,292,353,61.0,False,3.0
20233771,2023-09-07,Thursday,20021,131,1015,6.0,261.33,0.0,1567.98,0.0,1567.98,149.38,671.7,0.4283855661424253,Credit Card,Mobile App,False,None,Snowy,False,218,False,208,216,8.0,True,4.0
20233772,2024-12-17,Tuesday,20219,148,1014,7.0,233.95,0.1,1637.65,163.765,1473.885,172.18,268.625,0.1822564175631069,Gift Card,In-Store,True,Clearance,Sunny,False,457,False,362,332,-30.0,False,3.0
20233773,2024-09-25,Wednesday,20548,136,1042,1.0,414.82,0.0,414.82,0.0,414.82,233.03,181.79,0.4382382720215997,Gift Card,Curbside Pickup,False,None,Windy,False,172,False,421,595,174.0,False,4.0
20233774,2023-08-01,Tuesday,20099,132,1029,1.0,2306.59,0.2,2306.59,461.318,1845.272,1429.66,415.612,0.2252307518891524,Gift Card,Curbside Pickup,True,Manufacturer Rebate,Rainy,False,350,False,448,525,77.0,False,1.0
20233775,2024-01-26,Friday,20287,138,1042,1.0,401.43,0.0,401.43,0.0,401.43,233.03,168.4,0.41950028647584886,Gift Card,Curbside Pickup,False,None,Sunny,False,318,False,156,205,49.0,False,2.0
20233776,2023-09-07,Thursday,20756,148,1044,5.0,71.32,0.13,356.6,46.358,310.242,46.06,79.942,0.25767626562489915,Cash,Online,True,Loyalty Reward,Stormy,False,15,True,188,220,32.0,False,1.0
20233777,2024-12-06,Friday,20658,124,1043,4.0,119.97,0.34,479.88,163.1592,316.7208,75.88,13.2008,0.0416796118221475,Credit Card,Curbside Pickup,True,Percentage Discount,Snowy,False,519,False,142,189,47.0,False,5.0
20233778,2024-12-11,Wednesday,20573,128,1017,3.0,131.55,0.0,394.65,0.0,394.65,93.3,114.75,0.29076396807297616,Gift Card,Curbside Pickup,False,None,Sunny,False,347,False,93,59,-34.0,True,4.0
20233779,2024-11-15,Friday,21085,128,1044,4.0,72.55,0.27,290.2,78.354,211.846,46.06,27.606,0.13031164147541136,Cash,In-Store,True,BOGO,Sunny,False,58,False,408,352,-56.0,False,3.0
20233780,2024-11-05,Tuesday,20549,141,1008,2.0,658.41,0.17,1316.82,223.8594,1092.9606,397.4,298.1606,0.2728008676616522,Cash,Online,True,Loyalty Reward,Snowy,False,383,False,314,198,-116.0,False,4.0
20233781,2023-11-07,Tuesday,20750,145,1028,2.0,751.21,0.15,1502.42,225.363,1277.057,494.36,288.337,0.225782404387588,Cash,Online,True,BOGO,Cloudy,False,467,False,208,184,-24.0,False,4.0
20233782,2024-12-22,Sunday,20068,103,1016,4.0,380.08,0.0,1520.32,0.0,1520.32,263.25,467.32,0.3073826562828878,Debit Card,Curbside Pickup,False,None,Snowy,False,61,False,30,29,-1.0,True,4.0
20233783,2023-07-28,Friday,20911,129,1028,2.0,824.67,0.0,1649.34,0.0,1649.34,494.36,660.62,0.4005359719645433,Credit Card,In-Store,False,None,Sunny,False,516,False,98,135,37.0,False,4.0
20233784,2024-08-29,Thursday,20870,120,1012,7.0,247.35,0.0,1731.45,0.0,1731.45,173.37,517.86,0.2990903577926015,Credit Card,In-Store,False,None,Stormy,False,515,False,321,387,66.0,False,5.0
20233785,2023-11-04,Saturday,20566,132,1032,1.0,969.39,0.09,969.39,87.2451,882.1449,572.31,309.8349,0.35122903278134926,Gift Card,Curbside Pickup,True,Bundle Deal,Sunny,False,407,False,335,420,85.0,False,5.0
20233786,2023-12-19,Tuesday,20052,132,1041,2.0,629.85,0.17,1259.7,214.149,1045.551,486.05,73.451,0.07025099684281294,Debit Card,Online,True,Clearance,Cloudy,False,338,False,325,198,-127.0,False,2.0
20233787,2023-11-23,Thursday,20583,113,1027,7.0,56.85,0.0,397.95,0.0,397.95,37.44,135.87,0.34142480211081794,Credit Card,Curbside Pickup,False,None,Sunny,False,466,False,341,251,-90.0,False,3.0
20233788,2024-12-11,Wednesday,20847,104,1030,1.0,878.68,0.0,878.68,0.0,878.68,569.19,309.49,0.3522215140893157,Credit Card,Curbside Pickup,False,None,Cloudy,False,45,False,435,448,13.0,False,3.0
20233789,2024-10-11,Friday,20417,130,1045,4.0,225.75,0.1,903.0,90.3,812.7,159.92,173.02,0.21289528731389207,Cash,In-Store,True,BOGO,Cloudy,False,445,False,38,40,2.0,False,3.0
20233790,2023-06-26,Monday,20373,150,1025,4.0,541.24,0.0,2164.96,0.0,2164.96,301.28,959.84,0.4433523021210554,Credit Card,Mobile App,False,None,Windy,False,379,False,144,168,24.0,False,3.0
20233791,2024-04-06,Saturday,20439,149,1039,1.0,95.3,0.33,95.3,31.449,63.851,71.53,-7.679,-0.12026436547587355,Credit Card,Online,True,Percentage Discount,Sunny,False,61,False,41,49,8.0,True,2.0
20233792,2023-08-15,Tuesday,20484,101,1016,2.0,362.71,0.23,725.42,166.8466,558.5734,263.25,32.0734,0.05742020654760859,EBT,In-Store,True,Percentage Discount,Snowy,False,238,False,209,231,22.0,False,3.0
20233793,2024-12-04,Wednesday,20404,135,1022,2.0,320.69,0.0,641.38,0.0,641.38,187.99,265.4,0.41379525398359784,Cash,Curbside Pickup,False,None,Rainy,False,256,False,299,231,-68.0,False,1.0
20233794,2024-06-15,Saturday,20012,142,1028,4.0,805.33,0.0,3221.32,0.0,3221.32,494.36,1243.88,0.3861398432940534,Debit Card,Mobile App,False,None,Cloudy,False,368,False,169,198,29.0,False,1.0
20233795,2023-03-22,Wednesday,20044,114,1041,4.0,667.1,0.0,2668.4,0.0,2668.4,486.05,724.2,0.2713985909159047,Cash,In-Store,False,None,Cloudy,False,416,False,211,152,-59.0,False,5.0
20233796,2023-07-22,Saturday,20131,149,1010,2.0,389.84,0.0,779.68,0.0,779.68,261.42,256.84,0.3294171967986866,EBT,Curbside Pickup,False,None,Cloudy,False,367,False,211,244,33.0,False,4.0
20233797,2024-11-25,Monday,20985,138,1006,4.0,289.28,0.0,1157.12,0.0,1157.12,163.55,502.92,0.4346308075221238,Digital Wallet,Online,False,None,Rainy,False,146,False,112,153,41.0,False,5.0
20233798,2023-10-16,Monday,20596,134,1022,1.0,324.45,0.33,324.45,107.0685,217.3815,187.99,29.3915,0.1352069978356023,EBT,Mobile App,True,Clearance,Windy,False,430,False,297,312,15.0,False,3.0
20233799,2023-03-15,Wednesday,21116,107,1019,2.0,1342.61,0.35,2685.22,939.827,1745.393,867.36,10.673,0.006114955199201556,Debit Card,In-Store,True,Clearance,Windy,False,212,False,159,110,-49.0,False,1.0
20233800,2024-03-16,Saturday,21101,145,1047,4.0,380.16,0.0,1520.64,0.0,1520.64,273.17,427.96,0.281434132996633,Digital Wallet,In-Store,False,None,Windy,False,452,False,42,46,4.0,False,1.0
20233801,2024-01-21,Sunday,21042,148,1007,2.0,1132.76,0.18,2265.52,407.7936,1857.7264,637.12,583.4864,0.3140862938697539,Cash,Online,True,Clearance,Sunny,False,265,False,304,245,-59.0,False,1.0
20233802,2023-02-28,Tuesday,20130,127,1042,2.0,412.32,0.09,824.64,74.2176,750.4224,233.03,284.3624,0.3789364496582192,Gift Card,In-Store,True,Loyalty Reward,Cloudy,False,34,False,393,329,-64.0,False,1.0
20233803,2024-09-20,Friday,20439,149,1030,1.0,861.83,0.0,861.83,0.0,861.83,569.19,292.64,0.339556525068749,EBT,In-Store,False,None,Stormy,False,121,False,139,158,19.0,False,1.0
20233804,2024-03-22,Friday,21153,141,1041,4.0,604.95,0.0,2419.8,0.0,2419.8,486.05,475.6,0.1965451690222333,Debit Card,In-Store,False,None,Windy,False,314,False,314,241,-73.0,False,1.0
20233805,2023-10-17,Tuesday,20650,106,1050,1.0,1233.28,0.0,1233.28,0.0,1233.28,742.28,491.0,0.3981253243383498,Debit Card,Online,False,None,Cloudy,False,228,False,248,349,101.0,False,4.0
20233806,2024-06-19,Wednesday,20034,110,1012,7.0,243.45,0.0,1704.15,0.0,1704.15,173.37,490.56,0.2878619839802833,Credit Card,In-Store,False,None,Sunny,False,307,False,320,378,58.0,True,3.0
20233807,2024-08-04,Sunday,21020,101,1027,4.0,57.95,0.0,231.8,0.0,231.8,37.44,82.04,0.35392579810181196,Cash,Mobile App,False,None,Cloudy,False,296,False,329,459,130.0,False,4.0
20233808,2023-10-07,Saturday,20875,123,1008,2.0,611.9,0.12,1223.8,146.856,1076.944,397.4,282.144,0.2619857671336671,EBT,Online,True,BOGO,Sunny,False,398,False,253,160,-93.0,False,4.0
20233809,2024-11-26,Tuesday,21112,109,1008,3.0,679.06,0.0,2037.18,0.0,2037.18,397.4,844.98,0.4147792536741967,Debit Card,In-Store,False,None,Rainy,False,461,False,480,436,-44.0,False,3.0
20233810,2023-12-24,Sunday,20229,128,1011,2.0,933.57,0.2,1867.14,373.428,1493.712,618.67,256.372,0.17163415705303303,Credit Card,Mobile App,True,Bundle Deal,Sunny,True,122,False,368,452,84.0,False,3.0
20233811,2023-12-21,Thursday,20239,145,1008,3.0,631.75,0.32,1895.25,606.48,1288.77,397.4,96.57,0.07493191182290103,Digital Wallet,Mobile App,True,Manufacturer Rebate,Snowy,False,516,False,464,441,-23.0,False,5.0
20233812,2023-11-01,Wednesday,20715,119,1006,6.0,284.2,0.0,1705.2,0.0,1705.2,163.55,723.9,0.4245249824067557,Cash,Mobile App,False,None,Sunny,False,377,False,50,41,-9.0,True,3.0
20233813,2023-12-13,Wednesday,20328,110,1040,2.0,92.63,0.24,185.26,44.4624,140.7976,47.28,46.2376,0.3283976431416444,Debit Card,In-Store,True,Manufacturer Rebate,Cloudy,False,309,False,352,433,81.0,False,2.0
20233814,2024-11-30,Saturday,20940,140,1036,1.0,1022.39,0.29,1022.39,296.4931,725.8969,738.32,-12.4231,-0.01711413838521709,Cash,Curbside Pickup,True,Manufacturer Rebate,Stormy,False,331,False,45,47,2.0,False,1.0
20233815,2024-10-03,Thursday,20725,140,1049,2.0,159.9,0.28,319.8,89.544,230.256,117.26,-4.264,-0.018518518518518563,Credit Card,Online,True,Percentage Discount,Windy,False,489,False,267,209,-58.0,False,4.0
20233816,2024-08-29,Thursday,20534,107,1012,4.0,233.79,0.0,935.16,0.0,935.16,173.37,241.68,0.25843705889901186,Digital Wallet,Online,False,None,Cloudy,False,198,False,353,419,66.0,False,2.0
20233817,2023-12-21,Thursday,20838,143,1020,3.0,352.3,0.0,1056.9,0.0,1056.9,190.07,486.69,0.46048822026681807,EBT,Mobile App,False,None,Snowy,False,381,False,147,181,34.0,False,1.0
20233818,2023-08-16,Wednesday,20786,141,1046,3.0,574.71,0.23,1724.13,396.5499,1327.5801,345.33,291.5901,0.21964030644930585,Credit Card,Mobile App,True,Percentage Discount,Sunny,False,235,False,210,154,-56.0,False,3.0
20233819,2024-11-27,Wednesday,20302,145,1015,3.0,240.69,0.33,722.07,238.2831,483.7869,149.38,35.6469,0.07368306169513884,EBT,Online,True,Loyalty Reward,Sunny,False,341,False,451,431,-20.0,False,4.0
20233820,2023-08-03,Thursday,21155,131,1048,5.0,270.08,0.3,1350.4,405.12,945.28,184.37,23.43,0.024786306702775845,Cash,Online,True,Loyalty Reward,Sunny,False,45,False,405,245,-160.0,False,5.0
20233821,2024-11-19,Tuesday,21027,102,1018,3.0,365.58,0.0,1096.74,0.0,1096.74,198.14,502.32,0.4580119262541715,Gift Card,Curbside Pickup,False,None,Windy,False,387,False,21,27,6.0,False,5.0
20233822,2024-03-29,Friday,20997,147,1001,1.0,654.26,0.0,654.26,0.0,654.26,419.73,234.53,0.3584660532510011,Credit Card,In-Store,False,None,Windy,False,461,False,21,23,2.0,False,3.0
20233823,2024-03-17,Sunday,21098,136,1024,3.0,474.09,0.0,1422.27,0.0,1422.27,283.62,571.41,0.4017591596532304,Digital Wallet,Mobile App,False,None,Cloudy,False,348,False,184,235,51.0,False,3.0
20233824,2024-08-19,Monday,20181,103,1014,6.0,231.75,0.18,1390.5,250.29,1140.21,172.18,107.13,0.09395637645696854,Credit Card,Curbside Pickup,True,Percentage Discount,Windy,False,90,False,32,22,-10.0,False,5.0
20233825,2024-03-19,Tuesday,20877,128,1047,2.0,376.56,0.31,753.12,233.4672,519.6528,273.17,-26.6872,-0.0513558283530849,Cash,In-Store,True,Loyalty Reward,Stormy,False,477,False,361,329,-32.0,False,1.0
20233826,2024-03-22,Friday,20099,132,1048,2.0,273.34,0.11,546.68,60.1348,486.5452,184.37,117.8052,0.24212591142611203,Debit Card,Mobile App,True,Clearance,Snowy,False,51,False,477,368,-109.0,False,3.0
20233827,2023-02-08,Wednesday,20721,145,1045,2.0,227.45,0.0,454.9,0.0,454.9,159.92,135.06,0.29690041767421416,Digital Wallet,Curbside Pickup,False,None,Stormy,False,70,False,245,183,-62.0,False,2.0
20233828,2023-10-15,Sunday,20308,104,1016,4.0,385.38,0.0,1541.52,0.0,1541.52,263.25,488.52,0.31690798692199906,Cash,Curbside Pickup,False,None,Cloudy,False,346,False,125,84,-41.0,True,5.0
20233829,2023-12-20,Wednesday,21109,117,1036,1.0,1117.13,0.11,1117.13,122.8843,994.2457,738.32,255.9257,0.25740689650455617,Gift Card,Mobile App,True,Manufacturer Rebate,Windy,False,216,False,450,615,165.0,False,5.0
20233830,2023-10-25,Wednesday,20485,145,1028,3.0,800.29,0.0,2400.87,0.0,2400.87,494.36,917.79,0.382273925701933,Cash,In-Store,False,None,Stormy,False,180,False,342,349,7.0,False,5.0
20233831,2023-10-16,Monday,20596,134,1023,2.0,129.53,0.16,259.06,41.4496,217.6104,70.74,76.1304,0.34984724994761285,Credit Card,Mobile App,True,BOGO,Cloudy,False,482,False,31,39,8.0,False,5.0
20233832,2024-12-02,Monday,21136,127,1048,6.0,270.44,0.0,1622.64,0.0,1622.64,184.37,516.42,0.31825913326430993,Gift Card,Online,False,None,Sunny,False,157,False,315,429,114.0,False,3.0
20233833,2024-01-27,Saturday,20076,123,1014,4.0,240.8,0.26,963.2,250.432,712.768,172.18,24.048,0.03373888839005118,Gift Card,Online,True,BOGO,Snowy,False,460,False,43,28,-15.0,False,4.0
20233834,2023-12-25,Monday,20699,110,1006,5.0,271.18,0.26,1355.9,352.534,1003.366,163.55,185.616,0.18499331251009102,Gift Card,In-Store,True,Manufacturer Rebate,Cloudy,True,217,False,258,162,-96.0,False,3.0
20233835,2023-12-16,Saturday,20586,143,1049,7.0,161.96,0.2,1133.72,226.744,906.976,117.26,86.156,0.09499259076315134,Digital Wallet,In-Store,True,Bundle Deal,Cloudy,False,473,False,374,463,89.0,False,5.0
20233836,2024-07-30,Tuesday,20454,125,1022,4.0,338.27,0.0,1353.08,0.0,1353.08,187.99,601.12,0.4442605019658852,Debit Card,Mobile App,False,None,Snowy,False,413,False,130,170,40.0,False,2.0
20233837,2023-11-17,Friday,20235,129,1001,2.0,680.35,0.15,1360.7,204.105,1156.595,419.73,317.135,0.27419710443154255,Credit Card,In-Store,True,Manufacturer Rebate,Stormy,False,393,False,280,256,-24.0,False,1.0
20233838,2024-12-02,Monday,20890,113,1018,3.0,353.51,0.0,1060.53,0.0,1060.53,198.14,466.11,0.43950666176345793,Cash,Curbside Pickup,False,None,Cloudy,False,473,False,220,249,29.0,False,3.0
20233839,2023-11-17,Friday,20386,112,1008,4.0,611.47,0.32,2445.88,782.6816,1663.1984,397.4,73.5984,0.04425112482070708,Digital Wallet,Curbside Pickup,True,Loyalty Reward,Snowy,False,360,False,375,443,68.0,False,5.0
20233840,2023-08-14,Monday,20156,132,1020,4.0,365.14,0.0,1460.56,0.0,1460.56,190.07,700.28,0.4794599331763159,Digital Wallet,Curbside Pickup,False,None,Sunny,False,8,True,207,263,56.0,False,2.0
20233841,2023-02-08,Wednesday,21079,117,1028,4.0,776.45,0.09,3105.8,279.522,2826.278,494.36,848.838,0.30033775870597307,Digital Wallet,In-Store,True,Loyalty Reward,Sunny,False,109,False,111,85,-26.0,False,5.0
20233842,2024-06-27,Thursday,20028,147,1043,5.0,111.89,0.14,559.45,78.323,481.127,75.88,101.727,0.21143481866534217,EBT,In-Store,True,BOGO,Sunny,False,423,False,375,374,-1.0,False,1.0
20233843,2023-02-24,Friday,20936,150,1047,4.0,380.86,0.0,1523.44,0.0,1523.44,273.17,430.76,0.2827548180433755,Debit Card,In-Store,False,None,Snowy,False,51,False,36,50,14.0,False,3.0
20233844,2024-02-25,Sunday,20888,120,1041,1.0,651.49,0.19,651.49,123.7831,527.7069,486.05,41.6569,0.07893946431248106,Debit Card,In-Store,True,Manufacturer Rebate,Windy,False,342,False,182,188,6.0,False,4.0
20233845,2023-11-26,Sunday,20597,129,1027,5.0,56.93,0.0,284.65,0.0,284.65,37.44,97.45,0.34235025469875285,EBT,Mobile App,False,None,Stormy,False,226,False,259,204,-55.0,False,5.0
20233846,2024-02-02,Friday,20835,120,1006,1.0,271.57,0.0,271.57,0.0,271.57,163.55,108.02,0.3977611665500607,Digital Wallet,In-Store,False,None,Cloudy,False,445,False,422,322,-100.0,False,4.0
20233847,2024-10-02,Wednesday,21051,150,1047,4.0,375.58,0.0,1502.32,0.0,1502.32,273.17,409.64,0.27267160125672285,Digital Wallet,Mobile App,False,None,Windy,False,59,False,309,304,-5.0,False,2.0
20233848,2024-03-30,Saturday,20918,138,1034,2.0,1579.8,0.16,3159.6,505.536,2654.064,1145.68,362.704,0.1366598544722357,Credit Card,Curbside Pickup,True,Manufacturer Rebate,Snowy,False,147,False,319,253,-66.0,False,1.0
20233849,2023-11-05,Sunday,20031,135,1024,3.0,510.91,0.0,1532.73,0.0,1532.73,283.62,681.87,0.44487287389168345,Debit Card,Mobile App,False,None,Stormy,False,17,True,154,132,-22.0,False,3.0
20233850,2024-11-07,Thursday,20491,149,1029,1.0,2145.43,0.0,2145.43,0.0,2145.43,1429.66,715.77,0.33362542707056386,Debit Card,In-Store,False,None,Cloudy,False,106,False,117,151,34.0,False,3.0
20233851,2023-02-18,Saturday,20122,135,1050,1.0,1234.93,0.0,1234.93,0.0,1234.93,742.28,492.65,0.3989294939794159,Credit Card,Curbside Pickup,False,None,Snowy,False,404,False,420,395,-25.0,False,2.0
20233852,2023-08-01,Tuesday,20827,135,1048,6.0,269.71,0.0,1618.26,0.0,1618.26,184.37,512.04,0.31641392606874036,Debit Card,In-Store,False,None,Sunny,False,389,False,405,436,31.0,False,1.0
20233853,2023-06-07,Wednesday,20229,135,1042,2.0,420.99,0.0,841.98,0.0,841.98,233.03,375.92,0.44647141262262763,Credit Card,Mobile App,False,None,Rainy,False,53,False,100,106,6.0,True,1.0
20233854,2024-01-31,Wednesday,20209,103,1023,6.0,131.75,0.15,790.5,118.575,671.925,70.74,247.485,0.36832235740596053,Gift Card,Mobile App,True,Clearance,Snowy,False,183,False,109,137,28.0,False,2.0
20233855,2024-05-09,Thursday,21169,137,1033,1.0,885.13,0.0,885.13,0.0,885.13,465.85,419.28,0.47369312982273787,Credit Card,In-Store,False,None,Sunny,False,453,False,147,166,19.0,False,2.0
20233856,2024-11-01,Friday,21095,109,1008,3.0,665.92,0.0,1997.76,0.0,1997.76,397.4,805.56,0.4032316194137434,Gift Card,Online,False,None,Cloudy,False,158,False,83,54,-29.0,False,1.0
20233857,2023-02-27,Monday,21092,101,1044,6.0,68.3,0.0,409.8,0.0,409.8,46.06,133.44,0.3256222547584186,Debit Card,Online,False,None,Cloudy,False,279,False,401,359,-42.0,False,2.0
20233858,2023-02-13,Monday,20679,141,1026,2.0,233.16,0.0,466.32,0.0,466.32,130.01,206.3,0.4424000686224053,Debit Card,In-Store,False,None,Cloudy,False,18,True,182,258,76.0,False,1.0
20233859,2023-11-27,Monday,20306,104,1024,3.0,477.0,0.0,1431.0,0.0,1431.0,283.62,580.14,0.40540880503144655,Credit Card,Curbside Pickup,False,None,Rainy,False,503,False,70,73,3.0,False,5.0
20233860,2023-11-21,Tuesday,20145,131,1037,1.0,404.38,0.0,404.38,0.0,404.38,270.26,134.12,0.33166823285028935,Gift Card,Online,False,None,Rainy,False,122,False,322,301,-21.0,False,2.0
20233861,2024-02-21,Wednesday,20105,129,1002,2.0,1355.51,0.14,2711.02,379.5428,2331.4772,759.3,812.8772,0.34865329156982533,Debit Card,Curbside Pickup,True,Loyalty Reward,Sunny,False,271,False,297,311,14.0,False,5.0
20233862,2024-12-20,Friday,20359,131,1016,1.0,357.93,0.0,357.93,0.0,357.93,263.25,94.68,0.2645209957254212,Credit Card,Online,False,None,Cloudy,False,373,False,66,88,22.0,False,4.0
20233863,2023-04-05,Wednesday,20687,128,1022,4.0,341.5,0.0,1366.0,0.0,1366.0,187.99,614.04,0.44951683748169835,Credit Card,Curbside Pickup,False,None,Sunny,False,321,False,58,76,18.0,False,4.0
20233864,2023-05-28,Sunday,20437,109,1019,1.0,1317.75,0.29,1317.75,382.1475,935.6025,867.36,68.2425,0.07293962981073689,Credit Card,Mobile App,True,Manufacturer Rebate,Snowy,False,40,False,181,241,60.0,False,3.0
20233865,2024-11-14,Thursday,20787,115,1038,5.0,150.94,0.0,754.7,0.0,754.7,88.81,310.65,0.4116205114615079,Digital Wallet,Curbside Pickup,False,None,Stormy,False,406,False,35,46,11.0,False,3.0
20233866,2023-01-03,Tuesday,20950,148,1012,3.0,237.12,0.0,711.36,0.0,711.36,173.37,191.25,0.2688512145748988,Gift Card,Mobile App,False,None,Rainy,False,245,False,404,252,-152.0,False,4.0
20233867,2023-02-23,Thursday,20317,136,1005,1.0,1132.6,0.1,1132.6,113.26,1019.34,774.22,245.12,0.2404693232876174,Debit Card,Mobile App,True,Loyalty Reward,Windy,False,112,False,61,46,-15.0,False,3.0
20233868,2023-01-03,Tuesday,20008,137,1013,5.0,180.04,0.0,900.2,0.0,900.2,118.75,306.45,0.3404243501444123,Credit Card,Curbside Pickup,False,None,Stormy,False,408,False,98,72,-26.0,False,1.0
20233869,2024-08-04,Sunday,20106,111,1006,7.0,271.06,0.21,1897.42,398.4582,1498.9618,163.55,354.1118,0.2362380415564959,EBT,Curbside Pickup,True,BOGO,Windy,False,390,False,22,29,7.0,False,4.0
20233870,2024-08-21,Wednesday,21194,114,1001,1.0,680.74,0.0,680.74,0.0,680.74,419.73,261.01,0.38342098304785965,Cash,Online,False,None,Snowy,False,378,False,198,269,71.0,False,3.0
20233871,2024-02-03,Saturday,21120,147,1035,4.0,727.95,0.0,2911.8,0.0,2911.8,403.28,1298.68,0.44600590699910714,Credit Card,In-Store,False,None,Stormy,False,166,False,182,209,27.0,False,3.0
20233872,2023-05-03,Wednesday,20052,132,1038,5.0,140.89,0.0,704.45,0.0,704.45,88.81,260.4,0.3696500816239619,Digital Wallet,In-Store,False,None,Snowy,False,505,False,84,110,26.0,False,4.0
20233873,2024-06-14,Friday,20509,145,1049,2.0,166.89,0.35,333.78,116.823,216.957,117.26,-17.563,-0.08095152495655829,Debit Card,In-Store,True,Clearance,Windy,False,296,False,191,233,42.0,False,3.0
20233874,2024-09-22,Sunday,20181,103,1038,5.0,153.83,0.0,769.15,0.0,769.15,88.81,325.1,0.4226743808099851,EBT,In-Store,False,None,Windy,False,505,False,380,300,-80.0,True,5.0
20233875,2024-12-30,Monday,20791,119,1033,1.0,849.72,0.23,849.72,195.4356,654.2844,465.85,188.4344,0.28800075318928586,Gift Card,Curbside Pickup,True,Bundle Deal,Sunny,False,239,False,274,314,40.0,False,1.0
20233876,2023-01-21,Saturday,20188,139,1049,7.0,153.75,0.0,1076.25,0.0,1076.25,117.26,255.43,0.23733333333333329,Credit Card,In-Store,False,None,Windy,False,365,False,187,175,-12.0,False,2.0
20233877,2023-03-12,Sunday,20996,114,1036,1.0,1035.79,0.0,1035.79,0.0,1035.79,738.32,297.47,0.2871914191100512,Credit Card,Online,False,None,Snowy,False,271,False,44,57,13.0,True,1.0
20233878,2024-07-22,Monday,20301,144,1050,2.0,1274.97,0.19,2549.94,484.4886,2065.4514,742.28,580.8914,0.28124186315882327,Debit Card,Curbside Pickup,True,Loyalty Reward,Sunny,False,393,False,428,619,191.0,False,5.0
20233879,2024-02-01,Thursday,20220,115,1048,7.0,292.76,0.0,2049.32,0.0,2049.32,184.37,758.73,0.3702350047820739,Gift Card,Mobile App,False,None,Stormy,False,164,False,368,526,158.0,False,3.0
20233880,2024-10-31,Thursday,21113,104,1006,3.0,273.22,0.25,819.66,204.915,614.745,163.55,124.095,0.20186418758997643,EBT,Curbside Pickup,True,BOGO,Snowy,False,508,False,183,238,55.0,False,1.0
20233881,2024-11-06,Wednesday,20270,140,1020,3.0,346.43,0.09,1039.29,93.5361,945.7539,190.07,375.5439,0.3970841674562483,Debit Card,Online,True,Bundle Deal,Sunny,False,286,False,155,107,-48.0,False,4.0
20233882,2024-10-25,Friday,20491,149,1006,3.0,284.21,0.19,852.63,161.9997,690.6303,163.55,199.9803,0.2895620131349579,Debit Card,In-Store,True,Clearance,Sunny,False,492,False,369,522,153.0,False,2.0
20233883,2023-05-08,Monday,20454,125,1011,1.0,874.92,0.0,874.92,0.0,874.92,618.67,256.25,0.2928839208156174,Cash,Curbside Pickup,False,None,Cloudy,False,259,False,203,160,-43.0,False,5.0
20233884,2023-06-08,Thursday,20089,132,1026,5.0,227.94,0.0,1139.7,0.0,1139.7,130.01,489.65,0.4296306045450558,Debit Card,Curbside Pickup,False,None,Sunny,False,326,False,421,420,-1.0,False,5.0
20233885,2024-08-15,Thursday,21130,106,1018,1.0,359.91,0.0,359.91,0.0,359.91,198.14,161.77,0.44947347948098143,Gift Card,Mobile App,False,None,Stormy,False,70,False,71,96,25.0,False,2.0
20233886,2024-12-02,Monday,20305,115,1028,4.0,788.2,0.0,3152.8,0.0,3152.8,494.36,1175.36,0.3727987820350165,Credit Card,Curbside Pickup,False,None,Rainy,False,286,False,291,420,129.0,False,2.0
20233887,2023-02-12,Sunday,20433,119,1023,3.0,130.24,0.0,390.72,0.0,390.72,70.74,178.5,0.4568488943488945,Credit Card,Mobile App,False,None,Rainy,False,451,False,77,77,0.0,False,1.0
20233888,2023-08-23,Wednesday,20566,150,1041,3.0,660.14,0.15,1980.42,297.063,1683.357,486.05,225.207,0.13378445570369202,EBT,Online,True,Percentage Discount,Snowy,False,270,False,83,73,-10.0,False,2.0
20233889,2023-12-26,Tuesday,20906,139,1024,2.0,483.21,0.0,966.42,0.0,966.42,283.62,399.18,0.4130502266095486,Credit Card,Curbside Pickup,False,None,Sunny,False,261,False,325,353,28.0,False,4.0
20233890,2023-02-16,Thursday,20017,130,1023,3.0,128.36,0.0,385.08,0.0,385.08,70.74,172.86,0.44889373636646945,Debit Card,Curbside Pickup,False,None,Cloudy,False,122,False,228,137,-91.0,False,1.0
20233891,2024-11-24,Sunday,20911,129,1005,2.0,1079.91,0.16,2159.82,345.5712,1814.2488,774.22,265.8088,0.1465117683969255,Gift Card,Curbside Pickup,True,Percentage Discount,Stormy,False,32,False,273,248,-25.0,False,1.0
20233892,2024-11-02,Saturday,20613,116,1045,3.0,222.6,0.13,667.8,86.814,580.986,159.92,101.226,0.17423139283907013,EBT,In-Store,True,Percentage Discount,Cloudy,False,283,False,391,275,-116.0,False,5.0
20233893,2024-03-29,Friday,20286,107,1001,4.0,614.01,0.0,2456.04,0.0,2456.04,419.73,777.12,0.31641178482435134,Cash,In-Store,False,None,Snowy,False,358,False,127,84,-43.0,False,1.0
20233894,2023-08-11,Friday,20037,101,1024,2.0,484.33,0.0,968.66,0.0,968.66,283.62,401.42,0.41440753205459085,EBT,Curbside Pickup,False,None,Snowy,False,196,False,96,81,-15.0,True,2.0
20233895,2024-05-01,Wednesday,20185,119,1024,2.0,513.42,0.21,1026.84,215.6364,811.2036,283.62,243.9636,0.3007427481830701,EBT,Online,True,Loyalty Reward,Cloudy,False,187,False,470,500,30.0,False,4.0
20233896,2024-09-02,Monday,20039,139,1020,3.0,325.32,0.0,975.96,0.0,975.96,190.07,405.75,0.4157444977253166,Digital Wallet,In-Store,False,None,Windy,True,86,False,277,303,26.0,False,1.0
20233897,2024-05-17,Friday,21006,116,1011,2.0,914.17,0.15,1828.34,274.251,1554.089,618.67,316.749,0.2038165124391203,Cash,In-Store,True,Loyalty Reward,Rainy,False,122,False,402,418,16.0,False,2.0
20233898,2023-09-13,Wednesday,20631,139,1024,4.0,495.31,0.09,1981.24,178.3116,1802.9284,283.62,668.4484,0.37075704171058593,Cash,Curbside Pickup,True,Manufacturer Rebate,Rainy,False,105,False,218,266,48.0,False,5.0
20233899,2024-01-19,Friday,20411,134,1046,4.0,549.68,0.0,2198.72,0.0,2198.72,345.33,817.4,0.37176175229224273,Digital Wallet,Mobile App,False,None,Snowy,False,331,False,105,104,-1.0,False,3.0
20233900,2023-12-22,Friday,21054,133,1002,1.0,1279.41,0.0,1279.41,0.0,1279.41,759.3,520.11,0.4065233193425095,Debit Card,In-Store,False,None,Sunny,False,519,False,119,122,3.0,False,5.0
20233901,2024-11-07,Thursday,20485,145,1044,7.0,69.32,0.0,485.24,0.0,485.24,46.06,162.82,0.33554529717253306,EBT,Curbside Pickup,False,None,Sunny,False,50,False,140,156,16.0,True,1.0
20233902,2024-12-09,Monday,21069,144,1029,2.0,2188.13,0.0,4376.26,0.0,4376.26,1429.66,1516.94,0.3466293136148218,Debit Card,Curbside Pickup,False,None,Windy,False,288,False,44,53,9.0,False,5.0
20233903,2024-08-04,Sunday,20166,103,1050,2.0,1310.3,0.0,2620.6,0.0,2620.6,742.28,1136.04,0.4335037777608181,Credit Card,Online,False,None,Snowy,False,218,False,106,92,-14.0,False,5.0
20233904,2024-03-16,Saturday,20082,131,1010,2.0,409.62,0.0,819.24,0.0,819.24,261.42,296.4,0.36179874029588394,Debit Card,Mobile App,False,None,Rainy,False,182,False,419,258,-161.0,False,4.0
20233905,2024-05-29,Wednesday,21117,117,1006,1.0,279.26,0.0,279.26,0.0,279.26,163.55,115.71,0.41434505478765304,Debit Card,Curbside Pickup,False,None,Cloudy,False,423,False,344,383,39.0,False,1.0
20233906,2023-12-09,Saturday,21107,111,1013,1.0,188.24,0.17,188.24,32.0008,156.2392,118.75,37.4892,0.2399474651687925,Gift Card,Mobile App,True,Bundle Deal,Sunny,False,4,True,302,419,117.0,False,3.0
20233907,2023-06-07,Wednesday,20626,115,1011,2.0,909.36,0.0,1818.72,0.0,1818.72,618.67,581.38,0.31966437934371433,Debit Card,In-Store,False,None,Sunny,False,123,False,144,119,-25.0,False,2.0
20233908,2023-12-20,Wednesday,20556,129,1013,7.0,167.57,0.1,1172.99,117.299,1055.691,118.75,224.441,0.2126010357197324,EBT,Curbside Pickup,True,Loyalty Reward,Stormy,False,516,False,294,331,37.0,False,5.0
20233909,2023-08-28,Monday,20958,109,1042,3.0,442.97,0.0,1328.91,0.0,1328.91,233.03,629.82,0.4739372869494548,Credit Card,Online,False,None,Sunny,False,68,False,210,144,-66.0,False,5.0
20233910,2023-11-06,Monday,20860,138,1016,4.0,370.77,0.0,1483.08,0.0,1483.08,263.25,430.08,0.28999109960352776,Debit Card,In-Store,False,None,Sunny,False,387,False,242,155,-87.0,False,1.0
20233911,2024-10-17,Thursday,20185,119,1050,2.0,1322.93,0.0,2645.86,0.0,2645.86,742.28,1161.3,0.4389121117519446,Cash,Mobile App,False,None,Stormy,False,499,False,99,85,-14.0,False,3.0
20233912,2024-12-14,Saturday,21143,110,1019,2.0,1352.54,0.0,2705.08,0.0,2705.08,867.36,970.36,0.35871767193576526,Digital Wallet,Online,False,None,Stormy,False,234,False,416,571,155.0,False,2.0
20233913,2024-05-11,Saturday,21019,104,1025,4.0,532.41,0.0,2129.64,0.0,2129.64,301.28,924.52,0.43412032080539437,Credit Card,Curbside Pickup,False,None,Stormy,False,66,False,242,302,60.0,False,3.0
20233914,2023-02-16,Thursday,21059,116,1007,1.0,1142.02,0.13,1142.02,148.4626,993.5574,637.12,356.4374,0.35874867420845535,EBT,Curbside Pickup,True,Percentage Discount,Sunny,False,463,False,287,197,-90.0,False,4.0
20233915,2024-08-02,Friday,20536,104,1012,4.0,246.04,0.29,984.16,285.4064,698.7536,173.37,5.2736,0.007547152529876036,Gift Card,Curbside Pickup,True,BOGO,Stormy,False,25,False,142,125,-17.0,False,3.0
20233916,2023-02-04,Saturday,20588,114,1026,1.0,232.83,0.09,232.83,20.9547,211.8753,130.01,81.8653,0.38638434966227786,Debit Card,Curbside Pickup,True,Clearance,Cloudy,False,349,False,52,61,9.0,False,5.0
20233917,2023-06-06,Tuesday,20240,123,1018,2.0,347.9,0.28,695.8,194.824,500.976,198.14,104.696,0.20898406310881157,Digital Wallet,Mobile App,True,Percentage Discount,Windy,False,55,False,324,241,-83.0,False,5.0
20233918,2023-08-08,Tuesday,20658,124,1040,6.0,84.63,0.0,507.78,0.0,507.78,47.28,224.1,0.44133286068769934,EBT,Curbside Pickup,False,None,Snowy,False,130,False,433,479,46.0,False,3.0
20233919,2023-10-24,Tuesday,20830,134,1002,2.0,1225.43,0.0,2450.86,0.0,2450.86,759.3,932.26,0.38038076430314266,Cash,Mobile App,False,None,Sunny,False,266,False,405,340,-65.0,False,4.0
20233920,2024-08-30,Friday,20868,147,1032,2.0,979.84,0.0,1959.68,0.0,1959.68,572.31,815.06,0.4159148432397127,Digital Wallet,Mobile App,False,None,Cloudy,False,400,False,362,268,-94.0,False,2.0
20233921,2024-05-29,Wednesday,20742,106,1001,3.0,659.05,0.22,1977.15,434.973,1542.177,419.73,282.987,0.18349839220789824,Gift Card,Curbside Pickup,True,Percentage Discount,Sunny,False,171,False,44,57,13.0,False,3.0
20233922,2024-10-02,Wednesday,21008,132,1049,6.0,162.39,0.27,974.34,263.0718,711.2682,117.26,7.7082,0.010837262231040161,Digital Wallet,Online,True,Clearance,Cloudy,False,510,False,177,152,-25.0,False,1.0
20233923,2024-12-30,Monday,20813,128,1049,4.0,154.8,0.0,619.2,0.0,619.2,117.26,150.16,0.24250645994832043,Gift Card,Mobile App,False,None,Cloudy,False,29,False,274,228,-46.0,False,4.0
20233924,2024-05-09,Thursday,20955,116,1022,3.0,316.09,0.0,948.27,0.0,948.27,187.99,384.3,0.4052643234521813,Credit Card,Online,False,None,Stormy,False,106,False,382,506,124.0,False,1.0
20233925,2023-12-28,Thursday,20516,138,1046,1.0,569.96,0.26,569.96,148.1896,421.7704,345.33,76.4404,0.18123699529412213,EBT,Curbside Pickup,True,Percentage Discount,Stormy,False,222,False,322,401,79.0,False,1.0
20233926,2023-08-19,Saturday,20179,109,1041,4.0,650.64,0.0,2602.56,0.0,2602.56,486.05,658.36,0.25296631009467596,Cash,Curbside Pickup,False,None,Snowy,False,209,False,373,383,10.0,False,4.0
20233927,2024-02-04,Sunday,20150,126,1048,7.0,286.31,0.0,2004.17,0.0,2004.17,184.37,713.58,0.35604764066920463,Gift Card,Mobile App,False,None,Stormy,False,76,False,124,118,-6.0,False,1.0
20233928,2024-12-13,Friday,20066,123,1042,1.0,422.91,0.0,422.91,0.0,422.91,233.03,189.88,0.44898441748835455,EBT,Online,False,None,Rainy,False,32,False,404,537,133.0,False,1.0
20233929,2024-07-08,Monday,20676,125,1028,2.0,761.49,0.0,1522.98,0.0,1522.98,494.36,534.26,0.3507990912553021,Digital Wallet,Curbside Pickup,False,None,Stormy,False,86,False,408,591,183.0,False,4.0
20233930,2023-12-06,Wednesday,21134,113,1028,4.0,798.46,0.0,3193.84,0.0,3193.84,494.36,1216.4,0.3808581519424893,Credit Card,Curbside Pickup,False,None,Sunny,False,466,False,115,109,-6.0,False,3.0
20233931,2024-09-30,Monday,20869,110,1004,2.0,708.14,0.18,1416.28,254.9304,1161.3496,445.03,271.2896,0.23359856497991652,Digital Wallet,In-Store,True,BOGO,Cloudy,False,304,False,444,634,190.0,False,3.0
20233932,2024-11-14,Thursday,20154,124,1009,1.0,1726.02,0.0,1726.02,0.0,1726.02,1077.88,648.14,0.3755112918737905,Gift Card,Mobile App,False,None,Windy,False,176,False,200,193,-7.0,False,2.0
20233933,2024-05-04,Saturday,20444,137,1047,3.0,411.68,0.0,1235.04,0.0,1235.04,273.17,415.53,0.33645064127477653,Cash,Online,False,None,Cloudy,False,306,False,471,641,170.0,False,4.0
20233934,2024-03-18,Monday,21164,137,1016,1.0,357.36,0.22,357.36,78.6192,278.7408,263.25,15.4908,0.05557421087978521,Credit Card,Mobile App,True,Manufacturer Rebate,Cloudy,False,160,False,330,376,46.0,False,2.0
20233935,2024-12-13,Friday,20779,105,1004,1.0,684.55,0.0,684.55,0.0,684.55,445.03,239.52,0.34989409100869184,Cash,Online,False,None,Stormy,False,301,False,379,360,-19.0,False,3.0
20233936,2024-10-24,Thursday,21135,144,1021,4.0,76.19,0.0,304.76,0.0,304.76,45.04,124.6,0.4088463052894081,Digital Wallet,Online,False,None,Snowy,False,313,False,308,327,19.0,False,1.0
20233937,2023-10-10,Tuesday,20274,108,1011,1.0,886.35,0.0,886.35,0.0,886.35,618.67,267.68,0.30200259491171666,Credit Card,In-Store,False,None,Cloudy,False,121,False,40,55,15.0,False,2.0
20233938,2024-12-27,Friday,20825,102,1043,5.0,116.51,0.0,582.55,0.0,582.55,75.88,203.15,0.34872543129345135,Digital Wallet,Curbside Pickup,False,None,Snowy,False,387,False,249,222,-27.0,False,4.0
20233939,2024-12-10,Tuesday,20776,107,1018,2.0,349.1,0.35,698.2,244.37,453.83,198.14,57.55,0.12680959830773653,Cash,In-Store,True,Bundle Deal,Rainy,False,203,False,393,319,-74.0,False,5.0
20233940,2023-02-13,Monday,20089,132,1019,1.0,1349.01,0.27,1349.01,364.2327,984.7773,867.36,117.4173,0.1192323381133988,Credit Card,In-Store,True,Manufacturer Rebate,Stormy,False,257,False,169,197,28.0,False,4.0
20233941,2023-09-26,Tuesday,20454,125,1013,4.0,173.5,0.27,694.0,187.38,506.62,118.75,31.62,0.0624136433618886,Debit Card,In-Store,True,Clearance,Sunny,False,134,False,87,97,10.0,False,4.0
20233942,2024-07-24,Wednesday,20027,147,1006,2.0,288.29,0.0,576.58,0.0,576.58,163.55,249.48,0.4326893059072462,Gift Card,In-Store,False,None,Sunny,False,344,False,215,294,79.0,False,3.0
20233943,2024-12-01,Sunday,20009,136,1041,3.0,641.83,0.0,1925.49,0.0,1925.49,486.05,467.34,0.24271224467538138,Digital Wallet,Mobile App,False,None,Rainy,False,355,False,60,86,26.0,False,3.0
20233944,2023-01-02,Monday,20032,101,1029,2.0,2099.98,0.0,4199.96,0.0,4199.96,1429.66,1340.64,0.3192030400289526,Digital Wallet,Online,False,None,Stormy,False,283,False,475,656,181.0,False,4.0
20233945,2023-05-19,Friday,20598,102,1040,3.0,92.87,0.07,278.61,19.5027,259.1073,47.28,117.2673,0.4525819998124329,EBT,In-Store,True,Clearance,Stormy,False,0,True,237,236,-1.0,True,5.0
20233946,2024-11-21,Thursday,20198,112,1044,1.0,72.82,0.0,72.82,0.0,72.82,46.06,26.76,0.36748146113705016,Digital Wallet,In-Store,False,None,Sunny,False,499,False,259,217,-42.0,False,5.0
20233947,2024-08-31,Saturday,20761,108,1036,1.0,1075.03,0.2,1075.03,215.006,860.024,738.32,121.704,0.14151232988846818,Digital Wallet,Mobile App,True,Bundle Deal,Windy,False,114,False,122,142,20.0,False,4.0
20233948,2023-03-20,Monday,20362,106,1013,1.0,173.64,0.0,173.64,0.0,173.64,118.75,54.89,0.31611379866390227,EBT,Mobile App,False,None,Sunny,False,234,False,263,295,32.0,False,1.0
20233949,2024-11-14,Thursday,20598,102,1045,7.0,234.34,0.22,1640.38,360.8836,1279.4964,159.92,160.0564,0.1250932788869122,Debit Card,Curbside Pickup,True,Loyalty Reward,Cloudy,False,316,False,404,560,156.0,False,1.0
20233950,2023-12-23,Saturday,20609,103,1033,1.0,819.62,0.34,819.62,278.6708,540.9492,465.85,75.0992,0.1388285628299293,Credit Card,In-Store,True,BOGO,Sunny,False,26,False,194,126,-68.0,False,2.0
20233951,2024-08-02,Friday,20122,135,1034,1.0,1638.36,0.0,1638.36,0.0,1638.36,1145.68,492.68,0.3007153494958372,Debit Card,Online,False,None,Cloudy,False,225,False,140,141,1.0,False,5.0
20233952,2023-11-28,Tuesday,20534,107,1014,2.0,230.94,0.28,461.88,129.3264,332.5536,172.18,-11.8064,-0.035502246855845354,Gift Card,In-Store,True,BOGO,Snowy,True,506,False,315,294,-21.0,False,1.0
20233953,2023-12-05,Tuesday,20855,122,1043,1.0,113.49,0.0,113.49,0.0,113.49,75.88,37.61,0.3313948365494757,Credit Card,In-Store,False,None,Sunny,False,461,False,160,228,68.0,False,4.0
20233954,2023-09-26,Tuesday,20235,129,1017,2.0,130.78,0.0,261.56,0.0,261.56,93.3,74.96,0.28658816332772596,Debit Card,Curbside Pickup,False,None,Cloudy,False,247,False,442,319,-123.0,False,5.0
20233955,2024-02-19,Monday,20165,149,1014,6.0,221.14,0.0,1326.84,0.0,1326.84,172.18,293.76,0.22139820927918966,Digital Wallet,Online,False,None,Rainy,False,91,False,468,490,22.0,False,5.0
20233956,2024-07-01,Monday,20864,105,1029,2.0,2126.25,0.0,4252.5,0.0,4252.5,1429.66,1393.18,0.32761434450323335,EBT,In-Store,False,None,Windy,False,519,False,145,195,50.0,False,2.0
20233957,2024-06-17,Monday,20049,123,1005,1.0,1134.51,0.0,1134.51,0.0,1134.51,774.22,360.29,0.31757322544534644,EBT,Curbside Pickup,False,None,Cloudy,False,393,False,163,132,-31.0,False,4.0
20233958,2024-11-07,Thursday,20788,134,1041,3.0,616.55,0.0,1849.65,0.0,1849.65,486.05,391.5,0.21166166572054163,Credit Card,Mobile App,False,None,Sunny,False,483,False,283,203,-80.0,False,3.0
20233959,2024-11-06,Wednesday,20735,124,1030,2.0,902.65,0.0,1805.3,0.0,1805.3,569.19,666.92,0.3694233645377499,Cash,In-Store,False,None,Sunny,False,220,False,296,302,6.0,False,3.0
20233960,2023-12-25,Monday,21023,113,1039,7.0,98.79,0.34,691.53,235.1202,456.4098,71.53,-44.3002,-0.09706233301738923,Gift Card,Online,True,BOGO,Snowy,True,131,False,282,320,38.0,False,4.0
20233961,2023-11-29,Wednesday,21129,123,1031,4.0,530.0,0.0,2120.0,0.0,2120.0,402.09,511.64,0.2413396226415095,Gift Card,Curbside Pickup,False,None,Cloudy,True,313,False,174,129,-45.0,False,5.0
20233962,2024-08-05,Monday,20601,124,1029,2.0,2303.13,0.0,4606.26,0.0,4606.26,1429.66,1746.94,0.3792534507387772,Credit Card,Curbside Pickup,False,None,Windy,False,323,False,387,267,-120.0,False,4.0
20233963,2024-11-10,Sunday,21106,103,1019,1.0,1235.12,0.25,1235.12,308.78,926.34,867.36,58.98,0.06366992680873104,EBT,Mobile App,True,BOGO,Windy,False,329,False,364,523,159.0,False,2.0
20233964,2023-08-22,Tuesday,20035,140,1021,3.0,81.38,0.0,244.14,0.0,244.14,45.04,109.02,0.44654706316048165,Cash,In-Store,False,None,Sunny,False,152,False,42,60,18.0,False,5.0
20233965,2024-08-17,Saturday,20030,144,1013,1.0,184.29,0.0,184.29,0.0,184.29,118.75,65.54,0.35563514026805576,Cash,Mobile App,False,None,Cloudy,False,255,False,240,187,-53.0,False,5.0
20233966,2024-10-28,Monday,20352,138,1039,6.0,103.76,0.0,622.56,0.0,622.56,71.53,193.38,0.31062066306861996,Credit Card,In-Store,False,None,Sunny,False,207,False,458,621,163.0,False,5.0
20233967,2023-12-11,Monday,20899,124,1048,3.0,265.64,0.0,796.92,0.0,796.92,184.37,243.81,0.3059403704261406,EBT,Curbside Pickup,False,None,Sunny,False,65,False,350,258,-92.0,False,1.0
20233968,2024-04-20,Saturday,20670,137,1048,5.0,263.36,0.08,1316.8,105.344,1211.456,184.37,289.606,0.23905614401183375,Gift Card,Online,True,Loyalty Reward,Sunny,False,194,False,234,258,24.0,False,1.0
20233969,2024-12-09,Monday,20163,147,1033,1.0,847.62,0.0,847.62,0.0,847.62,465.85,381.77,0.45040230291876077,Cash,In-Store,False,None,Cloudy,False,12,True,209,256,47.0,False,3.0
20233970,2023-11-24,Friday,20149,144,1037,2.0,377.85,0.0,755.7,0.0,755.7,270.26,215.18,0.2847426227338892,Digital Wallet,Mobile App,False,None,Windy,False,122,False,304,293,-11.0,False,3.0
20233971,2023-12-24,Sunday,20605,133,1043,2.0,117.29,0.0,234.58,0.0,234.58,75.88,82.82,0.35305652655810393,Gift Card,Mobile App,False,None,Cloudy,True,391,False,333,434,101.0,False,1.0
20233972,2023-06-16,Friday,20374,115,1016,2.0,385.63,0.0,771.26,0.0,771.26,263.25,244.76,0.31735082851437907,Credit Card,Curbside Pickup,False,None,Sunny,False,28,False,404,554,150.0,False,3.0
20233973,2023-08-22,Tuesday,20718,136,1036,1.0,1077.82,0.0,1077.82,0.0,1077.82,738.32,339.5,0.3149876602772262,Gift Card,Mobile App,False,None,Rainy,False,442,False,202,281,79.0,False,2.0
20233974,2023-11-22,Wednesday,20868,147,1025,1.0,524.23,0.0,524.23,0.0,524.23,301.28,222.95,0.4252904259580719,Gift Card,Online,False,None,Cloudy,False,347,False,333,207,-126.0,False,5.0
20233975,2023-05-27,Saturday,20529,126,1009,1.0,1778.77,0.0,1778.77,0.0,1778.77,1077.88,700.89,0.3940307066118722,Debit Card,Curbside Pickup,False,None,Rainy,True,276,False,240,147,-93.0,False,2.0
20233976,2023-07-16,Sunday,20883,108,1038,5.0,140.29,0.0,701.45,0.0,701.45,88.81,257.4,0.36695416636966277,Digital Wallet,Online,False,None,Windy,False,82,False,248,309,61.0,False,4.0
20233977,2024-07-26,Friday,20582,102,1050,2.0,1277.05,0.0,2554.1,0.0,2554.1,742.28,1069.54,0.41875415997807447,Credit Card,In-Store,False,None,Snowy,False,144,False,318,331,13.0,False,5.0
20233978,2024-11-24,Sunday,21098,136,1021,6.0,78.32,0.0,469.92,0.0,469.92,45.04,199.68,0.42492339121552597,EBT,In-Store,False,None,Sunny,False,372,False,195,181,-14.0,False,1.0
20233979,2023-11-19,Sunday,20544,102,1034,1.0,1631.3,0.0,1631.3,0.0,1631.3,1145.68,485.62,0.29768895972537235,Digital Wallet,Mobile App,False,None,Stormy,False,212,False,120,75,-45.0,False,2.0
20233980,2024-12-21,Saturday,20476,136,1010,3.0,405.54,0.22,1216.62,267.6564,948.9636,261.42,164.7036,0.17356155705023885,EBT,Mobile App,True,Bundle Deal,Windy,False,155,False,267,238,-29.0,False,2.0
20233981,2024-08-28,Wednesday,20254,130,1043,2.0,113.26,0.0,226.52,0.0,226.52,75.88,74.76,0.33003708281829425,Gift Card,In-Store,False,None,Cloudy,False,198,False,206,136,-70.0,False,3.0
20233982,2024-11-02,Saturday,21082,105,1040,4.0,86.12,0.0,344.48,0.0,344.48,47.28,155.36,0.4509986065954482,Credit Card,In-Store,False,None,Stormy,False,148,False,435,473,38.0,False,1.0
20233983,2023-07-17,Monday,20715,119,1019,2.0,1359.78,0.32,2719.56,870.2592,1849.3008,867.36,114.5808,0.06195898471465537,Digital Wallet,Mobile App,True,Loyalty Reward,Snowy,False,4,True,160,176,16.0,False,3.0
20233984,2023-11-01,Wednesday,20904,104,1029,1.0,2305.89,0.32,2305.89,737.8848,1568.0052,1429.66,138.3452,0.08823006454315328,Digital Wallet,Curbside Pickup,True,Manufacturer Rebate,Sunny,False,189,False,267,270,3.0,False,5.0
20233985,2024-08-07,Wednesday,20752,108,1016,3.0,375.02,0.0,1125.06,0.0,1125.06,263.25,335.31,0.29803743800330645,Debit Card,Curbside Pickup,False,None,Rainy,False,15,True,281,217,-64.0,False,1.0
20233986,2023-09-19,Tuesday,20229,135,1048,7.0,273.68,0.0,1915.76,0.0,1915.76,184.37,625.17,0.32633002046185317,EBT,In-Store,False,None,Cloudy,False,423,False,445,315,-130.0,False,2.0
20233987,2024-11-18,Monday,20147,103,1014,6.0,233.87,0.0,1403.22,0.0,1403.22,172.18,370.14,0.2637790225338864,Digital Wallet,Online,False,None,Cloudy,False,353,False,190,225,35.0,False,2.0
20233988,2024-07-30,Tuesday,20944,121,1034,1.0,1496.67,0.27,1496.67,404.1009,1092.5691,1145.68,-53.1109,-0.04861102149053995,Digital Wallet,Mobile App,True,BOGO,Sunny,False,217,False,215,267,52.0,False,2.0
20233989,2023-02-27,Monday,20931,102,1034,1.0,1626.07,0.0,1626.07,0.0,1626.07,1145.68,480.39,0.29543008603565646,Credit Card,Curbside Pickup,False,None,Cloudy,False,303,False,146,177,31.0,False,1.0
20233990,2023-07-18,Tuesday,20517,139,1001,2.0,628.86,0.11,1257.72,138.3492,1119.3708,419.73,279.9108,0.250060837749207,Digital Wallet,Curbside Pickup,True,Bundle Deal,Sunny,False,103,False,161,127,-34.0,False,2.0
20233991,2023-10-07,Saturday,20540,149,1044,5.0,71.85,0.0,359.25,0.0,359.25,46.06,128.95,0.3589422407794015,Debit Card,In-Store,False,None,Cloudy,False,50,False,302,390,88.0,False,1.0
20233992,2023-11-17,Friday,21089,125,1014,7.0,231.86,0.17,1623.02,275.9134,1347.1066,172.18,141.8466,0.10529723482907742,Digital Wallet,Mobile App,True,Bundle Deal,Rainy,False,189,False,443,506,63.0,False,5.0
20233993,2024-07-25,Thursday,20396,148,1034,2.0,1673.77,0.0,3347.54,0.0,3347.54,1145.68,1056.18,0.3155092993661016,Gift Card,Curbside Pickup,False,None,Stormy,False,410,False,358,288,-70.0,True,3.0
20233994,2023-08-08,Tuesday,20825,102,1033,1.0,811.96,0.0,811.96,0.0,811.96,465.85,346.11,0.4262648406325435,Cash,Mobile App,False,None,Rainy,False,99,False,203,182,-21.0,False,3.0
20233995,2023-03-22,Wednesday,20815,117,1001,1.0,646.04,0.28,646.04,180.8912,465.1488,419.73,45.4188,0.09764359275999406,Digital Wallet,Mobile App,True,Manufacturer Rebate,Cloudy,False,370,False,97,124,27.0,False,3.0
20233996,2023-12-29,Friday,20037,101,1022,4.0,306.59,0.0,1226.36,0.0,1226.36,187.99,474.4,0.3868358393946312,Credit Card,Mobile App,False,None,Cloudy,False,70,False,478,400,-78.0,False,1.0
20233997,2023-12-29,Friday,20349,137,1038,2.0,145.15,0.06,290.3,17.418,272.882,88.81,95.262,0.34909594623317036,EBT,Online,True,Bundle Deal,Cloudy,False,21,True,98,111,13.0,False,5.0
20233998,2023-01-15,Sunday,20793,121,1004,4.0,662.96,0.0,2651.84,0.0,2651.84,445.03,871.72,0.3287226982020032,EBT,Curbside Pickup,False,None,Stormy,False,173,False,50,53,3.0,False,1.0
20233999,2023-07-12,Wednesday,21078,107,1038,1.0,157.15,0.0,157.15,0.0,157.15,88.81,68.34,0.43487114222080814,Debit Card,Curbside Pickup,False,None,Cloudy,False,159,False,101,84,-17.0,False,4.0
20234000,2024-04-18,Thursday,21098,136,1010,4.0,412.34,0.3,1649.36,494.808,1154.552,261.42,108.872,0.09429804807405803,EBT,Mobile App,True,BOGO,Cloudy,False,453,False,240,300,60.0,False,5.0
20234001,2024-12-29,Sunday,21046,127,1020,1.0,338.61,0.18,338.61,60.9498,277.6602,190.07,87.5902,0.3154582471668609,Gift Card,Online,True,Bundle Deal,Cloudy,False,458,False,429,558,129.0,False,3.0
20234002,2023-11-06,Monday,20016,108,1032,2.0,932.46,0.22,1864.92,410.2824,1454.6376,572.31,310.0176,0.2131235986200275,Credit Card,Mobile App,True,Clearance,Stormy,False,322,False,159,221,62.0,False,4.0
20234003,2024-12-19,Thursday,21046,127,1035,1.0,754.13,0.0,754.13,0.0,754.13,403.28,350.85,0.4652380889236604,Cash,Online,False,None,Snowy,False,60,False,266,260,-6.0,False,4.0
20234004,2024-03-04,Monday,20212,146,1042,2.0,427.71,0.0,855.42,0.0,855.42,233.03,389.36,0.4551682214584648,Gift Card,Mobile App,False,None,Snowy,False,358,False,394,391,-3.0,False,5.0
20234005,2024-11-22,Friday,21072,124,1010,1.0,396.63,0.08,396.63,31.7304,364.8996,261.42,103.4796,0.2835837583817576,Credit Card,Curbside Pickup,True,Percentage Discount,Cloudy,False,432,False,113,75,-38.0,False,3.0
20234006,2024-05-26,Sunday,20891,139,1036,1.0,1151.4,0.0,1151.4,0.0,1151.4,738.32,413.08,0.3587632447455272,Debit Card,In-Store,False,None,Sunny,False,23,True,83,70,-13.0,False,2.0
20234007,2023-06-05,Monday,20827,135,1042,1.0,448.15,0.0,448.15,0.0,448.15,233.03,215.12,0.48001785116590423,Cash,Online,False,None,Snowy,False,134,False,269,381,112.0,False,3.0
20234008,2024-11-20,Wednesday,20152,109,1033,1.0,870.62,0.35,870.62,304.717,565.903,465.85,100.053,0.17680238486100974,Cash,Curbside Pickup,True,BOGO,Sunny,False,97,False,285,315,30.0,False,2.0
20234009,2023-08-26,Saturday,20620,120,1015,7.0,253.81,0.0,1776.67,0.0,1776.67,149.38,731.01,0.41144950947559206,EBT,In-Store,False,None,Rainy,False,209,False,411,401,-10.0,False,3.0
20234010,2023-08-25,Friday,20803,113,1046,4.0,539.09,0.0,2156.36,0.0,2156.36,345.33,775.04,0.3594205049249662,Gift Card,Mobile App,False,None,Sunny,False,127,False,63,85,22.0,False,1.0
20234011,2024-12-12,Thursday,20186,144,1002,2.0,1307.5,0.19,2615.0,496.85,2118.15,759.3,599.55,0.28305360810140934,Cash,Curbside Pickup,True,Bundle Deal,Sunny,False,71,False,87,95,8.0,False,2.0
20234012,2024-11-11,Monday,21032,120,1002,2.0,1347.16,0.0,2694.32,0.0,2694.32,759.3,1175.72,0.4363698447103537,EBT,In-Store,False,None,Rainy,False,426,False,162,197,35.0,False,1.0
20234013,2023-12-30,Saturday,20882,143,1040,2.0,89.62,0.3,179.24,53.772,125.468,47.28,30.908,0.2463416966876017,EBT,Curbside Pickup,True,Clearance,Sunny,False,13,True,281,405,124.0,True,2.0
20234014,2024-01-16,Tuesday,20747,133,1034,1.0,1490.82,0.0,1490.82,0.0,1490.82,1145.68,345.14,0.23151017560805456,Debit Card,Curbside Pickup,False,None,Rainy,False,442,False,257,321,64.0,False,4.0
20234015,2024-11-29,Friday,21063,136,1015,5.0,240.52,0.34,1202.6,408.884,793.716,149.38,46.816,0.05898331393092761,Digital Wallet,Online,True,Percentage Discount,Sunny,True,262,False,476,560,84.0,False,5.0
20234016,2023-05-07,Sunday,20245,142,1021,4.0,77.06,0.0,308.24,0.0,308.24,45.04,128.08,0.41552037373475215,Credit Card,Curbside Pickup,False,None,Windy,False,410,False,478,376,-102.0,False,5.0
20234017,2024-10-04,Friday,20160,109,1002,2.0,1325.68,0.33,2651.36,874.9488,1776.4112,759.3,257.8112,0.1451303617090458,EBT,In-Store,True,Bundle Deal,Sunny,False,472,False,85,102,17.0,False,4.0
20234018,2024-11-02,Saturday,20361,121,1047,3.0,409.91,0.0,1229.73,0.0,1229.73,273.17,410.22,0.33358542119001733,EBT,Online,False,None,Rainy,False,210,False,471,551,80.0,False,1.0
20234019,2024-01-03,Wednesday,20518,101,1028,1.0,811.39,0.0,811.39,0.0,811.39,494.36,317.03,0.39072455908995674,Cash,In-Store,False,None,Rainy,False,70,False,78,65,-13.0,False,3.0
20234020,2023-10-26,Thursday,20141,105,1015,2.0,233.75,0.17,467.5,79.475,388.025,149.38,89.265,0.23004961020552797,Debit Card,Online,True,Loyalty Reward,Rainy,False,161,False,196,137,-59.0,False,2.0
20234021,2024-07-27,Saturday,20546,146,1003,2.0,1865.31,0.0,3730.62,0.0,3730.62,1394.94,940.74,0.2521672000900654,Gift Card,Mobile App,False,None,Snowy,False,415,False,303,260,-43.0,False,2.0
20234022,2023-02-04,Saturday,20646,117,1007,2.0,1054.98,0.06,2109.96,126.5976,1983.3624,637.12,709.1224,0.3575354660348507,Gift Card,In-Store,True,Clearance,Rainy,False,489,False,189,264,75.0,False,3.0
20234023,2024-07-10,Wednesday,20240,123,1023,6.0,121.55,0.07,729.3,51.051,678.249,70.74,253.809,0.37421212563527556,Digital Wallet,In-Store,True,BOGO,Sunny,False,56,False,347,343,-4.0,False,4.0
20234024,2023-12-11,Monday,20360,124,1026,4.0,237.98,0.21,951.92,199.9032,752.0168,130.01,231.9768,0.30847289581828496,Gift Card,Online,True,Percentage Discount,Windy,False,296,False,133,127,-6.0,False,3.0
20234025,2024-12-27,Friday,20152,117,1023,5.0,123.73,0.06,618.65,37.119,581.531,70.74,227.831,0.39177791037795057,Digital Wallet,In-Store,True,BOGO,Stormy,False,328,False,471,629,158.0,False,5.0
20234026,2024-10-31,Thursday,20734,129,1037,2.0,409.42,0.0,818.84,0.0,818.84,270.26,278.32,0.33989546187289343,EBT,Mobile App,False,None,Snowy,False,42,False,305,394,89.0,False,1.0
20234027,2024-03-27,Wednesday,20978,130,1040,2.0,83.94,0.0,167.88,0.0,167.88,47.28,73.32,0.4367405289492494,Cash,Mobile App,False,None,Sunny,False,385,False,65,58,-7.0,False,1.0
20234028,2024-02-17,Saturday,20516,150,1039,3.0,97.82,0.15,293.46,44.019,249.441,71.53,34.851,0.13971640588355552,Digital Wallet,Mobile App,True,Manufacturer Rebate,Cloudy,False,130,False,20,21,1.0,False,3.0
20234029,2024-05-11,Saturday,20689,110,1044,7.0,65.82,0.0,460.74,0.0,460.74,46.06,138.32,0.3002127013065936,Digital Wallet,Mobile App,False,None,Sunny,False,209,False,299,327,28.0,False,1.0
20234030,2024-08-26,Monday,20973,127,1010,4.0,394.16,0.0,1576.64,0.0,1576.64,261.42,530.96,0.33676679521006697,Credit Card,Curbside Pickup,False,None,Cloudy,False,515,False,369,369,0.0,False,3.0
20234031,2024-11-07,Thursday,20324,132,1037,1.0,403.28,0.0,403.28,0.0,403.28,270.26,133.02,0.32984526879587384,Credit Card,Mobile App,False,None,Cloudy,False,277,False,160,129,-31.0,False,4.0
20234032,2023-11-21,Tuesday,20865,117,1006,1.0,265.41,0.0,265.41,0.0,265.41,163.55,101.86,0.38378358012132174,Digital Wallet,Curbside Pickup,False,None,Cloudy,False,434,False,184,248,64.0,False,5.0
20234033,2023-01-04,Wednesday,21029,116,1003,1.0,1908.72,0.0,1908.72,0.0,1908.72,1394.94,513.78,0.2691751540299258,Credit Card,Online,False,None,Stormy,False,169,False,340,207,-133.0,False,5.0
20234034,2023-02-08,Wednesday,20254,130,1013,4.0,180.35,0.0,721.4,0.0,721.4,118.75,246.4,0.3415580815081785,Gift Card,Online,False,None,Cloudy,False,477,False,212,280,68.0,False,4.0
20234035,2023-06-22,Thursday,20767,108,1004,4.0,665.53,0.08,2662.12,212.9696,2449.1504,445.03,669.0304,0.2731683607507322,Gift Card,In-Store,True,Bundle Deal,Rainy,False,468,False,29,21,-8.0,False,1.0
20234036,2023-04-23,Sunday,20535,141,1024,2.0,491.8,0.21,983.6,206.556,777.044,283.62,209.804,0.27000272828823085,Gift Card,Online,True,Loyalty Reward,Windy,False,33,False,332,202,-130.0,False,2.0
20234037,2024-11-18,Monday,20924,145,1029,2.0,2087.78,0.0,4175.56,0.0,4175.56,1429.66,1316.24,0.31522478422055966,Credit Card,In-Store,False,None,Sunny,False,446,False,329,362,33.0,False,1.0
20234038,2023-08-15,Tuesday,21075,150,1023,6.0,133.57,0.19,801.42,152.2698,649.1502,70.74,224.7102,0.3461605649971301,Cash,Online,True,BOGO,Snowy,False,196,False,338,294,-44.0,False,2.0
20234039,2024-01-16,Tuesday,20358,125,1003,1.0,1837.26,0.11,1837.26,202.0986,1635.1614,1394.94,240.2214,0.14690990137120402,Digital Wallet,Online,True,Bundle Deal,Snowy,False,450,False,471,433,-38.0,False,1.0
20234040,2023-12-09,Saturday,20416,119,1037,4.0,373.13,0.0,1492.52,0.0,1492.52,270.26,411.48,0.2756947980596575,Cash,Online,False,None,Cloudy,False,137,False,135,153,18.0,False,3.0
20234041,2023-11-05,Sunday,20479,111,1022,2.0,325.05,0.0,650.1,0.0,650.1,187.99,274.12,0.42165820642978,Gift Card,Online,False,None,Cloudy,False,393,False,373,400,27.0,False,1.0
20234042,2024-11-14,Thursday,20348,137,1008,1.0,661.62,0.32,661.62,211.7184,449.9016,397.4,52.5016,0.11669573969063468,Cash,Curbside Pickup,True,Percentage Discount,Windy,False,225,False,249,284,35.0,False,1.0
20234043,2024-05-12,Sunday,20422,102,1016,4.0,364.21,0.0,1456.84,0.0,1456.84,263.25,403.84,0.2772027127206831,EBT,Online,False,None,Sunny,False,98,False,25,29,4.0,False,4.0
20234044,2024-02-02,Friday,20361,121,1043,3.0,120.13,0.0,360.39,0.0,360.39,75.88,132.75,0.3683509531341047,Credit Card,Mobile App,False,None,Cloudy,False,398,False,49,67,18.0,False,3.0
20234045,2024-11-01,Friday,20457,147,1001,2.0,649.49,0.0,1298.98,0.0,1298.98,419.73,459.52,0.35375448428767187,Credit Card,Mobile App,False,None,Cloudy,False,332,False,223,221,-2.0,False,3.0
20234046,2023-05-20,Saturday,20394,123,1005,1.0,1077.32,0.0,1077.32,0.0,1077.32,774.22,303.1,0.28134630379088843,Cash,Curbside Pickup,False,None,Windy,False,383,False,415,556,141.0,False,3.0
20234047,2023-11-26,Sunday,21162,142,1030,1.0,917.73,0.0,917.73,0.0,917.73,569.19,348.54,0.3797849040567487,Digital Wallet,Curbside Pickup,False,None,Rainy,False,408,False,171,139,-32.0,False,1.0
20234048,2024-05-09,Thursday,20670,137,1035,4.0,708.79,0.0,2835.16,0.0,2835.16,403.28,1222.04,0.4310303474936159,EBT,In-Store,False,None,Cloudy,False,124,False,193,214,21.0,False,4.0
20234049,2024-08-20,Tuesday,20657,118,1028,4.0,797.08,0.0,3188.32,0.0,3188.32,494.36,1210.88,0.379786219701912,Cash,In-Store,False,None,Rainy,False,369,False,178,207,29.0,False,4.0
20234050,2024-11-27,Wednesday,20813,128,1024,2.0,499.94,0.0,999.88,0.0,999.88,283.62,432.64,0.4326919230307637,Cash,Curbside Pickup,False,None,Stormy,False,369,False,87,68,-19.0,False,2.0
20234051,2024-01-23,Tuesday,20711,114,1016,4.0,384.51,0.34,1538.04,522.9336,1015.1064,263.25,-37.8936,-0.03732968287856338,Gift Card,Curbside Pickup,True,Clearance,Cloudy,False,251,False,265,349,84.0,True,4.0
20234052,2023-11-30,Thursday,21158,126,1017,1.0,129.33,0.31,129.33,40.0923,89.2377,93.3,-4.0623,-0.04552224003980356,Digital Wallet,In-Store,True,Manufacturer Rebate,Sunny,False,63,False,119,88,-31.0,False,1.0
20234053,2024-12-25,Wednesday,20166,128,1024,3.0,481.78,0.05,1445.34,72.267,1373.073,283.62,522.213,0.38032427991811063,EBT,Curbside Pickup,True,Clearance,Cloudy,True,481,False,151,151,0.0,False,4.0
20234054,2024-04-24,Wednesday,20968,128,1017,4.0,125.56,0.0,502.24,0.0,502.24,93.3,129.04,0.25692895826696405,Gift Card,In-Store,False,None,Rainy,False,500,False,267,164,-103.0,False,5.0
20234055,2024-01-26,Friday,21080,144,1034,1.0,1528.77,0.0,1528.77,0.0,1528.77,1145.68,383.09,0.250587073268052,Cash,In-Store,False,None,Snowy,False,65,False,454,390,-64.0,False,1.0
20234056,2024-09-21,Saturday,20028,133,1045,1.0,213.04,0.0,213.04,0.0,213.04,159.92,53.12,0.24934284641381904,Cash,Curbside Pickup,False,None,Sunny,False,289,False,92,72,-20.0,False,1.0
20234057,2024-05-12,Sunday,21176,150,1042,1.0,448.94,0.0,448.94,0.0,448.94,233.03,215.91,0.4809328640798325,EBT,Mobile App,False,None,Sunny,False,409,False,239,192,-47.0,False,3.0
20234058,2023-09-03,Sunday,20180,123,1045,3.0,228.44,0.0,685.32,0.0,685.32,159.92,205.56,0.29994746979513215,EBT,Curbside Pickup,False,None,Windy,False,102,False,268,301,33.0,False,5.0
20234059,2023-10-10,Tuesday,20914,111,1004,2.0,705.95,0.0,1411.9,0.0,1411.9,445.03,521.84,0.369601246547206,Debit Card,In-Store,False,None,Windy,False,453,False,212,224,12.0,False,2.0
20234060,2024-08-28,Wednesday,20391,119,1018,3.0,359.84,0.0,1079.52,0.0,1079.52,198.14,485.1,0.4493663850600267,Cash,Curbside Pickup,False,None,Rainy,False,81,False,480,518,38.0,True,5.0
20234061,2023-12-01,Friday,21073,124,1019,1.0,1236.85,0.15,1236.85,185.5275,1051.3225,867.36,183.9625,0.17498198697354997,Digital Wallet,In-Store,True,Percentage Discount,Sunny,False,273,False,436,604,168.0,False,3.0
20234062,2023-09-14,Thursday,20901,114,1034,2.0,1542.93,0.0,3085.86,0.0,3085.86,1145.68,794.5,0.257464693796867,Credit Card,Curbside Pickup,False,None,Sunny,False,364,False,408,292,-116.0,False,2.0
20234063,2023-12-19,Tuesday,20493,144,1004,2.0,660.18,0.1,1320.36,132.036,1188.324,445.03,298.264,0.25099551974040746,Debit Card,Online,True,BOGO,Sunny,False,3,True,440,403,-37.0,False,5.0
20234064,2023-04-14,Friday,20191,147,1030,1.0,851.85,0.0,851.85,0.0,851.85,569.19,282.66,0.3318189822151787,EBT,Online,False,None,Sunny,False,147,False,394,375,-19.0,False,3.0
20234065,2023-04-27,Thursday,20414,128,1038,3.0,156.5,0.0,469.5,0.0,469.5,88.81,203.07,0.4325239616613418,Cash,Online,False,None,Sunny,False,463,False,31,19,-12.0,False,4.0
20234066,2024-01-09,Tuesday,20413,104,1014,5.0,237.82,0.0,1189.1,0.0,1189.1,172.18,328.2,0.276007064166176,Cash,In-Store,False,None,Stormy,False,170,False,56,50,-6.0,False,4.0
20234067,2023-09-07,Thursday,20753,110,1046,2.0,528.66,0.26,1057.32,274.9032,782.4168,345.33,91.7568,0.11727355547580268,Debit Card,Curbside Pickup,True,Manufacturer Rebate,Stormy,False,80,False,242,150,-92.0,False,3.0
20234068,2024-11-28,Thursday,20081,132,1010,1.0,378.21,0.31,378.21,117.2451,260.9649,261.42,-0.4551,-0.001743912687108557,Gift Card,Online,True,Bundle Deal,Stormy,True,206,False,27,26,-1.0,False,3.0
20234069,2023-08-07,Monday,21132,134,1007,1.0,1070.26,0.0,1070.26,0.0,1070.26,637.12,433.14,0.40470539868816924,Gift Card,Online,False,None,Rainy,False,402,False,444,629,185.0,False,1.0
20234070,2023-12-14,Thursday,21130,106,1046,4.0,521.81,0.0,2087.24,0.0,2087.24,345.33,705.92,0.33820739349571677,Gift Card,Curbside Pickup,False,None,Cloudy,False,34,False,254,185,-69.0,False,2.0
20234071,2024-05-25,Saturday,20252,104,1009,2.0,1742.83,0.2,3485.66,697.132,2788.528,1077.88,632.768,0.22691828807169934,Debit Card,In-Store,True,Percentage Discount,Cloudy,False,163,False,227,284,57.0,False,4.0
20234072,2023-08-20,Sunday,21039,139,1043,6.0,121.73,0.0,730.38,0.0,730.38,75.88,275.1,0.3766532489936746,Cash,In-Store,False,None,Cloudy,False,150,False,288,377,89.0,False,4.0
20234073,2024-12-30,Monday,20573,128,1011,1.0,891.37,0.0,891.37,0.0,891.37,618.67,272.7,0.30593356294243695,Cash,Curbside Pickup,False,None,Cloudy,False,461,False,90,115,25.0,False,5.0
20234074,2023-02-19,Sunday,21111,141,1036,1.0,1065.66,0.12,1065.66,127.8792,937.7808,738.32,199.4608,0.21269448041589253,Digital Wallet,Curbside Pickup,True,Percentage Discount,Cloudy,False,210,False,307,326,19.0,False,3.0
20234075,2024-07-25,Thursday,20572,148,1002,2.0,1209.24,0.27,2418.48,652.9896,1765.4904,759.3,246.8904,0.13984239166636092,Digital Wallet,Online,True,Percentage Discount,Snowy,False,209,False,388,375,-13.0,False,2.0
20234076,2024-02-02,Friday,20786,142,1025,3.0,572.33,0.0,1716.99,0.0,1716.99,301.28,813.15,0.4735904111264482,Digital Wallet,Curbside Pickup,False,None,Sunny,False,473,False,415,295,-120.0,False,5.0
20234077,2024-12-27,Friday,20351,115,1010,4.0,373.26,0.31,1493.04,462.8424,1030.1976,261.42,-15.4824,-0.015028573159168784,Debit Card,Mobile App,True,Loyalty Reward,Stormy,False,95,False,186,174,-12.0,False,4.0
20234078,2023-01-15,Sunday,20057,143,1031,3.0,563.24,0.0,1689.72,0.0,1689.72,402.09,483.45,0.28611249201051064,Cash,Curbside Pickup,False,None,Rainy,False,247,False,392,549,157.0,True,1.0
20234079,2024-03-30,Saturday,20150,126,1003,1.0,1847.69,0.07,1847.69,129.3383,1718.3517,1394.94,323.4117,0.18821042281390946,Gift Card,Curbside Pickup,True,Bundle Deal,Sunny,False,10,True,421,328,-93.0,False,3.0
20234080,2023-08-20,Sunday,20585,150,1021,7.0,77.53,0.0,542.71,0.0,542.71,45.04,227.43,0.41906358828840456,Cash,In-Store,False,None,Windy,False,136,False,162,152,-10.0,False,3.0
20234081,2024-07-26,Friday,20234,129,1035,3.0,699.38,0.0,2098.14,0.0,2098.14,403.28,888.3,0.4233749892762161,Gift Card,Mobile App,False,None,Rainy,False,193,False,118,121,3.0,False,5.0
20234082,2023-03-18,Saturday,20467,106,1007,1.0,1036.35,0.0,1036.35,0.0,1036.35,637.12,399.23,0.38522699860085874,EBT,Curbside Pickup,False,None,Windy,False,316,False,305,295,-10.0,False,1.0
20234083,2023-06-27,Tuesday,21068,103,1048,6.0,283.12,0.17,1698.72,288.7824,1409.9376,184.37,303.7176,0.21541208632211806,Credit Card,Online,True,Clearance,Cloudy,False,468,False,442,331,-111.0,False,5.0
20234084,2023-02-18,Saturday,20794,134,1042,4.0,445.43,0.31,1781.72,552.3332,1229.3868,233.03,297.2668,0.2418008717842098,Cash,Mobile App,True,Percentage Discount,Sunny,False,196,False,55,37,-18.0,False,1.0
20234085,2023-10-26,Thursday,21042,126,1025,1.0,571.33,0.0,571.33,0.0,571.33,301.28,270.05,0.47266903540860805,Cash,Curbside Pickup,False,None,Sunny,False,158,False,237,339,102.0,False,4.0
20234086,2023-04-17,Monday,20357,106,1011,1.0,889.13,0.21,889.13,186.7173,702.4127,618.67,83.7427,0.1192215061031784,EBT,Online,True,BOGO,Sunny,False,160,False,61,65,4.0,True,1.0
20234087,2023-08-29,Tuesday,21052,141,1025,4.0,541.9,0.0,2167.6,0.0,2167.6,301.28,962.48,0.44403026388632594,Cash,In-Store,False,None,Cloudy,False,138,False,76,87,11.0,False,3.0
20234088,2023-02-24,Friday,21032,120,1005,2.0,1117.41,0.26,2234.82,581.0532,1653.7668,774.22,105.3268,0.06368902798145425,Debit Card,Mobile App,True,Manufacturer Rebate,Cloudy,False,351,False,372,393,21.0,False,2.0
20234089,2024-08-28,Wednesday,20331,147,1001,3.0,680.49,0.0,2041.47,0.0,2041.47,419.73,782.28,0.3831944628135608,Cash,Curbside Pickup,False,None,Cloudy,False,112,False,93,116,23.0,False,4.0
20234090,2023-10-12,Thursday,21186,139,1001,4.0,625.03,0.0,2500.12,0.0,2500.12,419.73,821.2,0.3284642337167815,EBT,Curbside Pickup,False,None,Windy,False,268,False,63,78,15.0,False,3.0
20234091,2023-10-08,Sunday,20946,121,1002,1.0,1221.75,0.0,1221.75,0.0,1221.75,759.3,462.45,0.3785144260282382,Credit Card,Curbside Pickup,False,None,Cloudy,False,489,False,44,43,-1.0,False,2.0
20234092,2023-12-04,Monday,21166,111,1020,2.0,337.03,0.25,674.06,168.515,505.545,190.07,125.405,0.24805902540822278,Cash,Online,True,Percentage Discount,Windy,False,279,False,181,262,81.0,False,5.0
20234093,2024-11-29,Friday,20882,143,1020,2.0,361.03,0.27,722.06,194.9562,527.1038,190.07,146.9638,0.278813774440632,Credit Card,Online,True,Clearance,Snowy,True,482,False,389,400,11.0,False,2.0
20234094,2024-11-20,Wednesday,21136,145,1035,4.0,714.62,0.0,2858.48,0.0,2858.48,403.28,1245.36,0.43567210545464724,Debit Card,Mobile App,False,None,Rainy,False,326,False,311,366,55.0,True,3.0
20234095,2024-06-21,Friday,20251,143,1038,4.0,142.08,0.0,568.32,0.0,568.32,88.81,213.08,0.37492961711711714,Digital Wallet,Curbside Pickup,False,None,Rainy,False,423,False,275,304,29.0,False,2.0
20234096,2023-05-10,Wednesday,20213,143,1039,5.0,99.03,0.0,495.15,0.0,495.15,71.53,137.5,0.27769362819347676,Credit Card,Online,False,None,Sunny,False,191,False,284,261,-23.0,False,3.0
20234097,2023-11-09,Thursday,20471,135,1049,5.0,165.22,0.0,826.1,0.0,826.1,117.26,239.8,0.2902796271637816,Digital Wallet,Online,False,None,Sunny,False,315,False,404,453,49.0,False,5.0
20234098,2023-01-07,Saturday,20671,133,1028,1.0,773.53,0.0,773.53,0.0,773.53,494.36,279.17,0.36090390805786454,Debit Card,In-Store,False,None,Windy,False,501,False,298,209,-89.0,False,4.0
20234099,2024-10-21,Monday,20362,106,1028,3.0,808.47,0.0,2425.41,0.0,2425.41,494.36,942.33,0.38852400212747534,Cash,In-Store,False,None,Sunny,False,51,False,281,313,32.0,False,1.0
20234100,2024-01-14,Sunday,21112,106,1050,1.0,1357.79,0.0,1357.79,0.0,1357.79,742.28,615.51,0.45331752332834974,Digital Wallet,Online,False,None,Cloudy,False,439,False,113,146,33.0,False,2.0
20234101,2023-11-08,Wednesday,20389,130,1035,1.0,747.07,0.0,747.07,0.0,747.07,403.28,343.79,0.46018445393336643,Digital Wallet,Mobile App,False,None,Stormy,False,84,False,43,35,-8.0,False,1.0
20234102,2023-01-26,Thursday,20167,101,1039,7.0,97.11,0.0,679.77,0.0,679.77,71.53,179.06,0.26341262485840794,Gift Card,Online,False,None,Windy,False,362,False,395,367,-28.0,False,1.0
20234103,2023-01-27,Friday,20533,132,1029,2.0,2190.22,0.06,4380.44,262.8264,4117.6136,1429.66,1258.2936,0.3055880716927882,Gift Card,Mobile App,True,Percentage Discount,Sunny,False,331,False,360,251,-109.0,False,3.0
20234104,2023-11-29,Wednesday,21006,116,1038,1.0,140.51,0.0,140.51,0.0,140.51,88.81,51.7,0.3679453419685431,Credit Card,Online,False,None,Snowy,True,396,False,301,341,40.0,False,4.0
20234105,2024-01-11,Thursday,20453,145,1050,2.0,1339.98,0.24,2679.96,643.1904,2036.7696,742.28,552.2096,0.27112030737300874,EBT,Mobile App,True,Clearance,Sunny,False,518,False,306,308,2.0,False,5.0
20234106,2024-11-21,Thursday,20695,134,1011,1.0,849.84,0.0,849.84,0.0,849.84,618.67,231.17,0.27201590887696514,Debit Card,In-Store,False,None,Cloudy,False,403,False,42,47,5.0,False,5.0
20234107,2023-10-30,Monday,21131,130,1048,1.0,289.74,0.0,289.74,0.0,289.74,184.37,105.37,0.36367087733830333,Credit Card,Mobile App,False,None,Sunny,False,152,False,161,216,55.0,True,3.0
20234108,2024-01-14,Sunday,20580,102,1004,4.0,722.21,0.0,2888.84,0.0,2888.84,445.03,1108.72,0.3837941872862464,EBT,Online,False,None,Snowy,False,193,False,103,98,-5.0,False,5.0
20234109,2024-03-25,Monday,20810,118,1025,2.0,567.41,0.29,1134.82,329.0978,805.7222,301.28,203.1622,0.252149189882071,EBT,Curbside Pickup,True,Bundle Deal,Sunny,False,516,False,187,216,29.0,False,2.0
20234110,2023-08-28,Monday,20025,112,1020,1.0,353.2,0.0,353.2,0.0,353.2,190.07,163.13,0.46186296715741787,Digital Wallet,Mobile App,False,None,Sunny,False,251,False,88,85,-3.0,False,1.0
20234111,2023-11-21,Tuesday,20336,143,1020,4.0,355.56,0.09,1422.24,128.0016,1294.2384,190.07,533.9584,0.4125657220493535,Gift Card,In-Store,True,Loyalty Reward,Sunny,False,431,False,149,120,-29.0,False,1.0
20234112,2023-04-09,Sunday,21106,103,1024,4.0,499.76,0.0,1999.04,0.0,1999.04,283.62,864.56,0.43248759404514164,Cash,Mobile App,False,None,Cloudy,False,398,False,328,412,84.0,False,1.0
20234113,2024-05-24,Friday,20245,142,1046,1.0,558.23,0.13,558.23,72.5699,485.6601,345.33,140.3301,0.28894714636841695,Debit Card,In-Store,True,Bundle Deal,Stormy,False,421,False,365,306,-59.0,False,2.0
20234114,2024-09-01,Sunday,20170,133,1014,4.0,219.69,0.0,878.76,0.0,878.76,172.18,190.04,0.21625927443215437,Cash,Curbside Pickup,False,None,Sunny,False,22,True,87,71,-16.0,False,2.0
20234115,2024-11-24,Sunday,20002,126,1038,3.0,144.2,0.0,432.6,0.0,432.6,88.81,166.17,0.3841192787794729,Gift Card,Curbside Pickup,False,None,Sunny,False,262,False,451,651,200.0,False,2.0
20234116,2024-08-07,Wednesday,20547,135,1045,5.0,224.42,0.0,1122.1,0.0,1122.1,159.92,322.5,0.287407539434988,Debit Card,Curbside Pickup,False,None,Stormy,False,481,False,54,70,16.0,False,2.0
20234117,2023-11-15,Wednesday,20969,101,1041,1.0,629.67,0.0,629.67,0.0,629.67,486.05,143.62,0.22808772849270245,Cash,Mobile App,False,None,Rainy,False,326,False,416,598,182.0,False,2.0
20234118,2023-11-26,Sunday,20366,125,1039,5.0,99.69,0.0,498.45,0.0,498.45,71.53,140.8,0.28247567459123285,Gift Card,Online,False,None,Cloudy,False,206,False,283,254,-29.0,False,3.0
20234119,2023-08-10,Thursday,21075,150,1017,6.0,129.82,0.13,778.92,101.2596,677.6604,93.3,117.8604,0.17392251340051748,Credit Card,In-Store,True,Loyalty Reward,Cloudy,False,329,False,362,287,-75.0,False,1.0
20234120,2024-01-20,Saturday,21189,144,1028,1.0,805.24,0.0,805.24,0.0,805.24,494.36,310.88,0.38607123342109184,Digital Wallet,In-Store,False,None,Sunny,False,454,False,260,314,54.0,False,2.0
20234121,2024-05-22,Wednesday,20222,143,1023,7.0,126.61,0.0,886.27,0.0,886.27,70.74,391.09,0.4412763604770556,Cash,In-Store,False,None,Snowy,False,256,False,272,205,-67.0,False,4.0
20234122,2024-11-25,Monday,21184,121,1005,1.0,1203.94,0.0,1203.94,0.0,1203.94,774.22,429.72,0.35692808611724836,Credit Card,Mobile App,False,None,Cloudy,False,293,False,113,85,-28.0,False,2.0
20234123,2023-10-04,Wednesday,20922,109,1046,2.0,569.6,0.0,1139.2,0.0,1139.2,345.33,448.54,0.39373244382022476,Debit Card,In-Store,False,None,Rainy,False,75,False,70,84,14.0,False,3.0
20234124,2024-05-09,Thursday,20959,116,1048,4.0,276.56,0.0,1106.24,0.0,1106.24,184.37,368.76,0.3333453861729823,Digital Wallet,Curbside Pickup,False,None,Cloudy,False,402,False,382,525,143.0,False,4.0
20234125,2023-11-20,Monday,20394,123,1045,5.0,226.9,0.0,1134.5,0.0,1134.5,159.92,334.9,0.29519612163948883,Gift Card,Curbside Pickup,False,None,Cloudy,False,340,False,172,154,-18.0,False,4.0
20234126,2023-11-07,Tuesday,20253,105,1003,1.0,1923.54,0.0,1923.54,0.0,1923.54,1394.94,528.6,0.2748058267569169,Credit Card,Online,False,None,Windy,False,16,True,237,173,-64.0,False,3.0
20234127,2023-07-25,Tuesday,20855,122,1047,3.0,408.86,0.0,1226.58,0.0,1226.58,273.17,407.07,0.33187399109719706,Digital Wallet,Curbside Pickup,False,None,Sunny,False,457,False,367,431,64.0,False,5.0
20234128,2023-07-09,Sunday,21155,106,1023,7.0,122.19,0.0,855.33,0.0,855.33,70.74,360.15,0.4210655536459612,Gift Card,Curbside Pickup,False,None,Rainy,False,85,False,66,64,-2.0,False,2.0
20234129,2024-02-25,Sunday,20829,124,1042,2.0,432.63,0.0,865.26,0.0,865.26,233.03,399.2,0.4613642142246261,EBT,Curbside Pickup,False,None,Sunny,False,59,False,437,389,-48.0,False,3.0
20234130,2023-11-20,Monday,20531,142,1008,4.0,680.21,0.0,2720.84,0.0,2720.84,397.4,1131.24,0.41576865967862875,Debit Card,Online,False,None,Cloudy,False,246,False,474,579,105.0,False,3.0
20234131,2023-09-24,Sunday,20317,136,1011,2.0,926.07,0.13,1852.14,240.7782,1611.3618,618.67,374.0218,0.23211534492129587,EBT,Mobile App,True,Clearance,Rainy,False,333,False,88,101,13.0,False,2.0
20234132,2023-04-02,Sunday,21061,137,1007,2.0,1101.5,0.0,2203.0,0.0,2203.0,637.12,928.76,0.42158874262369495,Credit Card,Online,False,None,Cloudy,False,187,False,261,196,-65.0,False,1.0
20234133,2024-01-15,Monday,20199,132,1004,3.0,677.84,0.0,2033.52,0.0,2033.52,445.03,698.43,0.3434586333057949,Debit Card,Curbside Pickup,False,None,Sunny,False,207,False,159,99,-60.0,False,1.0
20234134,2023-12-23,Saturday,20219,121,1039,2.0,98.6,0.0,197.2,0.0,197.2,71.53,54.14,0.2745436105476673,EBT,Mobile App,False,None,Sunny,False,66,False,47,49,2.0,False,5.0
20234135,2024-11-05,Tuesday,20564,115,1026,3.0,218.11,0.0,654.33,0.0,654.33,130.01,264.3,0.4039246251891248,EBT,Curbside Pickup,False,None,Sunny,False,295,False,337,217,-120.0,False,2.0
20234136,2023-12-07,Thursday,20351,118,1039,4.0,101.59,0.0,406.36,0.0,406.36,71.53,120.24,0.295895265282016,Credit Card,In-Store,False,None,Rainy,False,183,False,198,171,-27.0,False,1.0
20234137,2024-09-11,Wednesday,20123,132,1046,2.0,526.54,0.0,1053.08,0.0,1053.08,345.33,362.42,0.34415239108139933,Debit Card,Curbside Pickup,False,None,Rainy,False,456,False,279,281,2.0,False,5.0
20234138,2023-02-16,Thursday,20200,145,1011,1.0,913.6,0.29,913.6,264.944,648.656,618.67,29.986,0.046227892750548984,Credit Card,Mobile App,True,Bundle Deal,Sunny,False,519,False,184,162,-22.0,False,3.0
20234139,2023-10-11,Wednesday,21101,145,1004,3.0,664.76,0.0,1994.28,0.0,1994.28,445.03,659.19,0.3305403453878092,Cash,Curbside Pickup,False,None,Sunny,False,285,False,442,325,-117.0,True,5.0
20234140,2024-05-02,Thursday,20368,105,1036,2.0,1060.57,0.0,2121.14,0.0,2121.14,738.32,644.5,0.30384604505124596,EBT,In-Store,False,None,Rainy,False,118,False,97,118,21.0,False,5.0
20234141,2024-05-12,Sunday,20113,125,1020,2.0,325.25,0.0,650.5,0.0,650.5,190.07,270.36,0.41561875480399696,Cash,In-Store,False,None,Sunny,False,240,False,379,347,-32.0,False,5.0
20234142,2024-12-08,Sunday,20122,135,1048,7.0,276.04,0.22,1932.28,425.1016,1507.1784,184.37,216.5884,0.1437045541523154,EBT,Mobile App,True,Manufacturer Rebate,Cloudy,False,287,False,334,320,-14.0,False,2.0
20234143,2024-11-09,Saturday,20343,139,1028,4.0,776.26,0.0,3105.04,0.0,3105.04,494.36,1127.6,0.36315152139746987,Digital Wallet,Mobile App,False,None,Windy,False,229,False,251,307,56.0,False,3.0
20234144,2023-12-21,Thursday,20457,147,1018,4.0,345.75,0.0,1383.0,0.0,1383.0,198.14,590.44,0.42692697035430227,EBT,Curbside Pickup,False,None,Sunny,False,203,False,240,277,37.0,False,4.0
20234145,2023-06-18,Sunday,20575,136,1036,2.0,1085.97,0.0,2171.94,0.0,2171.94,738.32,695.3,0.32012854867077356,Gift Card,Curbside Pickup,False,None,Cloudy,False,296,False,215,209,-6.0,False,3.0
20234146,2023-11-05,Sunday,20970,119,1034,1.0,1500.8,0.0,1500.8,0.0,1500.8,1145.68,355.12,0.2366204690831556,Gift Card,Curbside Pickup,False,None,Cloudy,False,286,False,237,321,84.0,False,3.0
20234147,2024-02-04,Sunday,20204,131,1019,2.0,1358.63,0.0,2717.26,0.0,2717.26,867.36,982.54,0.361592192134724,Digital Wallet,Curbside Pickup,False,None,Windy,False,468,False,284,353,69.0,False,1.0
20234148,2024-10-29,Tuesday,20908,131,1016,3.0,398.59,0.22,1195.77,263.0694,932.7006,263.25,142.9506,0.1532652600416468,EBT,Online,True,Manufacturer Rebate,Cloudy,False,83,False,170,171,1.0,False,3.0
20234149,2024-08-09,Friday,20637,105,1017,2.0,125.14,0.0,250.28,0.0,250.28,93.3,63.68,0.25443503276330515,Debit Card,Mobile App,False,None,Cloudy,False,323,False,45,56,11.0,False,1.0
20234150,2024-12-15,Sunday,20389,130,1030,2.0,924.65,0.0,1849.3,0.0,1849.3,569.19,710.92,0.38442653977180546,Credit Card,In-Store,False,None,Sunny,False,301,False,460,622,162.0,False,1.0
20234151,2023-04-20,Thursday,20813,128,1001,3.0,635.64,0.0,1906.92,0.0,1906.92,419.73,647.73,0.3396734000377572,Debit Card,In-Store,False,None,Windy,False,130,False,141,110,-31.0,False,1.0
20234152,2024-03-21,Thursday,20233,147,1004,3.0,727.78,0.0,2183.34,0.0,2183.34,445.03,848.25,0.38851026409079675,Digital Wallet,In-Store,False,None,Rainy,False,436,False,271,277,6.0,False,2.0
20234153,2023-01-07,Saturday,20136,141,1036,1.0,1119.69,0.0,1119.69,0.0,1119.69,738.32,381.37,0.3406032026721682,Cash,Curbside Pickup,False,None,Windy,False,494,False,408,381,-27.0,False,4.0
20234154,2024-11-20,Wednesday,20664,140,1045,1.0,216.47,0.25,216.47,54.1175,162.3525,159.92,2.4325,0.014982830569285996,Debit Card,Online,True,Clearance,Sunny,False,91,False,331,313,-18.0,False,1.0
20234155,2024-05-11,Saturday,21046,127,1039,1.0,96.46,0.0,96.46,0.0,96.46,71.53,24.93,0.25844909807173955,Cash,Online,False,None,Cloudy,False,346,False,255,285,30.0,False,2.0
20234156,2024-07-07,Sunday,21129,123,1020,3.0,328.65,0.0,985.95,0.0,985.95,190.07,415.74,0.42166438460368166,Credit Card,In-Store,False,None,Sunny,False,211,False,235,294,59.0,False,1.0
20234157,2024-04-26,Friday,20374,126,1013,3.0,184.09,0.3,552.27,165.681,386.589,118.75,30.339,0.07847869442741516,Cash,Curbside Pickup,True,Bundle Deal,Snowy,False,112,False,43,34,-9.0,False,5.0
20234158,2024-03-11,Monday,20902,119,1008,3.0,676.28,0.0,2028.84,0.0,2028.84,397.4,836.64,0.4123735730762407,Debit Card,Online,False,None,Sunny,False,213,False,270,332,62.0,False,4.0
20234159,2023-11-24,Friday,20387,146,1001,2.0,671.94,0.12,1343.88,161.2656,1182.6144,419.73,343.1544,0.2901659239055436,EBT,Online,True,Clearance,Windy,False,16,True,476,604,128.0,False,5.0
20234160,2023-07-02,Sunday,20177,147,1042,2.0,400.58,0.0,801.16,0.0,801.16,233.03,335.1,0.4182685106595436,EBT,Online,False,None,Rainy,False,350,False,280,247,-33.0,False,1.0
20234161,2024-11-07,Thursday,20184,142,1006,6.0,272.04,0.12,1632.24,195.8688,1436.3712,163.55,455.0712,0.3168200532007326,Cash,Online,True,Loyalty Reward,Snowy,False,413,False,242,334,92.0,False,4.0
20234162,2023-10-21,Saturday,20221,138,1013,7.0,173.43,0.0,1214.01,0.0,1214.01,118.75,382.76,0.31528570604854983,Gift Card,Curbside Pickup,False,None,Stormy,False,253,False,24,31,7.0,False,3.0
20234163,2024-12-19,Thursday,20055,107,1026,3.0,224.47,0.0,673.41,0.0,673.41,130.01,283.38,0.4208134717334165,Cash,Curbside Pickup,False,None,Windy,False,164,False,50,68,18.0,False,5.0
20234164,2023-08-10,Thursday,20993,131,1010,3.0,381.92,0.0,1145.76,0.0,1145.76,261.42,361.5,0.3155111018014244,Gift Card,Curbside Pickup,False,None,Sunny,False,496,False,159,123,-36.0,False,2.0
20234165,2024-09-06,Friday,20076,123,1034,1.0,1528.19,0.0,1528.19,0.0,1528.19,1145.68,382.51,0.2503026456134381,Digital Wallet,Online,False,None,Windy,False,2,True,396,281,-115.0,False,5.0
20234166,2023-12-22,Friday,20975,104,1014,3.0,235.32,0.34,705.96,240.0264,465.9336,172.18,-50.6064,-0.10861290106573114,Gift Card,Mobile App,True,BOGO,Sunny,False,165,False,160,169,9.0,False,5.0
20234167,2023-06-06,Tuesday,20476,136,1042,1.0,421.66,0.0,421.66,0.0,421.66,233.03,188.63,0.44735094626002,Cash,Curbside Pickup,False,None,Sunny,False,7,True,156,198,42.0,False,1.0
20234168,2023-12-22,Friday,20791,119,1003,2.0,1903.42,0.0,3806.84,0.0,3806.84,1394.94,1016.96,0.267140200271091,Cash,Mobile App,False,None,Windy,False,128,False,376,460,84.0,False,1.0
20234169,2024-03-30,Saturday,20073,116,1004,4.0,683.87,0.0,2735.48,0.0,2735.48,445.03,955.36,0.3492476640297133,Debit Card,In-Store,False,None,Rainy,False,190,False,332,220,-112.0,False,3.0
20234170,2023-09-11,Monday,20473,101,1013,7.0,179.45,0.0,1256.15,0.0,1256.15,118.75,424.9,0.33825578155475056,Cash,In-Store,False,None,Rainy,False,178,False,246,226,-20.0,False,4.0
20234171,2024-06-21,Friday,20111,121,1021,2.0,76.95,0.0,153.9,0.0,153.9,45.04,63.82,0.4146848602988954,Gift Card,Online,False,None,Windy,False,331,False,400,458,58.0,False,1.0
20234172,2024-08-04,Sunday,21134,103,1004,3.0,724.62,0.0,2173.86,0.0,2173.86,445.03,838.77,0.3858436145841959,Credit Card,Online,False,None,Rainy,False,325,False,238,268,30.0,False,5.0
20234173,2024-11-02,Saturday,20038,125,1040,1.0,91.62,0.2,91.62,18.324,73.296,47.28,26.016,0.3549443352979699,EBT,Curbside Pickup,True,Loyalty Reward,Sunny,False,399,False,101,143,42.0,False,3.0
20234174,2024-02-10,Saturday,21005,141,1019,1.0,1221.46,0.13,1221.46,158.7898,1062.6702,867.36,195.3102,0.18379192340201128,EBT,Online,True,Bundle Deal,Cloudy,False,115,False,191,266,75.0,True,2.0
20234175,2023-12-24,Sunday,20928,137,1029,1.0,2250.67,0.0,2250.67,0.0,2250.67,1429.66,821.01,0.36478470855345296,Gift Card,Online,False,None,Stormy,True,268,False,183,243,60.0,False,4.0
20234176,2024-12-02,Monday,21107,111,1015,2.0,243.18,0.33,486.36,160.4988,325.8612,149.38,27.1012,0.08316792548483835,EBT,Mobile App,True,Clearance,Snowy,False,273,False,247,294,47.0,False,2.0
20234177,2024-11-18,Monday,20037,101,1048,2.0,262.08,0.0,524.16,0.0,524.16,184.37,155.42,0.2965125152625152,EBT,Online,False,None,Rainy,False,499,False,348,327,-21.0,False,4.0
20234178,2023-09-29,Friday,20187,126,1029,2.0,2070.75,0.06,4141.5,248.49,3893.01,1429.66,1033.69,0.2655246197672238,Gift Card,Curbside Pickup,True,Percentage Discount,Cloudy,False,275,False,215,222,7.0,False,2.0
20234179,2024-10-12,Saturday,20116,128,1007,1.0,1031.31,0.0,1031.31,0.0,1031.31,637.12,394.19,0.3822226100784439,EBT,In-Store,False,None,Stormy,False,82,False,261,251,-10.0,False,5.0
20234180,2024-01-12,Friday,20989,107,1030,1.0,872.99,0.0,872.99,0.0,872.99,569.19,303.8,0.3479994043459833,Digital Wallet,Curbside Pickup,False,None,Sunny,False,331,False,450,365,-85.0,False,2.0
20234181,2023-08-21,Monday,20471,133,1011,1.0,839.39,0.12,839.39,100.7268,738.6632,618.67,119.9932,0.16244643025400482,Cash,Mobile App,True,Clearance,Sunny,False,194,False,479,413,-66.0,False,1.0
20234182,2024-03-11,Monday,21179,150,1028,4.0,767.87,0.0,3071.48,0.0,3071.48,494.36,1094.04,0.3561931056038131,Gift Card,In-Store,False,None,Rainy,False,256,False,299,267,-32.0,False,4.0
20234183,2024-06-12,Wednesday,20616,131,1024,3.0,465.47,0.0,1396.41,0.0,1396.41,283.62,545.55,0.39068038756525664,Cash,Online,False,None,Cloudy,False,216,False,221,270,49.0,False,5.0
20234184,2023-08-15,Tuesday,21191,118,1048,7.0,269.65,0.0,1887.55,0.0,1887.55,184.37,596.96,0.31626182087891697,Debit Card,Online,False,None,Windy,False,54,False,380,508,128.0,False,4.0
20234185,2023-04-17,Monday,20485,145,1048,7.0,272.23,0.0,1905.61,0.0,1905.61,184.37,615.02,0.3227417992139,Gift Card,In-Store,False,None,Rainy,False,223,False,465,491,26.0,False,5.0
20234186,2024-02-19,Monday,20015,141,1002,2.0,1309.97,0.0,2619.94,0.0,2619.94,759.3,1101.34,0.4203684053833294,Gift Card,In-Store,False,None,Cloudy,False,189,False,189,188,-1.0,False,5.0
20234187,2023-01-08,Sunday,20585,150,1013,6.0,178.04,0.11,1068.24,117.5064,950.7336,118.75,238.2336,0.2505787110080048,Cash,Curbside Pickup,True,Percentage Discount,Rainy,False,296,False,305,339,34.0,True,3.0
20234188,2023-07-16,Sunday,20080,133,1036,1.0,1125.47,0.21,1125.47,236.3487,889.1213,738.32,150.8013,0.16960711659927613,Cash,Online,True,Bundle Deal,Cloudy,False,388,False,50,61,11.0,False,3.0
20234189,2024-06-25,Tuesday,20651,112,1047,1.0,403.12,0.0,403.12,0.0,403.12,273.17,129.95,0.3223605874181385,EBT,In-Store,False,None,Rainy,False,458,False,160,114,-46.0,False,3.0
20234190,2023-03-08,Wednesday,21158,126,1041,1.0,667.52,0.09,667.52,60.0768,607.4432,486.05,121.3932,0.19984288242917186,Digital Wallet,Curbside Pickup,True,BOGO,Cloudy,False,333,False,250,213,-37.0,False,5.0
20234191,2023-06-09,Friday,20206,134,1027,2.0,59.23,0.0,118.46,0.0,118.46,37.44,43.58,0.36788789464798244,Credit Card,Online,False,None,Sunny,False,384,False,131,86,-45.0,False,5.0
20234192,2024-12-17,Tuesday,20131,149,1021,4.0,78.82,0.06,315.28,18.9168,296.3632,45.04,116.2032,0.3920972644376899,Credit Card,Curbside Pickup,True,Loyalty Reward,Windy,False,126,False,117,155,38.0,False,5.0
20234193,2023-04-22,Saturday,20594,149,1028,4.0,814.21,0.0,3256.84,0.0,3256.84,494.36,1279.4,0.3928347723560261,EBT,Curbside Pickup,False,None,Cloudy,False,24,True,225,279,54.0,True,3.0
20234194,2023-09-05,Tuesday,20042,143,1021,6.0,76.69,0.0,460.14,0.0,460.14,45.04,189.9,0.4127004824618594,Digital Wallet,Online,False,None,Cloudy,False,162,False,364,475,111.0,False,5.0
20234195,2023-01-11,Wednesday,20611,133,1006,2.0,278.61,0.25,557.22,139.305,417.915,163.55,90.815,0.21730495435674718,Gift Card,In-Store,True,Clearance,Windy,False,6,True,230,248,18.0,False,5.0
20234196,2023-02-12,Sunday,21084,111,1019,1.0,1341.66,0.0,1341.66,0.0,1341.66,867.36,474.3,0.35351728455793574,Debit Card,Mobile App,False,None,Snowy,False,469,False,92,111,19.0,False,5.0
20234197,2024-01-10,Wednesday,20602,148,1047,3.0,382.64,0.19,1147.92,218.1048,929.8152,273.17,110.3052,0.11863131512584438,Gift Card,In-Store,True,Percentage Discount,Cloudy,False,372,False,134,86,-48.0,False,5.0
20234198,2023-12-06,Wednesday,20583,120,1002,2.0,1312.55,0.35,2625.1,918.785,1706.315,759.3,187.715,0.11001192628559213,Digital Wallet,Mobile App,True,Bundle Deal,Rainy,False,352,False,306,432,126.0,False,5.0
20234199,2024-12-27,Friday,20569,115,1048,6.0,292.3,0.0,1753.8,0.0,1753.8,184.37,647.58,0.36924392747177565,Credit Card,Mobile App,False,None,Cloudy,False,176,False,383,302,-81.0,False,2.0
20234200,2024-10-12,Saturday,20874,133,1050,1.0,1231.02,0.0,1231.02,0.0,1231.02,742.28,488.74,0.39702035710224043,Digital Wallet,Online,False,None,Sunny,False,378,False,104,123,19.0,False,1.0
20234201,2024-08-11,Sunday,20479,112,1017,3.0,135.5,0.27,406.5,109.755,296.745,93.3,16.845,0.05676591012485476,Cash,Online,True,BOGO,Sunny,False,51,False,64,85,21.0,False,3.0
20234202,2023-04-30,Sunday,20785,129,1019,2.0,1359.52,0.25,2719.04,679.76,2039.28,867.36,304.56,0.14934682829233845,Debit Card,Curbside Pickup,True,Loyalty Reward,Rainy,False,130,False,464,641,177.0,False,2.0
20234203,2023-02-12,Sunday,20241,131,1011,1.0,896.82,0.0,896.82,0.0,896.82,618.67,278.15,0.3101514239200732,Gift Card,Online,False,None,Cloudy,False,485,False,445,296,-149.0,False,2.0
20234204,2024-05-15,Wednesday,20043,150,1027,2.0,57.86,0.34,115.72,39.3448,76.3752,37.44,1.4952,0.01957703547748498,Credit Card,Mobile App,True,Manufacturer Rebate,Windy,False,447,False,64,75,11.0,False,4.0
20234205,2024-11-28,Thursday,20816,101,1007,1.0,1024.59,0.0,1024.59,0.0,1024.59,637.12,387.47,0.37817078050732483,Debit Card,Mobile App,False,None,Cloudy,True,317,False,351,226,-125.0,True,4.0
20234206,2023-08-17,Thursday,21189,144,1046,1.0,566.85,0.23,566.85,130.3755,436.4745,345.33,91.1445,0.20881975922992074,Cash,In-Store,True,Bundle Deal,Cloudy,False,516,False,129,134,5.0,False,2.0
20234207,2023-11-21,Tuesday,20572,148,1047,4.0,386.39,0.0,1545.56,0.0,1545.56,273.17,452.88,0.29302000569372905,Cash,Mobile App,False,None,Rainy,False,357,False,79,53,-26.0,False,1.0
20234208,2023-10-27,Friday,20176,144,1009,2.0,1812.98,0.0,3625.96,0.0,3625.96,1077.88,1470.2,0.4054650354664695,EBT,Mobile App,False,None,Sunny,False,18,True,370,306,-64.0,False,4.0
20234209,2023-12-05,Tuesday,21172,125,1042,4.0,421.69,0.11,1686.76,185.5436,1501.2164,233.03,569.0964,0.3790901831341571,Gift Card,Curbside Pickup,True,Clearance,Windy,False,428,False,130,146,16.0,False,4.0
20234210,2024-05-20,Monday,21000,132,1028,3.0,773.04,0.0,2319.12,0.0,2319.12,494.36,836.04,0.3604988098934078,Cash,Online,False,None,Windy,False,50,False,396,405,9.0,True,5.0
20234211,2024-12-25,Wednesday,20170,133,1006,5.0,260.98,0.22,1304.9,287.078,1017.822,163.55,200.072,0.19656875170707658,Debit Card,Curbside Pickup,True,Percentage Discount,Cloudy,True,423,False,323,405,82.0,False,5.0
20234212,2024-04-09,Tuesday,21086,107,1045,5.0,225.76,0.0,1128.8,0.0,1128.8,159.92,329.2,0.29163713678242387,Cash,In-Store,False,None,Windy,False,463,False,225,201,-24.0,False,1.0
20234213,2023-12-07,Thursday,21101,145,1029,2.0,2226.76,0.0,4453.52,0.0,4453.52,1429.66,1594.2,0.3579640374355566,Debit Card,Online,False,None,Sunny,False,500,False,86,80,-6.0,False,3.0
20234214,2023-04-07,Friday,20488,131,1048,6.0,270.4,0.0,1622.4,0.0,1622.4,184.37,516.18,0.3181582840236686,Gift Card,In-Store,False,None,Sunny,False,90,False,121,157,36.0,False,1.0
20234215,2024-01-29,Monday,20331,149,1027,4.0,60.41,0.12,241.64,28.9968,212.6432,37.44,62.8832,0.2957216595687047,Credit Card,Curbside Pickup,True,Percentage Discount,Snowy,False,508,False,38,29,-9.0,False,4.0
20234216,2023-02-05,Sunday,20981,139,1029,2.0,2250.65,0.11,4501.3,495.143,4006.157,1429.66,1146.837,0.286268611040456,Cash,Mobile App,True,BOGO,Cloudy,False,46,False,391,272,-119.0,False,3.0
20234217,2024-11-14,Thursday,20487,129,1018,3.0,356.08,0.15,1068.24,160.236,908.004,198.14,313.584,0.3453553068048159,Credit Card,Curbside Pickup,True,Bundle Deal,Snowy,False,350,False,411,319,-92.0,False,1.0
20234218,2023-09-06,Wednesday,20003,122,1031,3.0,515.24,0.0,1545.72,0.0,1545.72,402.09,339.45,0.21960639701886503,Gift Card,In-Store,False,None,Stormy,False,434,False,268,335,67.0,False,1.0
20234219,2023-10-28,Saturday,20308,104,1008,2.0,663.77,0.0,1327.54,0.0,1327.54,397.4,532.74,0.4012986426021062,Cash,Online,False,None,Cloudy,False,339,False,112,106,-6.0,False,5.0
20234220,2023-04-14,Friday,20106,118,1009,1.0,1759.31,0.3,1759.31,527.793,1231.517,1077.88,153.637,0.12475426648596791,Credit Card,Mobile App,True,Manufacturer Rebate,Cloudy,False,264,False,340,265,-75.0,False,2.0
20234221,2024-02-04,Sunday,20518,105,1029,2.0,2289.03,0.0,4578.06,0.0,4578.06,1429.66,1718.74,0.37542976719396426,Cash,In-Store,False,None,Sunny,False,423,False,404,306,-98.0,False,4.0
20234222,2023-08-14,Monday,20851,147,1047,2.0,382.94,0.15,765.88,114.882,650.998,273.17,104.658,0.16076547086166165,Gift Card,In-Store,True,Clearance,Stormy,False,517,False,102,141,39.0,False,2.0
20234223,2023-12-24,Sunday,20411,134,1017,6.0,127.96,0.0,767.76,0.0,767.76,93.3,207.96,0.2708658955923727,Credit Card,Curbside Pickup,False,None,Stormy,True,281,False,81,73,-8.0,True,2.0
20234224,2024-12-23,Monday,20912,139,1039,2.0,96.89,0.0,193.78,0.0,193.78,71.53,50.72,0.26174011765920113,EBT,In-Store,False,None,Cloudy,False,221,False,199,183,-16.0,False,2.0
20234225,2023-02-24,Friday,20095,112,1004,3.0,655.6,0.0,1966.8,0.0,1966.8,445.03,631.71,0.3211866992068335,Digital Wallet,Online,False,None,Stormy,False,250,False,207,154,-53.0,False,2.0
20234226,2024-01-25,Thursday,20793,121,1014,3.0,231.12,0.0,693.36,0.0,693.36,172.18,176.82,0.25501903772931817,EBT,Online,False,None,Windy,False,159,False,38,28,-10.0,True,1.0
20234227,2024-12-10,Tuesday,20720,147,1037,2.0,375.33,0.0,750.66,0.0,750.66,270.26,210.14,0.27994031918578316,EBT,Curbside Pickup,False,None,Sunny,False,7,True,207,218,11.0,False,4.0
20234228,2024-11-30,Saturday,20558,126,1012,6.0,239.56,0.0,1437.36,0.0,1437.36,173.37,397.14,0.2762982133912173,Gift Card,Mobile App,False,None,Cloudy,False,508,False,451,281,-170.0,False,2.0
20234229,2023-03-25,Saturday,20326,109,1050,2.0,1227.79,0.26,2455.58,638.4508,1817.1292,742.28,332.5692,0.18301901702971915,Cash,Online,True,Bundle Deal,Stormy,False,483,False,157,99,-58.0,False,5.0
20234230,2023-05-03,Wednesday,20217,139,1017,4.0,126.73,0.0,506.92,0.0,506.92,93.3,133.72,0.2637891580525527,Digital Wallet,Online,False,None,Sunny,False,3,True,175,223,48.0,False,3.0
20234231,2023-12-18,Monday,20851,147,1046,4.0,513.99,0.0,2055.96,0.0,2055.96,345.33,674.64,0.32813867974085104,Debit Card,Curbside Pickup,False,None,Stormy,False,479,False,166,153,-13.0,False,4.0
20234232,2023-04-01,Saturday,21167,146,1005,1.0,1199.61,0.35,1199.61,419.8635,779.7465,774.22,5.5265,0.00708755986721318,Debit Card,Curbside Pickup,True,Bundle Deal,Windy,False,360,False,74,80,6.0,True,2.0
20234233,2024-11-09,Saturday,20109,148,1001,1.0,656.14,0.0,656.14,0.0,656.14,419.73,236.41,0.3603042033712317,Debit Card,Online,False,None,Rainy,False,300,False,476,292,-184.0,False,3.0
20234234,2023-10-15,Sunday,20189,134,1005,2.0,1119.1,0.0,2238.2,0.0,2238.2,774.22,689.76,0.30817621302832626,Gift Card,Mobile App,False,None,Stormy,False,108,False,421,265,-156.0,False,4.0
20234235,2024-12-31,Tuesday,21030,104,1033,1.0,812.06,0.19,812.06,154.2914,657.7686,465.85,191.9186,0.2917722129028354,Gift Card,Mobile App,True,Percentage Discount,Windy,True,427,False,120,165,45.0,False,1.0
20234236,2023-11-27,Monday,20022,122,1049,7.0,163.87,0.0,1147.09,0.0,1147.09,117.26,326.27,0.2844327820833588,Cash,Curbside Pickup,False,None,Windy,False,114,False,343,289,-54.0,False,5.0
20234237,2023-11-08,Wednesday,20473,101,1033,2.0,858.43,0.0,1716.86,0.0,1716.86,465.85,785.16,0.4573232529152056,Credit Card,Online,False,None,Rainy,False,93,False,210,249,39.0,False,1.0
20234238,2024-02-01,Thursday,20213,143,1042,2.0,411.1,0.09,822.2,73.998,748.202,233.03,282.142,0.3770933517953708,Cash,Curbside Pickup,True,BOGO,Windy,False,77,False,119,120,1.0,False,5.0
20234239,2023-08-17,Thursday,20653,130,1018,2.0,367.26,0.0,734.52,0.0,734.52,198.14,338.24,0.46049120514077224,Debit Card,In-Store,False,None,Sunny,False,303,False,318,195,-123.0,False,1.0
20234240,2024-10-22,Tuesday,20507,118,1008,1.0,666.98,0.24,666.98,160.0752,506.9048,397.4,109.5048,0.21602636234653932,Cash,Online,True,Manufacturer Rebate,Rainy,False,463,False,453,378,-75.0,False,1.0
20234241,2023-11-06,Monday,20281,117,1011,2.0,938.01,0.14,1876.02,262.6428,1613.3772,618.67,376.0372,0.2330745717740402,Cash,Curbside Pickup,True,Manufacturer Rebate,Cloudy,False,160,False,382,487,105.0,False,2.0
20234242,2023-12-26,Tuesday,20296,126,1027,4.0,56.37,0.08,225.48,18.0384,207.4416,37.44,57.6816,0.2780618737996622,Debit Card,Curbside Pickup,True,Percentage Discount,Rainy,False,198,False,407,324,-83.0,False,2.0
20234243,2023-12-14,Thursday,21012,125,1011,2.0,862.57,0.12,1725.14,207.0168,1518.1232,618.67,280.7832,0.18495415918813446,Credit Card,Mobile App,True,Clearance,Cloudy,False,134,False,356,364,8.0,False,5.0
20234244,2024-02-07,Wednesday,20932,137,1022,2.0,330.26,0.34,660.52,224.5768,435.9432,187.99,59.9632,0.13754819435192459,Digital Wallet,Mobile App,True,BOGO,Cloudy,False,269,False,31,30,-1.0,False,1.0
20234245,2023-03-09,Thursday,20695,134,1042,4.0,437.18,0.0,1748.72,0.0,1748.72,233.03,816.6,0.466970126721259,Credit Card,Mobile App,False,None,Snowy,False,470,False,321,387,66.0,False,2.0
20234246,2023-11-10,Friday,20166,103,1021,3.0,83.65,0.15,250.95,37.6425,213.3075,45.04,78.1875,0.3665482929573503,EBT,Online,True,Clearance,Cloudy,False,224,False,40,24,-16.0,False,3.0
20234247,2024-01-30,Tuesday,20960,140,1007,1.0,1035.65,0.0,1035.65,0.0,1035.65,637.12,398.53,0.3848114710568243,Credit Card,In-Store,False,None,Sunny,False,343,False,467,592,125.0,False,5.0
20234248,2023-09-11,Monday,20236,144,1011,1.0,935.18,0.26,935.18,243.1468,692.0332,618.67,73.3632,0.10601109888947526,Debit Card,Online,True,Clearance,Cloudy,False,146,False,411,429,18.0,False,5.0
20234249,2024-11-13,Wednesday,20939,124,1002,1.0,1209.45,0.0,1209.45,0.0,1209.45,759.3,450.15,0.37219397246682384,EBT,Mobile App,False,None,Cloudy,False,209,False,62,69,7.0,False,2.0
20234250,2023-03-26,Sunday,20417,130,1040,6.0,86.88,0.0,521.28,0.0,521.28,47.28,237.6,0.45580110497237564,Gift Card,Online,False,None,Snowy,False,117,False,131,119,-12.0,False,4.0
20234251,2024-12-15,Sunday,20755,114,1012,3.0,240.18,0.0,720.54,0.0,720.54,173.37,200.43,0.278166375218586,Cash,Online,False,None,Rainy,False,279,False,147,124,-23.0,False,5.0
20234252,2023-05-19,Friday,20507,118,1049,4.0,155.16,0.0,620.64,0.0,620.64,117.26,151.6,0.24426398556328946,Digital Wallet,Curbside Pickup,False,None,Snowy,False,365,False,146,145,-1.0,False,2.0
20234253,2023-11-03,Friday,20693,129,1018,3.0,325.97,0.0,977.91,0.0,977.91,198.14,383.49,0.39215265208454775,Cash,Mobile App,False,None,Cloudy,False,300,False,311,393,82.0,False,2.0
20234254,2023-12-15,Friday,21126,128,1024,4.0,516.95,0.0,2067.8,0.0,2067.8,283.62,933.32,0.45135893219847184,EBT,Mobile App,False,None,Sunny,False,404,False,405,584,179.0,False,2.0
20234255,2024-11-24,Sunday,20582,102,1026,4.0,224.36,0.0,897.44,0.0,897.44,130.01,377.4,0.4205295061508291,Debit Card,Online,False,None,Sunny,False,366,False,58,63,5.0,False,2.0
20234256,2023-12-08,Friday,20466,108,1002,2.0,1350.4,0.32,2700.8,864.256,1836.544,759.3,317.944,0.17312081823250636,Gift Card,In-Store,True,Manufacturer Rebate,Sunny,False,358,False,459,659,200.0,False,5.0
20234257,2024-04-15,Monday,20631,113,1037,2.0,405.93,0.0,811.86,0.0,811.86,270.26,271.34,0.33422018574631096,Debit Card,In-Store,False,None,Windy,False,464,False,185,223,38.0,False,3.0
20234258,2024-11-18,Monday,20252,104,1026,4.0,232.63,0.27,930.52,251.2404,679.2796,130.01,159.2396,0.23442423414452607,Debit Card,Curbside Pickup,True,Clearance,Sunny,False,295,False,203,168,-35.0,False,5.0
20234259,2023-10-13,Friday,20161,112,1028,2.0,801.4,0.0,1602.8,0.0,1602.8,494.36,614.08,0.38312952333416517,Cash,Online,False,None,Snowy,False,86,False,183,184,1.0,False,3.0
20234260,2023-07-19,Wednesday,20691,113,1021,3.0,75.53,0.0,226.59,0.0,226.59,45.04,91.47,0.40368065669270486,Debit Card,Mobile App,False,None,Rainy,False,85,False,141,201,60.0,False,2.0
20234261,2023-11-10,Friday,20085,136,1035,3.0,745.49,0.0,2236.47,0.0,2236.47,403.28,1026.63,0.45904036271445636,Cash,Online,False,None,Sunny,False,41,False,435,501,66.0,False,4.0
20234262,2024-11-07,Thursday,20125,124,1005,1.0,1098.16,0.18,1098.16,197.6688,900.4912,774.22,126.2712,0.14022480175264346,EBT,Curbside Pickup,True,BOGO,Windy,False,39,False,441,385,-56.0,False,4.0
20234263,2023-02-20,Monday,20193,106,1021,2.0,74.67,0.0,149.34,0.0,149.34,45.04,59.26,0.3968126422927548,Cash,Curbside Pickup,False,None,Cloudy,False,91,False,210,228,18.0,False,2.0
20234264,2023-11-29,Wednesday,20355,121,1021,3.0,76.13,0.0,228.39,0.0,228.39,45.04,93.27,0.408380401944043,Gift Card,In-Store,False,None,Sunny,True,363,False,59,36,-23.0,False,1.0
20234265,2024-08-30,Friday,20701,125,1037,4.0,396.83,0.0,1587.32,0.0,1587.32,270.26,506.28,0.31895270014867827,EBT,In-Store,False,None,Sunny,False,256,False,107,106,-1.0,False,4.0
20234266,2024-05-04,Saturday,20128,129,1002,1.0,1309.2,0.0,1309.2,0.0,1309.2,759.3,549.9,0.4200274977085243,EBT,Online,False,None,Snowy,False,474,False,455,590,135.0,False,5.0
20234267,2024-03-14,Thursday,20790,143,1006,6.0,271.55,0.0,1629.3,0.0,1629.3,163.55,648.0,0.3977168109003867,Debit Card,Curbside Pickup,False,None,Sunny,False,504,False,189,212,23.0,False,1.0
20234268,2023-10-02,Monday,20152,109,1013,6.0,175.64,0.0,1053.84,0.0,1053.84,118.75,341.34,0.3239011614666362,Credit Card,In-Store,False,None,Stormy,False,206,False,101,66,-35.0,False,4.0
20234269,2023-01-15,Sunday,20663,141,1014,4.0,227.99,0.0,911.96,0.0,911.96,172.18,223.24,0.2447914382209746,Credit Card,In-Store,False,None,Cloudy,False,393,False,215,239,24.0,True,5.0
20234270,2023-02-09,Thursday,20411,134,1044,1.0,72.04,0.19,72.04,13.6876,58.3524,46.06,12.2924,0.21065800207018048,Cash,Online,True,Loyalty Reward,Cloudy,False,162,False,145,171,26.0,False,3.0
20234271,2023-10-24,Tuesday,20266,132,1032,2.0,985.6,0.0,1971.2,0.0,1971.2,572.31,826.58,0.41932832792207797,Gift Card,Curbside Pickup,False,None,Sunny,False,218,False,119,95,-24.0,False,3.0
20234272,2023-03-15,Wednesday,20949,121,1033,1.0,811.01,0.0,811.01,0.0,811.01,465.85,345.16,0.42559277937386714,Credit Card,Mobile App,False,None,Sunny,False,209,False,355,295,-60.0,False,4.0
20234273,2024-12-17,Tuesday,20397,135,1013,4.0,170.79,0.0,683.16,0.0,683.16,118.75,208.16,0.30470168042625445,Gift Card,In-Store,False,None,Sunny,False,211,False,376,537,161.0,False,3.0
20234274,2024-12-03,Tuesday,20855,122,1007,1.0,1046.51,0.0,1046.51,0.0,1046.51,637.12,409.39,0.3911954974152182,Gift Card,In-Store,False,None,Cloudy,False,49,False,380,386,6.0,False,2.0
20234275,2023-12-11,Monday,20852,136,1048,2.0,265.58,0.0,531.16,0.0,531.16,184.37,162.42,0.305783568039762,Gift Card,In-Store,False,None,Sunny,False,162,False,312,303,-9.0,False,3.0
20234276,2024-02-19,Monday,20179,109,1048,4.0,286.3,0.0,1145.2,0.0,1145.2,184.37,407.72,0.35602514844568633,Debit Card,Online,False,None,Windy,False,252,False,61,73,12.0,False,1.0
20234277,2023-04-23,Sunday,20493,144,1011,1.0,928.72,0.0,928.72,0.0,928.72,618.67,310.05,0.33384658454647265,Gift Card,Curbside Pickup,False,None,Rainy,False,103,False,386,254,-132.0,True,3.0
20234278,2023-10-16,Monday,20564,115,1029,1.0,2065.3,0.0,2065.3,0.0,2065.3,1429.66,635.64,0.30777126809664457,Digital Wallet,In-Store,False,None,Sunny,False,284,False,214,277,63.0,False,4.0
20234279,2023-01-31,Tuesday,20709,115,1005,2.0,1187.91,0.0,2375.82,0.0,2375.82,774.22,827.38,0.34825028832150584,Credit Card,In-Store,False,None,Rainy,False,331,False,222,239,17.0,False,2.0
20234280,2023-10-20,Friday,20792,104,1039,1.0,102.56,0.0,102.56,0.0,102.56,71.53,31.03,0.30255460218408736,Digital Wallet,Online,False,None,Rainy,False,281,False,21,20,-1.0,False,5.0
20234281,2024-12-03,Tuesday,21166,109,1036,1.0,1130.05,0.0,1130.05,0.0,1130.05,738.32,391.73,0.34664837839033663,Cash,Online,False,None,Sunny,False,9,True,45,46,1.0,False,5.0
20234282,2024-11-28,Thursday,20906,132,1027,2.0,60.33,0.06,120.66,7.2396,113.4204,37.44,38.5404,0.3398013055852387,Credit Card,Online,True,Loyalty Reward,Sunny,True,194,False,297,423,126.0,False,5.0
20234283,2024-11-05,Tuesday,20382,126,1035,2.0,770.01,0.0,1540.02,0.0,1540.02,403.28,733.46,0.47626654199296115,EBT,Online,False,None,Sunny,False,248,False,296,367,71.0,False,2.0
20234284,2023-08-29,Tuesday,20462,139,1017,1.0,128.11,0.3,128.11,38.433,89.677,93.3,-3.623,-0.04040054863565881,Credit Card,Online,True,Loyalty Reward,Sunny,False,321,False,297,282,-15.0,False,2.0
20234285,2023-01-26,Thursday,20062,142,1030,1.0,938.36,0.06,938.36,56.3016,882.0584,569.19,312.8684,0.35470259112095065,Cash,Online,True,Manufacturer Rebate,Sunny,False,384,False,199,170,-29.0,False,2.0
20234286,2023-06-14,Wednesday,20258,123,1036,2.0,1035.17,0.08,2070.34,165.6272,1904.7128,738.32,428.0728,0.2247440139006784,Cash,Curbside Pickup,True,BOGO,Stormy,False,16,True,236,267,31.0,False,3.0
20234287,2024-10-23,Wednesday,20137,111,1023,4.0,134.65,0.0,538.6,0.0,538.6,70.74,255.64,0.47463795024136657,Cash,Mobile App,False,None,Windy,False,87,False,150,162,12.0,False,2.0
20234288,2023-12-10,Sunday,21009,111,1027,1.0,60.45,0.12,60.45,7.254,53.196,37.44,15.756,0.2961876832844576,Gift Card,Online,True,Loyalty Reward,Sunny,False,423,False,348,448,100.0,False,4.0
20234289,2024-06-24,Monday,20780,110,1018,3.0,333.12,0.0,999.36,0.0,999.36,198.14,404.94,0.4051993275696446,Credit Card,In-Store,False,None,Cloudy,False,239,False,172,117,-55.0,False,4.0
20234290,2023-03-03,Friday,20382,126,1033,2.0,816.08,0.32,1632.16,522.2912,1109.8688,465.85,178.1688,0.1605314069554889,Credit Card,Mobile App,True,Bundle Deal,Snowy,False,92,False,437,528,91.0,False,4.0
20234291,2024-09-03,Tuesday,21195,101,1041,3.0,647.11,0.23,1941.33,446.5059,1494.8241,486.05,36.6741,0.024534057217835685,Digital Wallet,Curbside Pickup,True,Manufacturer Rebate,Stormy,False,145,False,270,355,85.0,False,5.0
20234292,2024-03-20,Wednesday,20378,103,1004,1.0,710.53,0.0,710.53,0.0,710.53,445.03,265.5,0.37366472914584886,EBT,Mobile App,False,None,Sunny,False,97,False,322,399,77.0,False,5.0
20234293,2023-12-07,Thursday,21006,116,1031,1.0,528.33,0.0,528.33,0.0,528.33,402.09,126.24,0.2389415706092784,EBT,Online,False,None,Snowy,False,517,False,295,232,-63.0,False,3.0
20234294,2023-11-05,Sunday,20158,128,1013,1.0,186.1,0.0,186.1,0.0,186.1,118.75,67.35,0.361902203116604,Gift Card,Online,False,None,Snowy,False,384,False,474,656,182.0,False,1.0
20234295,2024-02-17,Saturday,20244,115,1042,4.0,449.08,0.0,1796.32,0.0,1796.32,233.03,864.2,0.4810946824619221,EBT,Online,False,None,Stormy,False,492,False,129,106,-23.0,False,3.0
20234296,2024-06-04,Tuesday,20653,130,1015,4.0,249.95,0.0,999.8,0.0,999.8,149.38,402.28,0.4023604720944189,EBT,Online,False,None,Sunny,False,341,False,370,528,158.0,False,3.0
20234297,2024-11-22,Friday,20974,125,1002,2.0,1244.82,0.0,2489.64,0.0,2489.64,759.3,971.04,0.39003229382561333,Digital Wallet,Mobile App,False,None,Stormy,False,65,False,459,458,-1.0,False,4.0
20234298,2023-10-14,Saturday,20297,124,1042,2.0,422.78,0.0,845.56,0.0,845.56,233.03,379.5,0.44881498651781065,Debit Card,Online,False,None,Windy,False,400,False,260,250,-10.0,False,4.0
20234299,2023-02-26,Sunday,21143,144,1003,1.0,1922.66,0.0,1922.66,0.0,1922.66,1394.94,527.72,0.2744739059428084,EBT,In-Store,False,None,Windy,False,47,False,201,198,-3.0,False,4.0
20234300,2023-10-02,Monday,20394,123,1037,2.0,413.62,0.29,827.24,239.8996,587.3404,270.26,46.8204,0.07971595347433968,Debit Card,Mobile App,True,Loyalty Reward,Sunny,False,438,False,306,410,104.0,False,4.0
20234301,2024-12-22,Sunday,21176,150,1020,4.0,358.8,0.0,1435.2,0.0,1435.2,190.07,674.92,0.47026198439241923,Digital Wallet,In-Store,False,None,Windy,False,10,True,271,266,-5.0,False,2.0
20234302,2023-09-30,Saturday,20022,122,1031,4.0,539.19,0.17,2156.76,366.6492,1790.1108,402.09,181.7508,0.10153047509684889,Digital Wallet,Online,True,Clearance,Windy,False,130,False,226,316,90.0,False,4.0
20234303,2024-11-05,Tuesday,21124,125,1036,1.0,1131.67,0.0,1131.67,0.0,1131.67,738.32,393.35,0.34758365954739456,Credit Card,Mobile App,False,None,Cloudy,False,469,False,222,233,11.0,False,1.0
20234304,2023-04-02,Sunday,20350,102,1043,1.0,117.38,0.0,117.38,0.0,117.38,75.88,41.5,0.3535525643210087,Cash,In-Store,False,None,Rainy,False,278,False,353,275,-78.0,False,3.0
20234305,2024-12-09,Monday,20629,125,1016,3.0,383.27,0.0,1149.81,0.0,1149.81,263.25,360.06,0.3131473895687113,Gift Card,Curbside Pickup,False,None,Windy,False,107,False,420,338,-82.0,False,2.0
20234306,2023-10-03,Tuesday,20981,139,1029,2.0,2297.69,0.0,4595.38,0.0,4595.38,1429.66,1736.06,0.3777837741383737,Gift Card,In-Store,False,None,Sunny,False,290,False,88,85,-3.0,True,3.0
20234307,2024-07-18,Thursday,20959,102,1010,1.0,417.75,0.0,417.75,0.0,417.75,261.42,156.33,0.37421903052064626,Gift Card,Mobile App,False,None,Cloudy,False,374,False,164,100,-64.0,False,5.0
20234308,2024-03-09,Saturday,20554,128,1020,3.0,357.43,0.19,1072.29,203.7351,868.5549,190.07,298.3449,0.3434957306671115,Debit Card,Curbside Pickup,True,Percentage Discount,Cloudy,False,441,False,176,245,69.0,True,1.0
20234309,2023-12-08,Friday,20326,109,1036,2.0,1128.1,0.0,2256.2,0.0,2256.2,738.32,779.56,0.34551901427178433,Cash,In-Store,False,None,Cloudy,False,486,False,469,338,-131.0,False,1.0
20234310,2023-02-19,Sunday,21072,124,1047,3.0,418.1,0.0,1254.3,0.0,1254.3,273.17,434.79,0.3466395599138963,Gift Card,Mobile App,False,None,Stormy,False,346,False,212,272,60.0,False,2.0
20234311,2024-12-23,Monday,20965,114,1008,3.0,651.77,0.0,1955.31,0.0,1955.31,397.4,763.11,0.3902757107568622,Cash,Curbside Pickup,False,None,Cloudy,False,366,False,23,25,2.0,False,3.0
20234312,2024-04-11,Thursday,21195,121,1017,6.0,136.25,0.27,817.5,220.725,596.775,93.3,36.975,0.06195802438104817,Digital Wallet,Mobile App,True,BOGO,Sunny,False,242,False,297,352,55.0,False,4.0
20234313,2024-10-13,Sunday,20950,148,1013,7.0,185.17,0.26,1296.19,337.0094,959.1806,118.75,127.9306,0.13337488268632613,Gift Card,Curbside Pickup,True,BOGO,Snowy,False,203,False,313,388,75.0,False,2.0
20234314,2023-02-26,Sunday,20397,135,1034,2.0,1533.84,0.0,3067.68,0.0,3067.68,1145.68,776.32,0.2530642048714337,Digital Wallet,Online,False,None,Stormy,False,439,False,416,328,-88.0,False,5.0
20234315,2023-02-06,Monday,20103,107,1020,3.0,328.8,0.35,986.4,345.24,641.16,190.07,70.95,0.11065880591428043,Credit Card,Curbside Pickup,True,Clearance,Cloudy,False,387,False,340,217,-123.0,False,2.0
20234316,2023-12-10,Sunday,20740,148,1047,4.0,405.73,0.0,1622.92,0.0,1622.92,273.17,530.24,0.3267197397283908,Cash,In-Store,False,None,Rainy,False,150,False,142,102,-40.0,False,5.0
20234317,2023-12-28,Thursday,20294,148,1047,3.0,390.97,0.0,1172.91,0.0,1172.91,273.17,353.4,0.3013018901706014,Debit Card,Online,False,None,Windy,False,235,False,321,462,141.0,True,5.0
20234318,2024-11-16,Saturday,20608,109,1048,4.0,266.76,0.0,1067.04,0.0,1067.04,184.37,329.56,0.3088544009596641,Digital Wallet,Curbside Pickup,False,None,Rainy,False,126,False,289,194,-95.0,False,1.0
20234319,2024-03-02,Saturday,21141,121,1029,2.0,2307.33,0.0,4614.66,0.0,4614.66,1429.66,1755.34,0.3803833868584034,Digital Wallet,In-Store,False,None,Stormy,False,83,False,450,493,43.0,False,4.0
20234320,2023-03-29,Wednesday,20985,138,1037,4.0,395.36,0.0,1581.44,0.0,1581.44,270.26,500.4,0.31642047753945773,Cash,Online,False,None,Rainy,False,97,False,433,574,141.0,False,2.0
20234321,2024-11-10,Sunday,20481,127,1001,1.0,626.37,0.14,626.37,87.6918,538.6782,419.73,118.9482,0.2208149503729684,Credit Card,Mobile App,True,BOGO,Cloudy,False,151,False,141,86,-55.0,True,4.0
20234322,2023-11-30,Thursday,20556,129,1036,2.0,1108.99,0.0,2217.98,0.0,2217.98,738.32,741.34,0.3342410661953669,Debit Card,Mobile App,False,None,Rainy,False,298,False,297,357,60.0,False,5.0
20234323,2024-10-06,Sunday,21068,103,1046,2.0,522.61,0.33,1045.22,344.9226,700.2974,345.33,9.6374,0.01376186745802563,Gift Card,Mobile App,True,Loyalty Reward,Stormy,False,109,False,311,406,95.0,False,5.0
20234324,2023-05-26,Friday,20157,118,1021,7.0,76.91,0.0,538.37,0.0,538.37,45.04,223.09,0.41438044467559493,EBT,In-Store,False,None,Cloudy,False,33,False,221,239,18.0,False,1.0
20234325,2024-12-12,Thursday,20219,121,1037,4.0,393.67,0.0,1574.68,0.0,1574.68,270.26,493.64,0.31348591459852165,Debit Card,Curbside Pickup,False,None,Stormy,False,270,False,296,218,-78.0,False,3.0
20234326,2024-12-28,Saturday,20799,119,1012,5.0,248.72,0.13,1243.6,161.668,1081.932,173.37,215.082,0.19879437894433274,Digital Wallet,In-Store,True,Loyalty Reward,Sunny,False,342,False,144,200,56.0,False,5.0
20234327,2024-03-19,Tuesday,20823,108,1034,1.0,1630.85,0.0,1630.85,0.0,1630.85,1145.68,485.17,0.29749517122972674,Digital Wallet,In-Store,False,None,Cloudy,False,77,False,337,254,-83.0,False,5.0
20234328,2023-05-08,Monday,21004,138,1027,3.0,58.41,0.11,175.23,19.2753,155.9547,37.44,43.6347,0.2797908623465661,Cash,Curbside Pickup,True,Loyalty Reward,Cloudy,False,87,False,80,83,3.0,False,5.0
20234329,2024-11-11,Monday,21181,109,1034,2.0,1551.01,0.25,3102.02,775.505,2326.515,1145.68,35.155,0.015110583856110856,Digital Wallet,Curbside Pickup,True,Percentage Discount,Cloudy,False,486,False,218,207,-11.0,False,1.0
20234330,2024-07-22,Monday,20495,115,1007,2.0,1096.09,0.25,2192.18,548.045,1644.135,637.12,369.895,0.2249784841269116,Credit Card,In-Store,True,Bundle Deal,Rainy,False,50,False,193,135,-58.0,False,4.0
20234331,2023-10-19,Thursday,20275,144,1023,6.0,132.36,0.0,794.16,0.0,794.16,70.74,369.72,0.46554850407978254,Digital Wallet,Mobile App,False,None,Windy,False,213,False,331,257,-74.0,False,2.0
20234332,2024-08-05,Monday,20648,106,1046,3.0,536.36,0.21,1609.08,337.9068,1271.1732,345.33,235.1832,0.1850127110923987,Credit Card,Mobile App,True,Percentage Discount,Windy,False,431,False,156,176,20.0,False,4.0
20234333,2024-02-28,Wednesday,21133,112,1045,1.0,216.03,0.0,216.03,0.0,216.03,159.92,56.11,0.25973244456788414,Cash,Curbside Pickup,False,None,Rainy,False,288,False,39,50,11.0,False,4.0
20234334,2023-12-17,Sunday,20830,134,1013,1.0,183.34,0.18,183.34,33.0012,150.3388,118.75,31.5888,0.21011741479910703,Cash,Curbside Pickup,True,Clearance,Sunny,False,309,False,464,454,-10.0,False,5.0
20234335,2023-10-20,Friday,21029,116,1044,6.0,67.85,0.0,407.1,0.0,407.1,46.06,130.74,0.32114959469417825,EBT,In-Store,False,None,Rainy,False,131,False,412,248,-164.0,False,4.0
20234336,2024-03-23,Saturday,20565,120,1032,1.0,970.2,0.29,970.2,281.358,688.842,572.31,116.532,0.16917086937207682,Gift Card,In-Store,True,Percentage Discount,Cloudy,False,282,False,399,377,-22.0,True,3.0
20234337,2024-12-13,Friday,20017,130,1021,3.0,80.74,0.0,242.22,0.0,242.22,45.04,107.1,0.4421600198166955,Digital Wallet,Curbside Pickup,False,None,Cloudy,False,202,False,224,206,-18.0,False,3.0
20234338,2024-12-29,Sunday,20510,109,1049,3.0,151.46,0.0,454.38,0.0,454.38,117.26,102.6,0.22580219199788715,Gift Card,Curbside Pickup,False,None,Sunny,False,274,False,250,193,-57.0,False,5.0
20234339,2023-04-11,Tuesday,21117,117,1008,1.0,649.65,0.0,649.65,0.0,649.65,397.4,252.25,0.38828600015392906,Cash,Curbside Pickup,False,None,Windy,False,168,False,256,173,-83.0,False,1.0
20234340,2024-11-23,Saturday,20329,149,1039,1.0,104.93,0.0,104.93,0.0,104.93,71.53,33.4,0.3183074430572763,Digital Wallet,Online,False,None,Windy,False,464,False,197,206,9.0,False,4.0
20234341,2024-09-23,Monday,20155,106,1041,3.0,641.26,0.21,1923.78,403.9938,1519.7862,486.05,61.6362,0.040555836077469265,EBT,In-Store,True,Loyalty Reward,Snowy,False,357,False,272,167,-105.0,False,5.0
20234342,2024-02-02,Friday,21060,138,1002,1.0,1280.95,0.0,1280.95,0.0,1280.95,759.3,521.65,0.4072368164253094,Credit Card,Online,False,None,Cloudy,False,394,False,348,221,-127.0,False,4.0
20234343,2023-02-10,Friday,20577,129,1006,7.0,267.56,0.2,1872.92,374.584,1498.336,163.55,353.486,0.23591904619524584,Debit Card,In-Store,True,Percentage Discount,Sunny,False,50,False,213,225,12.0,False,1.0
20234344,2023-06-22,Thursday,21182,132,1035,2.0,782.95,0.0,1565.9,0.0,1565.9,403.28,759.34,0.4849224088383678,EBT,Mobile App,False,None,Stormy,False,338,False,33,32,-1.0,False,2.0
20234345,2024-12-29,Sunday,21040,106,1045,4.0,235.03,0.0,940.12,0.0,940.12,159.92,300.44,0.31957622431179006,Debit Card,In-Store,False,None,Snowy,False,142,False,136,97,-39.0,False,1.0
20234346,2023-08-26,Saturday,21137,108,1048,4.0,276.68,0.0,1106.72,0.0,1106.72,184.37,369.24,0.3336345236374151,Cash,Online,False,None,Snowy,False,381,False,27,27,0.0,False,4.0
20234347,2023-02-06,Monday,20589,122,1042,2.0,414.06,0.0,828.12,0.0,828.12,233.03,362.06,0.43720716804327875,EBT,Mobile App,False,None,Windy,False,425,False,399,360,-39.0,False,4.0
20234348,2024-12-21,Saturday,20455,148,1022,3.0,337.4,0.0,1012.2,0.0,1012.2,187.99,448.23,0.44282750444576163,Cash,Curbside Pickup,False,None,Cloudy,False,46,False,241,184,-57.0,False,4.0
20234349,2024-12-01,Sunday,20369,102,1010,1.0,397.77,0.06,397.77,23.8662,373.9038,261.42,112.4838,0.3008362043926806,Gift Card,Mobile App,True,Clearance,Rainy,False,502,False,355,306,-49.0,False,2.0
20234350,2024-11-15,Friday,20673,126,1037,1.0,405.73,0.0,405.73,0.0,405.73,270.26,135.47,0.33389199714095585,EBT,In-Store,False,None,Sunny,False,495,False,275,172,-103.0,False,5.0
20234351,2024-03-13,Wednesday,20603,112,1037,1.0,404.22,0.0,404.22,0.0,404.22,270.26,133.96,0.3314036910593242,Debit Card,Curbside Pickup,False,None,Snowy,False,41,False,457,547,90.0,False,5.0
20234352,2023-06-15,Thursday,20104,114,1017,7.0,124.11,0.22,868.77,191.1294,677.6406,93.3,24.5406,0.036214772255381285,Gift Card,In-Store,True,Clearance,Windy,False,144,False,209,223,14.0,False,3.0
20234353,2023-03-15,Wednesday,20460,139,1019,1.0,1218.73,0.22,1218.73,268.1206,950.6094,867.36,83.2494,0.08757477045777165,Gift Card,Online,True,Manufacturer Rebate,Stormy,False,426,False,406,360,-46.0,False,5.0
20234354,2024-11-02,Saturday,20501,124,1026,6.0,223.58,0.0,1341.48,0.0,1341.48,130.01,561.42,0.41850791662939446,EBT,Curbside Pickup,False,None,Snowy,False,245,False,119,137,18.0,False,5.0
20234355,2023-10-18,Wednesday,20428,149,1035,4.0,741.3,0.0,2965.2,0.0,2965.2,403.28,1352.08,0.4559827330365574,Debit Card,Online,False,None,Cloudy,False,313,False,399,517,118.0,False,4.0
20234356,2023-12-17,Sunday,20706,119,1047,4.0,391.35,0.0,1565.4,0.0,1565.4,273.17,472.72,0.30198032451769513,Cash,Mobile App,False,None,Cloudy,False,29,False,308,374,66.0,False,5.0
20234357,2024-10-21,Monday,20388,107,1006,1.0,287.95,0.0,287.95,0.0,287.95,163.55,124.4,0.43201944782080215,Credit Card,Curbside Pickup,False,None,Sunny,False,93,False,52,55,3.0,False,5.0
20234358,2024-07-08,Monday,20649,147,1023,3.0,135.28,0.0,405.84,0.0,405.84,70.74,193.62,0.47708456534594923,Debit Card,In-Store,False,None,Cloudy,False,334,False,128,160,32.0,True,5.0
20234359,2023-09-30,Saturday,20276,127,1046,1.0,555.09,0.0,555.09,0.0,555.09,345.33,209.76,0.3778846673512404,Cash,In-Store,False,None,Cloudy,False,489,False,115,73,-42.0,False,1.0
20234360,2023-10-06,Friday,20766,143,1047,3.0,398.15,0.0,1194.45,0.0,1194.45,273.17,374.94,0.3139017958056008,Cash,Mobile App,False,None,Cloudy,False,194,False,222,212,-10.0,False,1.0
20234361,2023-01-03,Tuesday,20551,132,1011,1.0,872.76,0.0,872.76,0.0,872.76,618.67,254.09,0.2911338741463862,EBT,Mobile App,False,None,Snowy,False,118,False,74,99,25.0,False,2.0
20234362,2023-02-19,Sunday,20682,139,1044,1.0,73.02,0.0,73.02,0.0,73.02,46.06,26.96,0.3692139139961654,Digital Wallet,Curbside Pickup,False,None,Stormy,False,83,False,65,65,0.0,False,5.0
20234363,2024-05-13,Monday,20787,141,1030,2.0,940.88,0.32,1881.76,602.1632,1279.5968,569.19,141.2168,0.11036038852238449,Cash,In-Store,True,Bundle Deal,Windy,False,234,False,146,139,-7.0,False,2.0
20234364,2023-03-11,Saturday,20876,122,1002,2.0,1270.81,0.0,2541.62,0.0,2541.62,759.3,1023.02,0.4025070624247527,Cash,In-Store,False,None,Sunny,False,134,False,435,630,195.0,False,2.0
20234365,2023-09-09,Saturday,20548,125,1007,1.0,1136.52,0.0,1136.52,0.0,1136.52,637.12,499.4,0.43941153697251256,Cash,Online,False,None,Rainy,False,446,False,102,141,39.0,False,2.0
20234366,2024-11-04,Monday,20833,136,1039,3.0,104.42,0.19,313.26,59.5194,253.7406,71.53,39.1506,0.15429379452874312,Credit Card,In-Store,True,Clearance,Windy,False,418,False,247,229,-18.0,False,3.0
20234367,2023-12-14,Thursday,20716,113,1032,1.0,993.14,0.2,993.14,198.628,794.512,572.31,222.202,0.279671043357432,Credit Card,Curbside Pickup,True,Bundle Deal,Sunny,False,316,False,174,132,-42.0,False,2.0
20234368,2023-01-26,Thursday,20054,141,1046,4.0,535.65,0.0,2142.6,0.0,2142.6,345.33,761.28,0.35530663679641555,EBT,Online,False,None,Rainy,False,19,True,473,454,-19.0,False,5.0
20234369,2024-10-30,Wednesday,20729,135,1013,3.0,171.69,0.0,515.07,0.0,515.07,118.75,158.82,0.3083464383481856,Gift Card,Online,False,None,Sunny,False,164,False,422,508,86.0,False,1.0
20234370,2023-06-07,Wednesday,20304,136,1014,6.0,221.73,0.0,1330.38,0.0,1330.38,172.18,297.3,0.22346998601903215,EBT,In-Store,False,None,Stormy,False,334,False,393,409,16.0,False,2.0
20234371,2024-02-23,Friday,20941,121,1028,2.0,766.96,0.0,1533.92,0.0,1533.92,494.36,545.2,0.35542922707833524,Debit Card,Online,False,None,Cloudy,False,146,False,33,31,-2.0,False,3.0
20234372,2023-01-13,Friday,20658,124,1041,1.0,652.54,0.0,652.54,0.0,652.54,486.05,166.49,0.2551414472676004,Cash,In-Store,False,None,Cloudy,False,394,False,322,194,-128.0,False,5.0
20234373,2023-07-05,Wednesday,21057,105,1049,3.0,160.78,0.0,482.34,0.0,482.34,117.26,130.56,0.27068043288966287,Gift Card,In-Store,False,None,Windy,False,198,False,149,135,-14.0,True,5.0
20234374,2023-11-03,Friday,20715,119,1020,1.0,334.3,0.0,334.3,0.0,334.3,190.07,144.23,0.43143882740053846,Cash,Online,False,None,Cloudy,False,306,False,447,347,-100.0,False,2.0
20234375,2023-01-23,Monday,20753,110,1012,1.0,246.67,0.0,246.67,0.0,246.67,173.37,73.3,0.29715814651153355,Gift Card,In-Store,False,None,Cloudy,False,310,False,25,21,-4.0,False,1.0
20234376,2024-12-29,Sunday,20304,136,1013,2.0,169.94,0.06,339.88,20.3928,319.4872,118.75,81.9872,0.25662123552993665,Digital Wallet,Mobile App,True,Clearance,Sunny,False,511,False,435,370,-65.0,False,3.0
20234377,2023-06-13,Tuesday,20351,115,1030,1.0,917.02,0.0,917.02,0.0,917.02,569.19,347.83,0.3793047043684979,Credit Card,Online,False,None,Sunny,False,144,False,442,395,-47.0,False,4.0
20234378,2023-12-27,Wednesday,20753,110,1029,2.0,2144.7,0.0,4289.4,0.0,4289.4,1429.66,1430.08,0.3333986105282789,Digital Wallet,Online,False,None,Sunny,False,203,False,87,81,-6.0,False,5.0
20234379,2023-11-12,Sunday,20948,134,1014,3.0,226.4,0.0,679.2,0.0,679.2,172.18,162.66,0.23948763250883404,Gift Card,Mobile App,False,None,Sunny,False,170,False,270,276,6.0,False,4.0
20234380,2023-01-04,Wednesday,20633,135,1030,1.0,935.81,0.0,935.81,0.0,935.81,569.19,366.62,0.39176755965420323,Credit Card,Curbside Pickup,False,None,Windy,False,360,False,326,275,-51.0,False,1.0
20234381,2023-01-08,Sunday,21091,127,1042,2.0,443.64,0.3,887.28,266.184,621.096,233.03,155.036,0.2496168064196195,Debit Card,In-Store,True,BOGO,Rainy,False,444,False,354,313,-41.0,False,3.0
20234382,2024-07-21,Sunday,20649,147,1005,2.0,1124.52,0.0,2249.04,0.0,2249.04,774.22,700.6,0.3115106890050866,Credit Card,Mobile App,False,None,Windy,False,415,False,34,48,14.0,False,1.0
20234383,2023-10-09,Monday,20490,101,1016,2.0,358.98,0.16,717.96,114.8736,603.0864,263.25,76.5864,0.1269907595329625,Digital Wallet,Online,True,BOGO,Windy,False,437,False,306,190,-116.0,False,5.0
20234384,2023-09-24,Sunday,20864,133,1040,4.0,88.94,0.0,355.76,0.0,355.76,47.28,166.64,0.46840566674162354,Credit Card,Curbside Pickup,False,None,Cloudy,False,117,False,80,60,-20.0,False,4.0
20234385,2023-04-29,Saturday,20398,121,1049,5.0,149.62,0.0,748.1,0.0,748.1,117.26,161.8,0.2162812458227509,EBT,In-Store,False,None,Rainy,False,196,False,157,218,61.0,False,1.0
20234386,2023-09-17,Sunday,21043,146,1020,4.0,345.01,0.0,1380.04,0.0,1380.04,190.07,619.76,0.44908843221935596,Digital Wallet,Curbside Pickup,False,None,Snowy,False,124,False,63,87,24.0,False,4.0
20234387,2024-04-14,Sunday,20481,127,1022,2.0,321.5,0.32,643.0,205.76,437.24,187.99,61.26,0.14010612020858107,Cash,Online,True,Clearance,Snowy,False,35,False,435,557,122.0,False,2.0
20234388,2024-11-26,Tuesday,20850,102,1012,5.0,251.9,0.13,1259.5,163.735,1095.765,173.37,228.915,0.20890884450589303,Digital Wallet,In-Store,True,Percentage Discount,Rainy,False,23,True,472,435,-37.0,False,1.0
20234389,2024-05-01,Wednesday,20923,115,1005,2.0,1132.48,0.0,2264.96,0.0,2264.96,774.22,716.52,0.3163499576151455,Credit Card,Mobile App,False,None,Windy,False,438,False,241,180,-61.0,False,4.0
20234390,2024-03-24,Sunday,20206,126,1025,1.0,555.83,0.0,555.83,0.0,555.83,301.28,254.55,0.45796376589964566,Debit Card,In-Store,False,None,Snowy,False,349,False,479,417,-62.0,False,3.0
20234391,2023-11-29,Wednesday,20367,145,1020,3.0,358.25,0.0,1074.75,0.0,1074.75,190.07,504.54,0.46944870900209346,Debit Card,Online,False,None,Stormy,True,329,False,180,225,45.0,False,3.0
20234392,2024-09-26,Thursday,20372,117,1013,5.0,175.32,0.0,876.6,0.0,876.6,118.75,282.85,0.3226671229751311,Credit Card,Online,False,None,Stormy,False,170,False,440,454,14.0,False,5.0
20234393,2024-11-20,Wednesday,20362,132,1044,6.0,68.65,0.0,411.9,0.0,411.9,46.06,135.54,0.32906045156591407,Cash,Mobile App,False,None,Snowy,False,392,False,177,226,49.0,False,3.0
20234394,2024-04-01,Monday,21117,117,1048,5.0,283.55,0.0,1417.75,0.0,1417.75,184.37,495.9,0.34977958032093104,Cash,Online,False,None,Sunny,False,158,False,242,276,34.0,False,2.0
20234395,2023-08-29,Tuesday,21126,126,1043,2.0,114.47,0.24,228.94,54.9456,173.9944,75.88,22.2344,0.12778802076388662,Gift Card,Online,True,Manufacturer Rebate,Sunny,False,40,False,69,100,31.0,False,1.0
20234396,2024-07-16,Tuesday,21069,144,1022,1.0,315.5,0.0,315.5,0.0,315.5,187.99,127.51,0.40415213946117273,Cash,Online,False,None,Cloudy,False,140,False,135,122,-13.0,False,2.0
20234397,2024-09-27,Friday,20290,101,1003,1.0,1855.51,0.18,1855.51,333.9918,1521.5182,1394.94,126.5782,0.08319203805777671,Credit Card,Curbside Pickup,True,Bundle Deal,Rainy,False,510,False,194,270,76.0,False,4.0
20234398,2023-03-10,Friday,20289,112,1044,1.0,69.55,0.0,69.55,0.0,69.55,46.06,23.49,0.33774263120057507,Cash,In-Store,False,None,Sunny,False,129,False,344,475,131.0,False,2.0
20234399,2023-08-24,Thursday,20584,137,1038,2.0,155.77,0.0,311.54,0.0,311.54,88.81,133.92,0.4298645438787957,Cash,Curbside Pickup,False,None,Snowy,False,167,False,431,301,-130.0,False,3.0
20234400,2023-01-28,Saturday,20695,134,1009,1.0,1882.29,0.09,1882.29,169.4061,1712.8839,1077.88,635.0039,0.37072209038802917,Credit Card,Online,True,BOGO,Snowy,False,329,False,422,500,78.0,True,1.0
20234401,2023-03-18,Saturday,20568,108,1034,2.0,1616.75,0.0,3233.5,0.0,3233.5,1145.68,942.14,0.29136848616050715,Digital Wallet,Online,False,None,Rainy,False,3,True,81,109,28.0,False,1.0
20234402,2023-04-02,Sunday,20821,150,1018,1.0,327.61,0.0,327.61,0.0,327.61,198.14,129.47,0.39519550685266025,Digital Wallet,Mobile App,False,None,Cloudy,False,143,False,317,375,58.0,False,1.0
20234403,2024-01-08,Monday,20836,111,1035,2.0,749.04,0.0,1498.08,0.0,1498.08,403.28,691.52,0.46160418669229947,EBT,Curbside Pickup,False,None,Sunny,False,468,False,177,118,-59.0,False,3.0
20234404,2023-12-10,Sunday,20958,120,1015,1.0,255.84,0.05,255.84,12.792,243.048,149.38,93.668,0.38538889437477375,EBT,Curbside Pickup,True,Bundle Deal,Windy,False,256,False,284,383,99.0,False,5.0
20234405,2023-06-27,Tuesday,20847,104,1010,3.0,383.12,0.0,1149.36,0.0,1149.36,261.42,365.1,0.3176550428064315,Digital Wallet,Curbside Pickup,False,None,Sunny,False,116,False,467,470,3.0,False,4.0
20234406,2024-08-26,Monday,20736,138,1006,1.0,282.89,0.0,282.89,0.0,282.89,163.55,119.34,0.42186008695959554,Cash,Mobile App,False,None,Stormy,False,206,False,375,526,151.0,False,4.0
20234407,2024-07-21,Sunday,20859,110,1031,4.0,571.48,0.1,2285.92,228.592,2057.328,402.09,448.968,0.21822869275098578,Cash,Curbside Pickup,True,Loyalty Reward,Sunny,False,342,False,31,38,7.0,False,4.0
20234408,2023-12-17,Sunday,20297,124,1031,1.0,518.87,0.0,518.87,0.0,518.87,402.09,116.78,0.22506600882687383,Debit Card,Online,False,None,Windy,False,448,False,445,360,-85.0,False,5.0
20234409,2024-08-07,Wednesday,20268,116,1018,3.0,328.5,0.0,985.5,0.0,985.5,198.14,391.08,0.396834094368341,Cash,Curbside Pickup,False,None,Cloudy,False,40,False,325,217,-108.0,False,2.0
20234410,2023-06-11,Sunday,20493,107,1017,1.0,132.83,0.0,132.83,0.0,132.83,93.3,39.53,0.29759843408868486,Cash,In-Store,False,None,Rainy,False,397,False,379,528,149.0,False,5.0
20234411,2024-12-02,Monday,21037,131,1028,4.0,798.96,0.22,3195.84,703.0848,2492.7552,494.36,515.3152,0.20672515295525207,Credit Card,Mobile App,True,Loyalty Reward,Rainy,False,342,False,318,421,103.0,False,5.0
20234412,2023-11-16,Thursday,20732,120,1049,3.0,156.29,0.0,468.87,0.0,468.87,117.26,117.09,0.2497280696141787,Debit Card,Mobile App,False,None,Cloudy,False,371,False,279,386,107.0,False,5.0
20234413,2023-03-02,Thursday,20093,118,1028,3.0,771.67,0.0,2315.01,0.0,2315.01,494.36,831.93,0.3593634584731815,Digital Wallet,Online,False,None,Sunny,False,214,False,180,259,79.0,False,4.0
20234414,2024-10-21,Monday,20810,118,1049,4.0,166.12,0.25,664.48,166.12,498.36,117.26,29.32,0.05883297214864755,Cash,In-Store,True,Bundle Deal,Sunny,False,210,False,97,64,-33.0,False,5.0
20234415,2024-03-13,Wednesday,20584,137,1024,2.0,484.27,0.0,968.54,0.0,968.54,283.62,401.3,0.41433497842112865,Digital Wallet,Online,False,None,Sunny,False,109,False,133,88,-45.0,False,4.0
20234416,2024-07-05,Friday,20995,109,1016,1.0,381.87,0.1,381.87,38.187,343.683,263.25,80.433,0.23403252415743575,Digital Wallet,Mobile App,True,Loyalty Reward,Snowy,False,154,False,301,414,113.0,False,3.0
20234417,2024-09-08,Sunday,20914,144,1023,2.0,130.92,0.08,261.84,20.9472,240.8928,70.74,99.4128,0.4126848124975092,Debit Card,In-Store,True,Bundle Deal,Sunny,False,142,False,196,173,-23.0,False,1.0
20234418,2024-11-18,Monday,20644,124,1032,2.0,931.33,0.0,1862.66,0.0,1862.66,572.31,718.04,0.38549171614787464,Digital Wallet,Mobile App,False,None,Cloudy,False,42,False,331,248,-83.0,False,2.0
20234419,2023-09-18,Monday,20298,122,1010,1.0,392.21,0.32,392.21,125.5072,266.7028,261.42,5.2828,0.019807816040926275,Digital Wallet,Curbside Pickup,True,Loyalty Reward,Cloudy,False,385,False,444,402,-42.0,False,4.0
20234420,2024-12-12,Thursday,20415,113,1006,1.0,269.71,0.0,269.71,0.0,269.71,163.55,106.16,0.39360794927885495,Cash,Mobile App,False,None,Cloudy,False,246,False,76,64,-12.0,False,3.0
20234421,2023-12-19,Tuesday,20508,136,1036,2.0,1022.35,0.0,2044.7,0.0,2044.7,738.32,568.06,0.27782070719420937,Gift Card,Mobile App,False,None,Sunny,False,217,False,268,244,-24.0,False,3.0
20234422,2023-12-11,Monday,20106,118,1032,2.0,978.52,0.0,1957.04,0.0,1957.04,572.31,812.42,0.41512692637861265,Credit Card,Curbside Pickup,False,None,Stormy,False,114,False,335,395,60.0,True,1.0
20234423,2023-03-25,Saturday,20034,110,1016,2.0,384.33,0.0,768.66,0.0,768.66,263.25,242.16,0.31504176098665204,EBT,Mobile App,False,None,Sunny,False,277,False,446,611,165.0,False,1.0
20234424,2023-06-21,Wednesday,21085,128,1038,4.0,146.93,0.0,587.72,0.0,587.72,88.81,232.48,0.3955625127611788,Digital Wallet,Curbside Pickup,False,None,Cloudy,False,431,False,285,403,118.0,False,5.0
20234425,2023-04-11,Tuesday,20697,111,1049,5.0,162.81,0.07,814.05,56.9835,757.0665,117.26,170.7665,0.22556340823428306,EBT,In-Store,True,Loyalty Reward,Rainy,False,352,False,395,390,-5.0,False,2.0
20234426,2024-09-22,Sunday,20183,141,1050,1.0,1229.39,0.0,1229.39,0.0,1229.39,742.28,487.11,0.3962208900348954,Debit Card,In-Store,False,None,Rainy,False,188,False,326,458,132.0,False,4.0
20234427,2023-12-05,Tuesday,20027,147,1009,1.0,1679.77,0.0,1679.77,0.0,1679.77,1077.88,601.89,0.35831691243444036,Credit Card,In-Store,False,None,Sunny,False,322,False,406,547,141.0,False,1.0
20234428,2024-01-10,Wednesday,20460,139,1042,3.0,430.89,0.18,1292.67,232.6806,1059.9894,233.03,360.8994,0.34047453682084,Digital Wallet,Curbside Pickup,True,Loyalty Reward,Windy,False,513,False,70,45,-25.0,False,2.0
20234429,2023-02-16,Thursday,20771,101,1036,2.0,1118.41,0.0,2236.82,0.0,2236.82,738.32,760.18,0.3398485349737574,Cash,In-Store,False,None,Snowy,False,222,False,92,82,-10.0,False,2.0
20234430,2023-12-17,Sunday,21172,125,1047,2.0,380.96,0.05,761.92,38.096,723.824,273.17,177.484,0.24520325382966016,Gift Card,Curbside Pickup,True,Percentage Discount,Rainy,False,246,False,452,570,118.0,False,5.0
20234431,2024-12-06,Friday,20271,140,1016,1.0,390.87,0.19,390.87,74.2653,316.6047,263.25,53.3547,0.16852150331312196,Digital Wallet,Online,True,Loyalty Reward,Windy,False,196,False,150,152,2.0,False,5.0
20234432,2024-11-10,Sunday,20552,109,1026,2.0,233.9,0.0,467.8,0.0,467.8,130.01,207.78,0.4441641727233861,EBT,Curbside Pickup,False,None,Windy,False,324,False,312,338,26.0,False,1.0
20234433,2023-07-02,Sunday,21076,141,1009,2.0,1799.06,0.29,3598.12,1043.4548,2554.6652,1077.88,398.9052,0.15614774100340026,Gift Card,In-Store,True,Loyalty Reward,Cloudy,False,49,False,67,63,-4.0,False,1.0
20234434,2024-07-12,Friday,20124,130,1040,4.0,90.36,0.0,361.44,0.0,361.44,47.28,172.32,0.47675962815405043,Debit Card,Curbside Pickup,False,None,Cloudy,False,417,False,55,35,-20.0,False,2.0
20234435,2023-06-26,Monday,20204,131,1039,2.0,94.24,0.0,188.48,0.0,188.48,71.53,45.42,0.24098047538200335,Debit Card,Mobile App,False,None,Stormy,False,180,False,236,327,91.0,False,3.0
20234436,2023-06-22,Thursday,20950,148,1025,2.0,516.76,0.14,1033.52,144.6928,888.8272,301.28,286.2672,0.3220729518628593,Gift Card,Online,True,Bundle Deal,Sunny,False,260,False,421,444,23.0,False,4.0
20234437,2024-03-27,Wednesday,20700,103,1012,4.0,255.69,0.15,1022.76,153.414,869.346,173.37,175.866,0.20229689904825005,Digital Wallet,Curbside Pickup,True,Manufacturer Rebate,Cloudy,False,300,False,162,151,-11.0,False,4.0
20234438,2023-04-29,Saturday,21106,103,1032,2.0,974.39,0.0,1948.78,0.0,1948.78,572.31,804.16,0.41264791305329496,Debit Card,Curbside Pickup,False,None,Rainy,False,226,False,298,361,63.0,False,3.0
20234439,2023-04-26,Wednesday,21181,109,1002,2.0,1265.34,0.0,2530.68,0.0,2530.68,759.3,1012.08,0.39992413106358765,EBT,Curbside Pickup,False,None,Sunny,False,91,False,119,131,12.0,False,1.0
20234440,2023-12-04,Monday,20045,116,1038,2.0,148.75,0.0,297.5,0.0,297.5,88.81,119.88,0.4029579831932773,Gift Card,Curbside Pickup,False,None,Windy,False,345,False,117,95,-22.0,False,4.0
20234441,2024-08-23,Friday,20699,110,1001,3.0,658.52,0.31,1975.56,612.4236,1363.1364,419.73,103.9464,0.076255318249883,Debit Card,Mobile App,True,Manufacturer Rebate,Sunny,False,516,False,147,159,12.0,False,2.0
20234442,2024-11-01,Friday,20857,113,1017,1.0,128.59,0.0,128.59,0.0,128.59,93.3,35.29,0.27443813671358586,Gift Card,Curbside Pickup,False,None,Sunny,False,231,False,306,299,-7.0,False,4.0
20234443,2023-12-12,Tuesday,20176,144,1048,6.0,265.91,0.25,1595.46,398.865,1196.595,184.37,90.375,0.07552680731575846,Credit Card,Mobile App,True,Bundle Deal,Cloudy,False,399,False,48,54,6.0,False,4.0
20234444,2024-07-07,Sunday,20936,150,1020,4.0,345.66,0.0,1382.64,0.0,1382.64,190.07,622.36,0.4501243996991264,EBT,In-Store,False,None,Cloudy,False,378,False,355,427,72.0,False,4.0
20234445,2023-06-01,Thursday,21016,150,1030,1.0,920.08,0.0,920.08,0.0,920.08,569.19,350.89,0.3813690113903139,Gift Card,In-Store,False,None,Snowy,False,90,False,261,357,96.0,False,4.0
20234446,2024-08-24,Saturday,20248,150,1046,3.0,558.2,0.27,1674.6,452.142,1222.458,345.33,186.468,0.15253530182632047,Credit Card,Curbside Pickup,True,Manufacturer Rebate,Snowy,False,371,False,253,327,74.0,False,3.0
20234447,2024-07-26,Friday,20823,108,1008,3.0,604.0,0.05,1812.0,90.6,1721.4,397.4,529.2,0.30742418961310575,Digital Wallet,Curbside Pickup,True,Manufacturer Rebate,Stormy,False,283,False,123,77,-46.0,False,3.0
20234448,2024-03-29,Friday,21196,141,1007,1.0,1117.82,0.26,1117.82,290.6332,827.1868,637.12,190.0668,0.22977494321717895,Cash,Online,True,Percentage Discount,Windy,False,115,False,87,77,-10.0,False,4.0
20234449,2023-11-08,Wednesday,20808,145,1045,6.0,221.8,0.14,1330.8,186.312,1144.488,159.92,184.968,0.16161637343510815,EBT,Online,True,Clearance,Windy,False,144,False,230,180,-50.0,False,2.0
20234450,2024-12-26,Thursday,21080,119,1026,1.0,238.7,0.23,238.7,54.901,183.799,130.01,53.789,0.2926512113776462,Cash,Curbside Pickup,True,Percentage Discount,Sunny,False,154,False,302,410,108.0,False,4.0
20234451,2024-10-16,Wednesday,20098,133,1031,3.0,529.95,0.32,1589.85,508.752,1081.098,402.09,-125.172,-0.11578228800719272,EBT,Mobile App,True,Loyalty Reward,Snowy,False,455,False,227,210,-17.0,False,5.0
20234452,2024-04-13,Saturday,20952,139,1010,1.0,375.74,0.0,375.74,0.0,375.74,261.42,114.32,0.30425294086336296,Digital Wallet,Mobile App,False,None,Snowy,False,267,False,238,328,90.0,False,3.0
20234453,2023-12-29,Friday,20566,150,1027,5.0,59.4,0.17,297.0,50.49,246.51,37.44,59.31,0.24059875867104785,Credit Card,In-Store,True,Percentage Discount,Stormy,False,156,False,193,256,63.0,True,3.0
20234454,2024-04-24,Wednesday,21010,141,1046,3.0,561.65,0.25,1684.95,421.2375,1263.7125,345.33,227.7225,0.1802011929137362,Credit Card,In-Store,True,Loyalty Reward,Cloudy,False,286,False,181,177,-4.0,False,2.0
20234455,2024-10-11,Friday,20723,126,1016,2.0,391.21,0.07,782.42,54.7694,727.6506,263.25,201.1506,0.27643844449520133,Cash,In-Store,True,Loyalty Reward,Cloudy,False,134,False,138,200,62.0,False,3.0
20234456,2024-07-26,Friday,20912,111,1026,5.0,239.68,0.08,1198.4,95.872,1102.528,130.01,452.478,0.41040046148487846,EBT,In-Store,True,Percentage Discount,Windy,False,64,False,94,134,40.0,False,4.0
20234457,2023-10-13,Friday,20103,107,1042,4.0,403.24,0.0,1612.96,0.0,1612.96,233.03,680.84,0.42210594187084616,Digital Wallet,Curbside Pickup,False,None,Cloudy,False,109,False,300,325,25.0,False,5.0
20234458,2023-06-19,Monday,20671,116,1015,6.0,238.69,0.0,1432.14,0.0,1432.14,149.38,535.86,0.37416733000963587,Gift Card,Online,False,None,Stormy,False,276,False,416,525,109.0,False,4.0
20234459,2024-01-01,Monday,20946,121,1001,4.0,624.72,0.29,2498.88,724.6752,1774.2048,419.73,95.2848,0.05370563759042919,Gift Card,Curbside Pickup,True,Manufacturer Rebate,Rainy,True,356,False,411,281,-130.0,False,5.0
20234460,2023-06-20,Tuesday,20983,140,1007,2.0,1129.7,0.0,2259.4,0.0,2259.4,637.12,985.16,0.43602726387536517,EBT,In-Store,False,None,Sunny,False,472,False,217,211,-6.0,False,3.0
20234461,2024-12-13,Friday,20262,140,1035,3.0,718.5,0.0,2155.5,0.0,2155.5,403.28,945.66,0.43871955462769663,Cash,In-Store,False,None,Rainy,False,26,False,70,96,26.0,False,5.0
20234462,2023-12-20,Wednesday,20771,136,1023,2.0,123.41,0.0,246.82,0.0,246.82,70.74,105.34,0.4267887529373633,Credit Card,Online,False,None,Sunny,False,289,False,287,371,84.0,False,1.0
20234463,2024-09-15,Sunday,20162,136,1029,2.0,2181.11,0.0,4362.22,0.0,4362.22,1429.66,1502.9,0.344526410864193,Digital Wallet,In-Store,False,None,Cloudy,False,41,False,262,216,-46.0,False,1.0
20234464,2024-04-30,Tuesday,20646,117,1041,2.0,635.04,0.33,1270.08,419.1264,850.9536,486.05,-121.1464,-0.14236545917427237,Debit Card,Online,True,Bundle Deal,Cloudy,False,68,False,261,161,-100.0,False,2.0
20234465,2023-11-15,Wednesday,21126,130,1034,2.0,1607.25,0.0,3214.5,0.0,3214.5,1145.68,923.14,0.28717996578005905,Cash,Mobile App,False,None,Sunny,False,481,False,296,221,-75.0,False,2.0
20234466,2024-12-03,Tuesday,20953,102,1014,7.0,220.69,0.0,1544.83,0.0,1544.83,172.18,339.57,0.21981059404594677,Cash,Online,False,None,Sunny,False,262,False,427,550,123.0,False,2.0
20234467,2023-12-07,Thursday,20185,119,1030,1.0,917.14,0.0,917.14,0.0,917.14,569.19,347.95,0.37938591709008435,Debit Card,Online,False,None,Sunny,False,228,False,175,133,-42.0,False,3.0
20234468,2023-11-19,Sunday,20321,145,1008,1.0,628.96,0.0,628.96,0.0,628.96,397.4,231.56,0.36816331722208095,Cash,Mobile App,False,None,Windy,False,104,False,411,387,-24.0,False,2.0
20234469,2024-01-28,Sunday,20162,122,1027,5.0,58.15,0.23,290.75,66.8725,223.8775,37.44,36.6775,0.16382843295998933,Credit Card,Mobile App,True,Manufacturer Rebate,Sunny,False,206,False,255,261,6.0,False,2.0
20234470,2023-05-28,Sunday,21059,116,1034,1.0,1657.04,0.0,1657.04,0.0,1657.04,1145.68,511.36,0.3085984647322937,EBT,Curbside Pickup,False,None,Snowy,False,253,False,210,170,-40.0,False,2.0
20234471,2023-12-21,Thursday,20089,132,1050,1.0,1226.18,0.0,1226.18,0.0,1226.18,742.28,483.9,0.39464026488770004,Credit Card,Curbside Pickup,False,None,Stormy,False,291,False,299,283,-16.0,False,5.0
20234472,2023-12-23,Saturday,21063,136,1020,4.0,347.71,0.27,1390.84,375.5268,1015.3132,190.07,255.0332,0.25118672740588815,EBT,Online,True,Bundle Deal,Sunny,False,111,False,205,187,-18.0,True,3.0
20234473,2023-03-23,Thursday,21068,103,1004,3.0,663.33,0.21,1989.99,417.8979,1572.0921,445.03,237.0021,0.15075586220425657,Credit Card,Online,True,Percentage Discount,Stormy,False,155,False,410,522,112.0,False,3.0
20234474,2024-11-14,Thursday,20624,144,1016,1.0,358.14,0.0,358.14,0.0,358.14,263.25,94.89,0.26495225330876193,Credit Card,In-Store,False,None,Stormy,False,242,False,266,226,-40.0,False,1.0
20234475,2023-10-05,Thursday,20264,111,1017,6.0,121.3,0.32,727.8,232.896,494.904,93.3,-64.896,-0.13112846127733854,Digital Wallet,Curbside Pickup,True,Bundle Deal,Cloudy,False,506,False,169,244,75.0,False,2.0
20234476,2024-09-13,Friday,20096,145,1007,2.0,1146.38,0.0,2292.76,0.0,2292.76,637.12,1018.52,0.44423315131108365,Credit Card,Mobile App,False,None,Cloudy,False,495,False,402,478,76.0,False,5.0
20234477,2023-10-10,Tuesday,20998,109,1045,2.0,234.01,0.18,468.02,84.2436,383.7764,159.92,63.9364,0.1665980503230527,EBT,In-Store,True,Bundle Deal,Stormy,False,495,False,387,559,172.0,False,4.0
20234478,2024-02-18,Sunday,20223,124,1021,3.0,81.54,0.08,244.62,19.5696,225.0504,45.04,89.9304,0.3996011560077209,Debit Card,Mobile App,True,Percentage Discount,Cloudy,False,335,False,55,56,1.0,False,3.0
20234479,2024-11-20,Wednesday,20098,133,1022,1.0,345.4,0.0,345.4,0.0,345.4,187.99,157.41,0.4557324840764331,Digital Wallet,In-Store,False,None,Cloudy,False,281,False,176,206,30.0,False,3.0
20234480,2023-04-27,Thursday,20594,149,1014,4.0,227.01,0.0,908.04,0.0,908.04,172.18,219.32,0.2415312100788511,Credit Card,In-Store,False,None,Cloudy,False,73,False,366,288,-78.0,False,2.0
20234481,2024-12-25,Wednesday,21132,134,1020,4.0,330.72,0.18,1322.88,238.1184,1084.7616,190.07,324.4816,0.29912710774422696,Cash,Online,True,BOGO,Sunny,True,244,False,355,410,55.0,False,4.0
20234482,2023-11-09,Thursday,20355,121,1018,1.0,349.2,0.0,349.2,0.0,349.2,198.14,151.06,0.4325887743413517,Gift Card,In-Store,False,None,Sunny,False,311,False,255,203,-52.0,False,4.0
20234483,2024-09-20,Friday,20427,108,1031,3.0,527.53,0.13,1582.59,205.7367,1376.8533,402.09,170.5833,0.12389359127802504,Cash,In-Store,True,Bundle Deal,Cloudy,False,471,False,263,328,65.0,False,1.0
20234484,2023-08-02,Wednesday,20266,132,1050,1.0,1347.69,0.23,1347.69,309.9687,1037.7213,742.28,295.4413,0.28470197152164084,Credit Card,Curbside Pickup,True,Bundle Deal,Windy,False,298,False,382,260,-122.0,False,2.0
20234485,2024-11-11,Monday,20337,146,1015,4.0,252.8,0.0,1011.2,0.0,1011.2,149.38,413.68,0.40909810126582286,EBT,Curbside Pickup,False,None,Stormy,False,154,False,232,226,-6.0,False,1.0
20234486,2023-11-21,Tuesday,20979,146,1004,2.0,675.61,0.0,1351.22,0.0,1351.22,445.03,461.16,0.34129157354094825,Cash,Curbside Pickup,False,None,Sunny,False,442,False,28,20,-8.0,False,3.0
20234487,2024-09-12,Thursday,20634,113,1004,3.0,652.88,0.0,1958.64,0.0,1958.64,445.03,623.55,0.3183586570273251,Cash,Curbside Pickup,False,None,Cloudy,False,455,False,296,295,-1.0,False,4.0
20234488,2023-09-08,Friday,20268,105,1030,2.0,839.45,0.18,1678.9,302.202,1376.698,569.19,238.318,0.17310840867060165,Gift Card,Curbside Pickup,True,Bundle Deal,Stormy,False,399,False,320,328,8.0,False,2.0
20234489,2024-11-13,Wednesday,21040,106,1013,6.0,171.49,0.26,1028.94,267.5244,761.4156,118.75,48.9156,0.06424297059319514,Digital Wallet,Curbside Pickup,True,Bundle Deal,Sunny,False,57,False,301,430,129.0,False,5.0
20234490,2023-05-29,Monday,20365,107,1032,1.0,896.75,0.24,896.75,215.22,681.53,572.31,109.22,0.1602570686543513,EBT,In-Store,True,Manufacturer Rebate,Sunny,False,38,False,259,320,61.0,False,5.0
20234491,2024-03-30,Saturday,20939,124,1014,1.0,239.0,0.0,239.0,0.0,239.0,172.18,66.82,0.27958158995815896,Digital Wallet,Mobile App,False,None,Rainy,False,15,True,301,216,-85.0,False,2.0
20234492,2024-07-06,Saturday,21182,132,1040,6.0,90.14,0.0,540.84,0.0,540.84,47.28,257.16,0.47548258264921234,Cash,Curbside Pickup,False,None,Stormy,False,472,False,273,231,-42.0,False,5.0
20234493,2023-10-08,Sunday,21033,108,1048,4.0,276.63,0.0,1106.52,0.0,1106.52,184.37,369.04,0.33351408017930084,Debit Card,Curbside Pickup,False,None,Cloudy,False,22,True,147,116,-31.0,False,3.0
20234494,2023-09-19,Tuesday,20598,102,1038,5.0,140.73,0.3,703.65,211.095,492.555,88.81,48.505,0.09847631228999795,EBT,Curbside Pickup,True,Percentage Discount,Cloudy,False,322,False,177,131,-46.0,False,3.0
20234495,2024-05-18,Saturday,20670,137,1033,2.0,843.07,0.14,1686.14,236.0596,1450.0804,465.85,518.3804,0.35748390227190163,Gift Card,In-Store,True,Loyalty Reward,Stormy,False,412,False,127,131,4.0,False,1.0
20234496,2023-11-07,Tuesday,20288,124,1011,2.0,936.85,0.0,1873.7,0.0,1873.7,618.67,636.36,0.33962747504936763,Gift Card,Curbside Pickup,False,None,Snowy,False,88,False,410,584,174.0,False,2.0
20234497,2024-10-10,Thursday,20781,128,1033,1.0,850.85,0.0,850.85,0.0,850.85,465.85,385.0,0.45248868778280543,Credit Card,Mobile App,False,None,Sunny,False,64,False,304,234,-70.0,False,3.0
20234498,2024-10-20,Sunday,20374,115,1043,2.0,123.34,0.0,246.68,0.0,246.68,75.88,94.92,0.38479001135073787,Cash,Online,False,None,Sunny,False,64,False,253,288,35.0,False,1.0
20234499,2023-12-08,Friday,20883,141,1048,6.0,277.17,0.28,1663.02,465.6456,1197.3744,184.37,91.1544,0.07612856930964942,EBT,Mobile App,True,Loyalty Reward,Snowy,False,65,False,21,15,-6.0,False,2.0
20234500,2023-10-22,Sunday,20675,128,1032,2.0,989.53,0.29,1979.06,573.9274,1405.1326,572.31,260.5126,0.18540072303496485,EBT,In-Store,True,Bundle Deal,Snowy,False,368,False,260,280,20.0,False,5.0
20234501,2023-05-09,Tuesday,20230,122,1004,1.0,697.78,0.28,697.78,195.3784,502.4016,445.03,57.3716,0.11419470001687894,Credit Card,Mobile App,True,Loyalty Reward,Windy,False,130,False,257,340,83.0,False,3.0
20234502,2023-04-07,Friday,20105,115,1021,7.0,78.73,0.19,551.11,104.7109,446.3991,45.04,131.1191,0.29372617462714423,Digital Wallet,In-Store,True,Percentage Discount,Stormy,False,278,False,30,31,1.0,False,5.0
20234503,2024-03-09,Saturday,20121,116,1030,1.0,904.54,0.0,904.54,0.0,904.54,569.19,335.35,0.3707409290910296,Digital Wallet,In-Store,False,None,Cloudy,False,249,False,470,473,3.0,False,2.0
20234504,2024-08-31,Saturday,20993,131,1041,2.0,619.89,0.13,1239.78,161.1714,1078.6086,486.05,106.5086,0.09874629221387628,Credit Card,Curbside Pickup,True,Manufacturer Rebate,Rainy,False,370,False,221,234,13.0,False,2.0
20234505,2024-09-26,Thursday,20562,125,1050,2.0,1346.25,0.0,2692.5,0.0,2692.5,742.28,1207.94,0.4486313834726091,EBT,Mobile App,False,None,Stormy,False,85,False,95,123,28.0,False,2.0
20234506,2023-12-17,Sunday,20481,127,1008,2.0,645.49,0.12,1290.98,154.9176,1136.0624,397.4,341.2624,0.30039054192797865,Cash,Mobile App,True,Clearance,Windy,False,325,False,68,81,13.0,False,2.0
20234507,2024-12-01,Sunday,20035,140,1049,7.0,159.58,0.0,1117.06,0.0,1117.06,117.26,296.24,0.26519613986715135,Credit Card,Mobile App,False,None,Sunny,False,220,False,102,119,17.0,True,1.0
20234508,2024-11-04,Monday,20792,104,1018,3.0,330.8,0.0,992.4,0.0,992.4,198.14,397.98,0.4010278113663846,Gift Card,In-Store,False,None,Rainy,False,461,False,404,299,-105.0,False,3.0
20234509,2024-12-10,Tuesday,21054,133,1012,5.0,234.43,0.0,1172.15,0.0,1172.15,173.37,305.3,0.26046154502410107,Debit Card,Mobile App,False,None,Sunny,False,22,True,45,43,-2.0,True,4.0
20234510,2024-03-21,Thursday,20143,138,1002,2.0,1250.72,0.0,2501.44,0.0,2501.44,759.3,982.84,0.3929096840220034,Debit Card,Online,False,None,Stormy,False,283,False,171,133,-38.0,False,4.0
20234511,2024-09-09,Monday,20070,140,1025,4.0,531.8,0.0,2127.2,0.0,2127.2,301.28,922.08,0.4334712297856337,Debit Card,Mobile App,False,None,Windy,False,29,False,357,334,-23.0,False,5.0
20234512,2024-01-27,Saturday,20090,111,1001,4.0,612.53,0.0,2450.12,0.0,2450.12,419.73,771.2,0.31476009338318117,Cash,Online,False,None,Cloudy,False,219,False,309,317,8.0,False,2.0
20234513,2023-04-11,Tuesday,20732,131,1028,1.0,758.28,0.0,758.28,0.0,758.28,494.36,263.92,0.34805085192804763,Digital Wallet,In-Store,False,None,Snowy,False,492,False,311,310,-1.0,False,3.0
20234514,2024-12-20,Friday,20599,144,1003,2.0,1877.06,0.33,3754.12,1238.8596,2515.2604,1394.94,-274.6196,-0.10918137939117556,Debit Card,Curbside Pickup,True,BOGO,Cloudy,False,448,False,195,220,25.0,False,1.0
20234515,2024-11-13,Wednesday,20915,127,1048,5.0,269.79,0.0,1348.95,0.0,1348.95,184.37,427.1,0.3166166277475073,Debit Card,In-Store,False,None,Windy,False,151,False,473,403,-70.0,False,5.0
20234516,2024-06-24,Monday,20498,149,1018,3.0,355.92,0.0,1067.76,0.0,1067.76,198.14,473.34,0.44330186558777257,Gift Card,Online,False,None,Snowy,False,63,False,178,197,19.0,False,3.0
20234517,2024-04-21,Sunday,20866,118,1015,4.0,246.7,0.21,986.8,207.228,779.572,149.38,182.052,0.23352814108254275,Credit Card,Online,True,Manufacturer Rebate,Snowy,False,83,False,55,75,20.0,False,2.0
20234518,2024-09-02,Monday,21142,114,1012,2.0,246.78,0.0,493.56,0.0,493.56,173.37,146.82,0.2974714320447362,Cash,Online,False,None,Snowy,True,402,False,190,199,9.0,False,5.0
20234519,2024-08-30,Friday,20742,105,1032,2.0,931.2,0.0,1862.4,0.0,1862.4,572.31,717.78,0.3854059278350516,EBT,In-Store,False,None,Cloudy,False,520,False,35,29,-6.0,False,4.0
20234520,2023-04-20,Thursday,20478,111,1006,6.0,282.64,0.0,1695.84,0.0,1695.84,163.55,714.54,0.4213487121426549,Digital Wallet,In-Store,False,None,Stormy,False,186,False,167,110,-57.0,False,5.0
20234521,2023-11-22,Wednesday,20639,123,1006,4.0,287.06,0.0,1148.24,0.0,1148.24,163.55,494.04,0.4302584825472026,Cash,Mobile App,False,None,Sunny,False,367,False,416,342,-74.0,False,4.0
20234522,2023-11-05,Sunday,20954,103,1049,4.0,153.32,0.0,613.28,0.0,613.28,117.26,144.24,0.23519436472736752,Credit Card,In-Store,False,None,Rainy,False,473,False,135,96,-39.0,False,2.0
20234523,2024-12-23,Monday,20843,107,1040,7.0,90.97,0.0,636.79,0.0,636.79,47.28,305.83,0.480268220292404,Credit Card,Mobile App,False,None,Sunny,False,159,False,443,340,-103.0,False,3.0
20234524,2024-01-28,Sunday,20970,118,1026,3.0,236.88,0.0,710.64,0.0,710.64,130.01,320.61,0.4511567038162783,EBT,In-Store,False,None,Snowy,False,88,False,414,346,-68.0,False,2.0
20234525,2023-10-08,Sunday,21104,144,1004,4.0,654.84,0.19,2619.36,497.6784,2121.6816,445.03,341.5616,0.1609862667423802,Cash,Online,True,Clearance,Snowy,False,57,False,218,180,-38.0,False,2.0
20234526,2023-03-25,Saturday,20982,134,1023,5.0,121.58,0.0,607.9,0.0,607.9,70.74,254.2,0.41816088172396776,Gift Card,Mobile App,False,None,Rainy,False,518,False,261,261,0.0,False,3.0
20234527,2023-05-05,Friday,20777,124,1020,4.0,351.32,0.0,1405.28,0.0,1405.28,190.07,645.0,0.4589832631219401,Cash,Online,False,None,Sunny,False,423,False,67,70,3.0,False,2.0
20234528,2023-11-01,Wednesday,20948,134,1032,2.0,888.28,0.0,1776.56,0.0,1776.56,572.31,631.94,0.3557099112892332,Cash,In-Store,False,None,Sunny,False,149,False,168,172,4.0,False,3.0
20234529,2023-12-14,Thursday,20900,147,1025,1.0,567.81,0.0,567.81,0.0,567.81,301.28,266.53,0.469399975343865,Debit Card,Curbside Pickup,False,None,Cloudy,False,88,False,172,231,59.0,False,4.0
20234530,2024-03-12,Tuesday,20036,108,1040,6.0,89.94,0.0,539.64,0.0,539.64,47.28,255.96,0.47431621080720476,Cash,Curbside Pickup,False,None,Cloudy,False,368,False,412,341,-71.0,False,4.0
20234531,2023-06-23,Friday,20038,125,1047,2.0,402.92,0.0,805.84,0.0,805.84,273.17,259.5,0.3220242231708528,Credit Card,Online,False,None,Cloudy,False,196,False,193,240,47.0,False,1.0
20234532,2024-12-11,Wednesday,21060,129,1026,5.0,241.02,0.0,1205.1,0.0,1205.1,130.01,555.05,0.4605841838851549,EBT,Online,False,None,Sunny,False,87,False,462,503,41.0,False,2.0
20234533,2023-08-09,Wednesday,20219,121,1032,2.0,928.3,0.09,1856.6,167.094,1689.506,572.31,544.886,0.3225120242248326,Digital Wallet,In-Store,True,Bundle Deal,Snowy,False,113,False,424,558,134.0,False,4.0
20234534,2023-02-08,Wednesday,20416,119,1002,1.0,1240.69,0.0,1240.69,0.0,1240.69,759.3,481.39,0.3880018376870935,Digital Wallet,Mobile App,False,None,Stormy,False,315,False,297,356,59.0,False,1.0
20234535,2024-08-17,Saturday,20889,116,1031,3.0,571.6,0.0,1714.8,0.0,1714.8,402.09,508.53,0.29655353393981815,Gift Card,Mobile App,False,None,Sunny,False,433,False,238,217,-21.0,False,1.0
20234536,2024-10-16,Wednesday,20135,124,1047,3.0,383.58,0.0,1150.74,0.0,1150.74,273.17,331.23,0.2878408676156213,Credit Card,In-Store,False,None,Sunny,False,501,False,35,32,-3.0,False,3.0
20234537,2024-05-08,Wednesday,20446,106,1025,3.0,539.14,0.0,1617.42,0.0,1617.42,301.28,713.58,0.44118410802388996,EBT,Online,False,None,Cloudy,False,15,True,392,280,-112.0,False,4.0
20234538,2023-02-05,Sunday,21066,135,1013,4.0,185.77,0.0,743.08,0.0,743.08,118.75,268.08,0.36076869246918236,Gift Card,Online,False,None,Snowy,False,467,False,455,390,-65.0,False,2.0
20234539,2023-10-08,Sunday,20211,125,1008,4.0,616.91,0.0,2467.64,0.0,2467.64,397.4,878.04,0.3558217568202817,Gift Card,In-Store,False,None,Cloudy,False,501,False,238,194,-44.0,False,3.0
20234540,2023-11-28,Tuesday,20159,147,1036,1.0,1025.58,0.0,1025.58,0.0,1025.58,738.32,287.26,0.2800951656623568,Debit Card,Online,False,None,Stormy,True,435,False,461,360,-101.0,False,2.0
20234541,2024-06-30,Sunday,20793,121,1018,3.0,357.96,0.0,1073.88,0.0,1073.88,198.14,479.46,0.4464744664208291,Cash,Mobile App,False,None,Cloudy,False,0,True,78,103,25.0,True,1.0
20234542,2023-04-05,Wednesday,20183,141,1046,4.0,527.5,0.0,2110.0,0.0,2110.0,345.33,728.68,0.34534597156398106,Credit Card,In-Store,False,None,Stormy,False,77,False,265,304,39.0,False,3.0
20234543,2023-02-09,Thursday,20154,128,1027,5.0,60.14,0.05,300.7,15.035,285.665,37.44,98.465,0.34468695850034126,Digital Wallet,Mobile App,True,Bundle Deal,Cloudy,False,143,False,459,446,-13.0,False,3.0
20234544,2023-06-11,Sunday,21100,141,1009,2.0,1691.3,0.0,3382.6,0.0,3382.6,1077.88,1226.84,0.36269142080056754,EBT,Curbside Pickup,False,None,Stormy,False,350,False,120,147,27.0,False,1.0
20234545,2024-10-25,Friday,20323,108,1025,4.0,552.82,0.13,2211.28,287.4664,1923.8136,301.28,718.6936,0.3735775648950606,Digital Wallet,Curbside Pickup,True,Clearance,Cloudy,False,121,False,248,258,10.0,False,1.0
20234546,2023-01-13,Friday,20517,119,1008,4.0,612.77,0.0,2451.08,0.0,2451.08,397.4,861.48,0.3514695562772329,Credit Card,Online,False,None,Windy,False,494,False,478,296,-182.0,False,5.0
20234547,2024-10-30,Wednesday,20451,103,1043,5.0,111.73,0.0,558.65,0.0,558.65,75.88,179.25,0.3208627942361049,Debit Card,In-Store,False,None,Snowy,False,373,False,368,236,-132.0,False,4.0
20234548,2023-01-18,Wednesday,20707,103,1030,2.0,866.43,0.0,1732.86,0.0,1732.86,569.19,594.48,0.3430629133340257,Gift Card,In-Store,False,None,Snowy,False,178,False,179,187,8.0,False,2.0
20234549,2024-11-26,Tuesday,21078,135,1048,6.0,279.37,0.0,1676.22,0.0,1676.22,184.37,570.0,0.34005082865017716,Credit Card,In-Store,False,None,Snowy,False,113,False,147,159,12.0,False,4.0
20234550,2023-03-30,Thursday,20428,133,1024,4.0,472.61,0.0,1890.44,0.0,1890.44,283.62,755.96,0.3998857408857197,Digital Wallet,Mobile App,False,None,Sunny,False,9,True,275,374,99.0,False,5.0
20234551,2024-12-25,Wednesday,20777,124,1030,1.0,922.27,0.22,922.27,202.8994,719.3706,569.19,150.1806,0.20876666352503134,Cash,Curbside Pickup,True,Percentage Discount,Windy,True,306,False,49,51,2.0,False,2.0
20234552,2023-10-27,Friday,20626,115,1048,1.0,261.34,0.0,261.34,0.0,261.34,184.37,76.97,0.2945205479452054,Credit Card,Online,False,None,Cloudy,False,366,False,198,270,72.0,False,5.0
20234553,2023-02-12,Sunday,20889,116,1046,3.0,511.64,0.0,1534.92,0.0,1534.92,345.33,498.93,0.3250527714799469,EBT,Curbside Pickup,False,None,Cloudy,False,136,False,136,185,49.0,False,1.0
20234554,2024-01-18,Thursday,20015,141,1039,5.0,98.43,0.31,492.15,152.5665,339.5835,71.53,-18.0665,-0.053201937078803774,EBT,Mobile App,True,Manufacturer Rebate,Windy,False,311,False,56,66,10.0,False,5.0
20234555,2023-04-25,Tuesday,20596,134,1039,2.0,100.97,0.0,201.94,0.0,201.94,71.53,58.88,0.29157175398633256,Gift Card,Curbside Pickup,False,None,Sunny,False,104,False,251,153,-98.0,False,4.0
20234556,2024-10-01,Tuesday,20685,119,1041,2.0,637.44,0.0,1274.88,0.0,1274.88,486.05,302.78,0.23749686244979926,Cash,Mobile App,False,None,Stormy,False,401,False,381,256,-125.0,False,2.0
20234557,2023-04-21,Friday,20180,123,1030,1.0,839.17,0.26,839.17,218.1842,620.9858,569.19,51.7958,0.08340899260498369,Gift Card,In-Store,True,Percentage Discount,Snowy,False,518,False,359,338,-21.0,False,5.0
20234558,2024-02-04,Sunday,20828,138,1048,6.0,268.75,0.0,1612.5,0.0,1612.5,184.37,506.28,0.3139720930232558,EBT,In-Store,False,None,Sunny,False,59,False,454,314,-140.0,False,5.0
20234559,2024-12-11,Wednesday,21116,107,1014,7.0,234.5,0.0,1641.5,0.0,1641.5,172.18,436.24,0.2657569296375267,Gift Card,In-Store,False,None,Stormy,False,365,False,249,263,14.0,False,3.0
20234560,2023-11-18,Saturday,20854,145,1029,1.0,2167.52,0.0,2167.52,0.0,2167.52,1429.66,737.86,0.34041669742378383,Debit Card,In-Store,False,None,Windy,False,411,False,144,118,-26.0,False,3.0
20234561,2023-03-27,Monday,20032,101,1033,2.0,838.39,0.0,1676.78,0.0,1676.78,465.85,745.08,0.4443516740419136,Debit Card,Mobile App,False,None,Snowy,False,272,False,275,296,21.0,False,1.0
20234562,2024-07-25,Thursday,20524,102,1026,7.0,235.36,0.0,1647.52,0.0,1647.52,130.01,737.45,0.44761216859279407,EBT,Online,False,None,Sunny,False,51,False,259,254,-5.0,False,1.0
20234563,2023-01-17,Tuesday,21031,135,1047,3.0,410.23,0.0,1230.69,0.0,1230.69,273.17,411.18,0.33410525802598545,Cash,Online,False,None,Cloudy,False,461,False,251,338,87.0,False,5.0
20234564,2024-10-20,Sunday,20468,138,1039,1.0,96.86,0.29,96.86,28.0894,68.7706,71.53,-2.7594,-0.040124704452193224,EBT,In-Store,True,Clearance,Windy,False,518,False,141,151,10.0,False,4.0
20234565,2024-11-02,Saturday,20067,114,1015,7.0,246.94,0.0,1728.58,0.0,1728.58,149.38,682.92,0.39507572689722203,Cash,Mobile App,False,None,Cloudy,False,460,False,255,313,58.0,False,3.0
20234566,2024-01-17,Wednesday,20719,106,1026,3.0,234.05,0.0,702.15,0.0,702.15,130.01,312.12,0.4445204016235848,Debit Card,Online,False,None,Sunny,False,516,False,448,591,143.0,False,5.0
20234567,2024-11-08,Friday,20185,119,1017,6.0,126.21,0.0,757.26,0.0,757.26,93.3,197.46,0.26075588305205616,Digital Wallet,Online,False,None,Windy,False,199,False,249,246,-3.0,False,3.0
20234568,2024-11-09,Saturday,20889,116,1008,4.0,661.55,0.27,2646.2,714.474,1931.726,397.4,342.126,0.17710896887032623,Cash,In-Store,True,Manufacturer Rebate,Cloudy,False,310,False,336,225,-111.0,False,1.0
20234569,2024-11-17,Sunday,20325,109,1019,1.0,1321.23,0.0,1321.23,0.0,1321.23,867.36,453.87,0.3435208101541745,Credit Card,Online,False,None,Stormy,False,69,False,437,366,-71.0,False,5.0
20234570,2024-04-25,Thursday,20261,135,1043,3.0,123.24,0.0,369.72,0.0,369.72,75.88,142.08,0.3842908146705615,EBT,Online,False,None,Cloudy,False,393,False,419,459,40.0,False,2.0
20234571,2023-02-03,Friday,20397,135,1010,4.0,380.07,0.0,1520.28,0.0,1520.28,261.42,474.6,0.3121793353855868,Cash,Curbside Pickup,False,None,Windy,False,458,False,346,332,-14.0,False,1.0
20234572,2024-07-28,Sunday,20241,127,1042,1.0,437.05,0.0,437.05,0.0,437.05,233.03,204.02,0.46681157762269765,Cash,Mobile App,False,None,Windy,False,129,False,397,408,11.0,False,4.0
20234573,2023-11-25,Saturday,20170,133,1012,7.0,250.16,0.0,1751.12,0.0,1751.12,173.37,537.53,0.3069635433322672,EBT,Online,False,None,Sunny,False,210,False,94,72,-22.0,True,4.0
20234574,2024-10-18,Friday,21129,123,1035,2.0,717.56,0.28,1435.12,401.8336,1033.2864,403.28,226.7264,0.21942261119472783,Credit Card,Curbside Pickup,True,Clearance,Stormy,False,381,False,263,348,85.0,False,5.0
20234575,2024-12-25,Wednesday,20685,119,1021,2.0,77.18,0.3,154.36,46.308,108.052,45.04,17.972,0.16632732388109447,Credit Card,Mobile App,True,Percentage Discount,Sunny,True,280,False,308,214,-94.0,False,2.0
20234576,2023-01-08,Sunday,21140,109,1013,5.0,176.75,0.0,883.75,0.0,883.75,118.75,290.0,0.32814710042432815,Debit Card,In-Store,False,None,Rainy,False,344,False,232,172,-60.0,False,3.0
20234577,2024-05-13,Monday,20458,108,1041,2.0,603.89,0.0,1207.78,0.0,1207.78,486.05,235.68,0.19513487555680667,Debit Card,Online,False,None,Stormy,False,452,False,132,170,38.0,True,3.0
20234578,2023-11-09,Thursday,20741,145,1041,1.0,618.42,0.0,618.42,0.0,618.42,486.05,132.37,0.21404547071569477,Digital Wallet,Mobile App,False,None,Sunny,False,255,False,360,448,88.0,False,2.0
20234579,2024-03-23,Saturday,20080,135,1014,3.0,228.1,0.0,684.3,0.0,684.3,172.18,167.76,0.24515563349408154,Credit Card,Mobile App,False,None,Rainy,False,11,True,439,502,63.0,False,5.0
20234580,2024-11-23,Saturday,20161,112,1009,1.0,1758.03,0.23,1758.03,404.3469,1353.6831,1077.88,275.8031,0.2037427371295393,Debit Card,Curbside Pickup,True,Loyalty Reward,Rainy,False,173,False,392,493,101.0,False,1.0
20234581,2024-04-08,Monday,20864,133,1044,7.0,66.66,0.09,466.62,41.9958,424.6242,46.06,102.2042,0.2406933000992407,Digital Wallet,Online,True,Bundle Deal,Stormy,False,98,False,327,435,108.0,False,4.0
20234582,2023-08-21,Monday,20977,147,1049,7.0,160.98,0.0,1126.86,0.0,1126.86,117.26,306.04,0.2715865324885078,EBT,In-Store,False,None,Windy,False,110,False,195,125,-70.0,False,4.0
20234583,2023-09-01,Friday,21179,150,1025,3.0,550.09,0.17,1650.27,280.5459,1369.7241,301.28,465.8841,0.3401298845512027,Debit Card,In-Store,True,BOGO,Snowy,False,241,False,124,171,47.0,False,1.0
20234584,2023-01-23,Monday,21199,121,1050,2.0,1328.37,0.0,2656.74,0.0,2656.74,742.28,1172.18,0.4412099038671454,EBT,Online,False,None,Windy,False,307,False,350,454,104.0,False,1.0
20234585,2023-04-09,Sunday,21053,105,1037,3.0,383.82,0.32,1151.46,368.4672,782.9928,270.26,-27.7872,-0.035488448935928896,Gift Card,Mobile App,True,Loyalty Reward,Cloudy,False,329,False,309,353,44.0,False,3.0
20234586,2024-11-11,Monday,20820,131,1040,3.0,89.17,0.0,267.51,0.0,267.51,47.28,125.67,0.46977683077268134,Cash,Curbside Pickup,False,None,Snowy,False,376,False,128,82,-46.0,False,5.0
20234587,2023-02-12,Sunday,20136,141,1024,1.0,479.79,0.0,479.79,0.0,479.79,283.62,196.17,0.4088663790408304,Cash,Online,False,None,Cloudy,False,382,False,168,239,71.0,True,2.0
20234588,2024-05-04,Saturday,20405,126,1035,3.0,711.32,0.0,2133.96,0.0,2133.96,403.28,924.12,0.4330540403756397,Cash,Mobile App,False,None,Windy,False,295,False,409,323,-86.0,False,4.0
20234589,2024-11-05,Tuesday,20037,101,1044,4.0,72.38,0.0,289.52,0.0,289.52,46.06,105.28,0.3636363636363636,Gift Card,In-Store,False,None,Sunny,False,13,True,47,37,-10.0,True,4.0
20234590,2023-06-28,Wednesday,20404,135,1006,3.0,265.13,0.26,795.39,206.8014,588.5886,163.55,97.9386,0.16639567942702255,Credit Card,Online,True,BOGO,Snowy,False,428,False,266,333,67.0,False,3.0
20234591,2023-11-12,Sunday,20964,107,1019,1.0,1332.36,0.0,1332.36,0.0,1332.36,867.36,465.0,0.3490047734846437,Digital Wallet,In-Store,False,None,Stormy,False,429,False,406,305,-101.0,False,1.0
20234592,2024-02-26,Monday,20411,134,1012,5.0,259.77,0.0,1298.85,0.0,1298.85,173.37,432.0,0.3326019170804942,Gift Card,Online,False,None,Snowy,False,213,False,57,67,10.0,True,4.0
20234593,2024-07-30,Tuesday,20529,130,1006,7.0,289.13,0.09,2023.91,182.1519,1841.7581,163.55,696.9081,0.3783928519168721,EBT,Online,True,Loyalty Reward,Windy,False,214,False,107,148,41.0,False,4.0
20234594,2023-03-28,Tuesday,20824,120,1034,1.0,1497.96,0.0,1497.96,0.0,1497.96,1145.68,352.28,0.23517316884295975,Gift Card,In-Store,False,None,Windy,False,77,False,145,122,-23.0,False,4.0
20234595,2024-09-20,Friday,20354,147,1035,1.0,745.3,0.3,745.3,223.59,521.71,403.28,118.43,0.22700350769584646,Gift Card,Online,True,Percentage Discount,Cloudy,False,9,True,396,487,91.0,False,3.0
20234596,2023-12-17,Sunday,20892,105,1015,1.0,235.42,0.28,235.42,65.9176,169.5024,149.38,20.1224,0.11871454327490333,EBT,In-Store,True,Bundle Deal,Snowy,False,8,True,432,467,35.0,False,3.0
20234597,2024-11-25,Monday,21143,121,1037,1.0,399.61,0.0,399.61,0.0,399.61,270.26,129.35,0.3236905983333751,Digital Wallet,Online,False,None,Rainy,False,282,False,205,244,39.0,False,4.0
20234598,2024-02-07,Wednesday,20787,115,1004,4.0,712.11,0.22,2848.44,626.6568,2221.7832,445.03,441.6632,0.19878771250048158,EBT,Mobile App,True,Percentage Discount,Cloudy,False,4,True,352,254,-98.0,False,1.0
20234599,2024-12-02,Monday,20703,101,1024,4.0,485.65,0.18,1942.6,349.668,1592.932,283.62,458.452,0.2878038736116796,EBT,Online,True,Percentage Discount,Snowy,False,393,False,263,332,69.0,False,5.0
20234600,2023-09-02,Saturday,20427,108,1027,2.0,62.17,0.12,124.34,14.9208,109.4192,37.44,34.5392,0.31565940895199385,Debit Card,In-Store,True,Clearance,Rainy,True,184,False,390,334,-56.0,False,3.0
20234601,2024-06-11,Tuesday,20633,135,1050,2.0,1348.9,0.0,2697.8,0.0,2697.8,742.28,1213.24,0.44971458225220556,EBT,Mobile App,False,None,Stormy,False,372,False,163,181,18.0,False,2.0
20234602,2023-11-22,Wednesday,20235,129,1009,1.0,1747.61,0.15,1747.61,262.1415,1485.4685,1077.88,407.5885,0.27438380551321007,Digital Wallet,Curbside Pickup,True,Loyalty Reward,Sunny,False,78,False,219,239,20.0,False,3.0
20234603,2023-12-12,Tuesday,20982,134,1009,1.0,1704.74,0.19,1704.74,323.9006,1380.8394,1077.88,302.9594,0.2194023432413646,Digital Wallet,Curbside Pickup,True,Percentage Discount,Cloudy,False,1,True,100,127,27.0,False,1.0
20234604,2023-12-28,Thursday,20922,109,1012,7.0,238.9,0.06,1672.3,100.338,1571.962,173.37,358.372,0.22797752108511518,Digital Wallet,Mobile App,True,BOGO,Stormy,False,73,False,175,188,13.0,False,4.0
20234605,2023-11-24,Friday,20184,135,1006,6.0,286.18,0.0,1717.08,0.0,1717.08,163.55,735.78,0.42850653434901104,EBT,In-Store,False,None,Cloudy,False,349,False,227,209,-18.0,False,3.0
20234606,2024-07-02,Tuesday,20277,149,1044,1.0,69.03,0.06,69.03,4.1418,64.8882,46.06,18.8282,0.2901636969433579,Debit Card,Online,True,BOGO,Snowy,False,82,False,360,291,-69.0,False,2.0
20234607,2024-11-05,Tuesday,20878,105,1037,2.0,389.57,0.0,779.14,0.0,779.14,270.26,238.62,0.3062607490309829,Debit Card,Online,False,None,Cloudy,False,265,False,250,200,-50.0,False,2.0
20234608,2023-10-16,Monday,20761,108,1033,1.0,853.89,0.0,853.89,0.0,853.89,465.85,388.04,0.45443792525969384,Cash,Mobile App,False,None,Windy,False,470,False,152,206,54.0,False,4.0
20234609,2023-02-23,Thursday,20311,144,1002,2.0,1296.68,0.29,2593.36,752.0744,1841.2856,759.3,322.6856,0.17525016216930184,Gift Card,Mobile App,True,BOGO,Stormy,False,13,True,205,183,-22.0,True,2.0
20234610,2024-09-17,Tuesday,20411,134,1024,1.0,496.42,0.0,496.42,0.0,496.42,283.62,212.8,0.42866927198743,Digital Wallet,Mobile App,False,None,Cloudy,False,60,False,465,310,-155.0,False,2.0
20234611,2023-02-10,Friday,20017,130,1043,5.0,120.03,0.23,600.15,138.0345,462.1155,75.88,82.7155,0.1789931305052525,Gift Card,Mobile App,True,Loyalty Reward,Stormy,False,182,False,446,338,-108.0,False,3.0
20234612,2023-11-20,Monday,20275,144,1032,2.0,893.85,0.32,1787.7,572.064,1215.636,572.31,71.016,0.058418802996949806,Gift Card,Curbside Pickup,True,Manufacturer Rebate,Rainy,False,160,False,402,579,177.0,False,5.0
20234613,2024-09-27,Friday,20319,143,1018,4.0,342.26,0.0,1369.04,0.0,1369.04,198.14,576.48,0.42108338689884883,Credit Card,In-Store,False,None,Cloudy,False,231,False,267,373,106.0,False,2.0
20234614,2024-08-04,Sunday,20901,114,1007,1.0,1111.33,0.0,1111.33,0.0,1111.33,637.12,474.21,0.4267049391269919,Credit Card,In-Store,False,None,Sunny,False,291,False,279,233,-46.0,False,1.0
20234615,2024-10-12,Saturday,20254,130,1041,1.0,605.09,0.25,605.09,151.2725,453.8175,486.05,-32.2325,-0.07102524693296318,Gift Card,Mobile App,True,Percentage Discount,Windy,False,162,False,94,119,25.0,True,2.0
20234616,2024-12-21,Saturday,20783,138,1007,2.0,1085.06,0.0,2170.12,0.0,2170.12,637.12,895.88,0.4128250972296463,Digital Wallet,In-Store,False,None,Windy,False,366,False,161,207,46.0,False,2.0
20234617,2024-11-26,Tuesday,20959,116,1035,2.0,755.25,0.13,1510.5,196.365,1314.135,403.28,507.575,0.38624266152259856,Credit Card,In-Store,True,Percentage Discount,Sunny,False,4,True,478,688,210.0,False,1.0
20234618,2023-10-02,Monday,20466,145,1008,2.0,608.6,0.0,1217.2,0.0,1217.2,397.4,422.4,0.34702596122247786,Debit Card,Curbside Pickup,False,None,Rainy,False,368,False,388,261,-127.0,False,5.0
20234619,2024-10-08,Tuesday,20079,102,1010,2.0,416.91,0.0,833.82,0.0,833.82,261.42,310.98,0.3729581924156293,Cash,Online,False,None,Cloudy,False,204,False,266,335,69.0,False,4.0
20234620,2023-08-03,Thursday,21119,139,1037,3.0,395.75,0.0,1187.25,0.0,1187.25,270.26,376.47,0.317094125078964,Digital Wallet,Online,False,None,Rainy,False,151,False,338,218,-120.0,False,5.0
20234621,2024-06-18,Tuesday,20876,122,1048,3.0,274.73,0.0,824.19,0.0,824.19,184.37,271.08,0.3289047428384232,EBT,Online,False,None,Cloudy,False,246,False,252,207,-45.0,False,1.0
20234622,2024-11-29,Friday,20497,104,1010,1.0,401.67,0.0,401.67,0.0,401.67,261.42,140.25,0.3491672268279931,Debit Card,Curbside Pickup,False,None,Sunny,True,315,False,212,282,70.0,False,4.0
20234623,2024-12-17,Tuesday,20508,129,1025,1.0,530.7,0.18,530.7,95.526,435.174,301.28,133.894,0.30767922715971097,Credit Card,Curbside Pickup,True,Bundle Deal,Stormy,False,172,False,442,539,97.0,False,4.0
20234624,2023-01-06,Friday,20159,134,1028,3.0,824.75,0.0,2474.25,0.0,2474.25,494.36,991.17,0.40059411943013035,EBT,Online,False,None,Snowy,False,95,False,446,277,-169.0,False,4.0
20234625,2023-11-17,Friday,20990,117,1006,4.0,274.15,0.0,1096.6,0.0,1096.6,163.55,442.4,0.4034287798650373,Gift Card,In-Store,False,None,Stormy,False,240,False,270,251,-19.0,False,4.0
20234626,2024-11-27,Wednesday,20706,119,1009,2.0,1702.27,0.0,3404.54,0.0,3404.54,1077.88,1248.78,0.36679845147949497,Cash,Mobile App,False,None,Stormy,False,351,False,84,109,25.0,False,1.0
20234627,2024-12-17,Tuesday,20269,116,1015,5.0,256.4,0.31,1282.0,397.42,884.58,149.38,137.68,0.15564448664903113,Debit Card,Curbside Pickup,True,Percentage Discount,Snowy,False,507,False,229,323,94.0,False,1.0
20234628,2024-08-25,Sunday,20962,126,1044,7.0,66.09,0.0,462.63,0.0,462.63,46.06,140.21,0.3030715690724769,Cash,Online,False,None,Snowy,False,5,True,348,412,64.0,False,4.0
20234629,2024-07-30,Tuesday,20320,126,1012,5.0,235.17,0.13,1175.85,152.8605,1022.9895,173.37,156.1395,0.15263059884778865,EBT,Online,True,Percentage Discount,Rainy,False,503,False,274,301,27.0,False,5.0
20234630,2024-09-08,Sunday,20782,125,1039,1.0,97.26,0.0,97.26,0.0,97.26,71.53,25.73,0.2645486325313593,EBT,Online,False,None,Sunny,False,365,False,119,139,20.0,False,2.0
20234631,2024-06-20,Thursday,20661,111,1036,1.0,1083.29,0.0,1083.29,0.0,1083.29,738.32,344.97,0.31844658401720677,EBT,Curbside Pickup,False,None,Sunny,False,236,False,472,577,105.0,False,4.0
20234632,2023-12-12,Tuesday,20031,135,1044,4.0,71.38,0.23,285.52,65.6696,219.8504,46.06,35.6104,0.16197559795206182,Cash,Curbside Pickup,True,Manufacturer Rebate,Rainy,False,91,False,332,362,30.0,False,5.0
20234633,2023-05-12,Friday,20700,150,1015,5.0,253.75,0.0,1268.75,0.0,1268.75,149.38,521.85,0.4113103448275862,Credit Card,Online,False,None,Windy,False,306,False,274,191,-83.0,False,2.0
20234634,2024-10-09,Wednesday,20299,138,1038,7.0,140.51,0.26,983.57,255.7282,727.8418,88.81,106.1718,0.14587208374127436,Cash,Online,True,BOGO,Sunny,False,57,False,100,98,-2.0,False,4.0
20234635,2023-11-24,Friday,21100,141,1049,6.0,159.78,0.09,958.68,86.2812,872.3988,117.26,168.8388,0.19353396634658368,Cash,Mobile App,True,Percentage Discount,Cloudy,False,25,False,119,148,29.0,False,3.0
20234636,2024-11-15,Friday,21015,113,1044,3.0,65.32,0.0,195.96,0.0,195.96,46.06,57.78,0.29485609308022037,Digital Wallet,Mobile App,False,None,Windy,False,283,False,231,301,70.0,False,4.0
20234637,2024-11-26,Tuesday,21195,101,1050,1.0,1351.2,0.33,1351.2,445.896,905.304,742.28,163.024,0.1800765267799547,Debit Card,In-Store,True,Clearance,Sunny,False,468,False,378,268,-110.0,False,1.0
20234638,2024-11-28,Thursday,20878,146,1003,2.0,1838.6,0.0,3677.2,0.0,3677.2,1394.94,887.32,0.24130316545197425,EBT,Curbside Pickup,False,None,Snowy,True,259,False,276,260,-16.0,False,1.0
20234639,2024-02-25,Sunday,20251,143,1032,2.0,946.19,0.0,1892.38,0.0,1892.38,572.31,747.76,0.39514262463141664,EBT,Online,False,None,Cloudy,False,141,False,92,73,-19.0,False,2.0
20234640,2024-01-17,Wednesday,20921,140,1046,1.0,532.45,0.0,532.45,0.0,532.45,345.33,187.12,0.3514320593482957,Digital Wallet,In-Store,False,None,Snowy,False,82,False,236,314,78.0,False,1.0
20234641,2023-06-16,Friday,21169,137,1037,1.0,383.1,0.23,383.1,88.113,294.987,270.26,24.727,0.08382403292348486,Debit Card,Online,True,BOGO,Cloudy,False,281,False,123,96,-27.0,False,4.0
20234642,2024-10-10,Thursday,21158,126,1007,2.0,1128.92,0.0,2257.84,0.0,2257.84,637.12,983.6,0.43563760053856787,Digital Wallet,In-Store,False,None,Windy,False,429,False,175,113,-62.0,False,1.0
20234643,2024-04-18,Thursday,20085,136,1033,1.0,813.27,0.0,813.27,0.0,813.27,465.85,347.42,0.4271890024223197,Digital Wallet,In-Store,False,None,Cloudy,False,449,False,373,229,-144.0,False,4.0
20234644,2024-11-04,Monday,20068,103,1042,3.0,414.02,0.0,1242.06,0.0,1242.06,233.03,542.97,0.4371527945509878,Credit Card,In-Store,False,None,Cloudy,False,286,False,423,475,52.0,False,1.0
20234645,2024-10-25,Friday,20443,121,1023,2.0,129.93,0.0,259.86,0.0,259.86,70.74,118.38,0.45555299007157707,Digital Wallet,Mobile App,False,None,Cloudy,False,314,False,191,137,-54.0,False,5.0
20234646,2024-02-29,Thursday,21053,105,1024,3.0,465.88,0.0,1397.64,0.0,1397.64,283.62,546.78,0.3912166223061732,EBT,Online,False,None,Rainy,False,451,False,379,437,58.0,False,2.0
20234647,2023-04-18,Tuesday,20434,106,1035,1.0,743.71,0.22,743.71,163.6162,580.0938,403.28,176.8138,0.3048020854558349,Digital Wallet,Online,True,Manufacturer Rebate,Rainy,False,16,True,278,290,12.0,False,1.0
20234648,2023-09-22,Friday,20834,149,1026,7.0,229.52,0.33,1606.64,530.1912,1076.4488,130.01,166.3788,0.15456266939960372,EBT,In-Store,True,Manufacturer Rebate,Sunny,False,303,False,148,109,-39.0,False,5.0
20234649,2023-10-08,Sunday,20312,148,1041,2.0,676.18,0.0,1352.36,0.0,1352.36,486.05,380.26,0.2811825253630689,EBT,Curbside Pickup,False,None,Stormy,False,454,False,407,399,-8.0,True,4.0
20234650,2023-07-07,Friday,20447,114,1032,2.0,917.32,0.0,1834.64,0.0,1834.64,572.31,690.02,0.3761064841058737,EBT,Curbside Pickup,False,None,Sunny,False,192,False,261,352,91.0,False,5.0
20234651,2023-04-16,Sunday,20082,131,1042,1.0,415.74,0.0,415.74,0.0,415.74,233.03,182.71,0.43948140664838603,Credit Card,In-Store,False,None,Snowy,False,296,False,428,429,1.0,False,5.0
20234652,2023-07-23,Sunday,20216,131,1012,5.0,238.9,0.0,1194.5,0.0,1194.5,173.37,327.65,0.27429886982000834,Digital Wallet,Mobile App,False,None,Rainy,False,161,False,92,113,21.0,False,2.0
20234653,2024-05-19,Sunday,20515,109,1021,5.0,79.91,0.27,399.55,107.8785,291.6715,45.04,66.4715,0.22789850911042045,Cash,Curbside Pickup,True,Bundle Deal,Snowy,False,313,False,338,441,103.0,False,3.0
20234654,2024-11-10,Sunday,21032,120,1037,2.0,400.26,0.0,800.52,0.0,800.52,270.26,260.0,0.32478888722330485,Credit Card,In-Store,False,None,Windy,False,88,False,214,286,72.0,False,5.0
20234655,2024-01-07,Sunday,20485,145,1045,7.0,233.6,0.08,1635.2,130.816,1504.384,159.92,384.944,0.25588147706968445,Gift Card,Mobile App,True,Clearance,Sunny,False,492,False,22,16,-6.0,False,2.0
20234656,2023-08-28,Monday,20341,140,1049,2.0,150.87,0.0,301.74,0.0,301.74,117.26,67.22,0.22277457413667395,Digital Wallet,Online,False,None,Cloudy,False,173,False,209,284,75.0,False,4.0
20234657,2023-01-03,Tuesday,20018,130,1006,6.0,292.61,0.0,1755.66,0.0,1755.66,163.55,774.36,0.4410648986705854,Debit Card,Online,False,None,Sunny,False,55,False,143,176,33.0,False,3.0
20234658,2024-11-01,Friday,20974,115,1045,4.0,238.2,0.17,952.8,161.976,790.824,159.92,151.144,0.19112217130486683,Cash,Mobile App,True,Clearance,Cloudy,False,364,False,318,282,-36.0,False,1.0
20234659,2024-04-06,Saturday,20971,140,1029,2.0,2294.83,0.0,4589.66,0.0,4589.66,1429.66,1730.34,0.37700831869898854,Credit Card,Online,False,None,Sunny,False,460,False,255,347,92.0,False,2.0
20234660,2024-12-12,Thursday,20204,131,1042,2.0,427.86,0.09,855.72,77.0148,778.7052,233.03,312.6452,0.4014936589610548,Credit Card,Online,True,Clearance,Cloudy,False,200,False,30,18,-12.0,False,2.0
20234661,2023-11-20,Monday,20747,133,1005,1.0,1088.27,0.0,1088.27,0.0,1088.27,774.22,314.05,0.2885772832109678,Digital Wallet,Curbside Pickup,False,None,Snowy,False,350,False,404,566,162.0,False,5.0
20234662,2023-07-13,Thursday,20286,107,1023,2.0,124.95,0.0,249.9,0.0,249.9,70.74,108.42,0.4338535414165667,Gift Card,Curbside Pickup,False,None,Sunny,False,22,True,378,387,9.0,False,1.0
20234663,2024-05-23,Thursday,20583,113,1017,2.0,121.74,0.28,243.48,68.1744,175.3056,93.3,-11.2944,-0.06442692076008996,Debit Card,Curbside Pickup,True,Loyalty Reward,Windy,False,443,False,340,330,-10.0,False,3.0
20234664,2023-11-07,Tuesday,20318,120,1026,1.0,220.65,0.32,220.65,70.608,150.042,130.01,20.032,0.13350928406712795,Digital Wallet,In-Store,True,Clearance,Rainy,False,357,False,141,97,-44.0,False,1.0
20234665,2023-08-05,Saturday,20221,149,1014,7.0,239.49,0.0,1676.43,0.0,1676.43,172.18,471.17,0.281055576433254,Gift Card,Curbside Pickup,False,None,Sunny,False,253,False,262,264,2.0,False,1.0
20234666,2023-10-16,Monday,20435,130,1022,1.0,309.53,0.0,309.53,0.0,309.53,187.99,121.54,0.39265983911091,Digital Wallet,Online,False,None,Snowy,False,515,False,453,451,-2.0,False,5.0
20234667,2023-04-17,Monday,20807,119,1047,4.0,372.78,0.0,1491.12,0.0,1491.12,273.17,398.44,0.2672085412307526,Credit Card,Online,False,None,Sunny,False,24,True,397,405,8.0,False,4.0
20234668,2023-10-25,Wednesday,20817,116,1019,2.0,1323.85,0.0,2647.7,0.0,2647.7,867.36,912.98,0.3448200324810212,Credit Card,Online,False,None,Cloudy,False,94,False,314,275,-39.0,False,5.0
20234669,2024-09-20,Friday,20828,138,1011,2.0,892.42,0.06,1784.84,107.0904,1677.7496,618.67,440.4096,0.2625001966920451,Cash,Online,True,Percentage Discount,Stormy,False,480,False,338,335,-3.0,False,1.0
20234670,2023-12-07,Thursday,20732,120,1001,2.0,631.33,0.0,1262.66,0.0,1262.66,419.73,423.2,0.3351654443793262,Debit Card,Mobile App,False,None,Sunny,False,298,False,222,208,-14.0,False,5.0
20234671,2024-07-02,Tuesday,20860,138,1024,4.0,513.08,0.0,2052.32,0.0,2052.32,283.62,917.84,0.4472207063226008,Credit Card,Mobile App,False,None,Windy,False,83,False,332,381,49.0,False,4.0
20234672,2023-11-21,Tuesday,20198,145,1004,3.0,671.8,0.25,2015.4,503.85,1511.55,445.03,176.46,0.11674109357943835,Gift Card,Mobile App,True,Loyalty Reward,Snowy,False,201,False,141,104,-37.0,False,3.0
20234673,2023-01-29,Sunday,20151,150,1028,3.0,802.2,0.0,2406.6,0.0,2406.6,494.36,923.52,0.3837447020693095,Credit Card,Mobile App,False,None,Cloudy,False,73,False,360,261,-99.0,False,4.0
20234674,2023-01-24,Tuesday,20711,114,1029,2.0,2104.23,0.0,4208.46,0.0,4208.46,1429.66,1349.14,0.3205780736896632,Cash,Mobile App,False,None,Sunny,False,83,False,308,381,73.0,False,1.0
20234675,2023-05-13,Saturday,20638,129,1026,2.0,219.83,0.0,439.66,0.0,439.66,130.01,179.64,0.4085884547150071,Gift Card,Curbside Pickup,False,None,Sunny,False,236,False,258,288,30.0,False,4.0
20234676,2024-08-19,Monday,20808,145,1021,6.0,80.0,0.0,480.0,0.0,480.0,45.04,209.76,0.437,Cash,Curbside Pickup,False,None,Sunny,False,511,False,145,101,-44.0,False,1.0
20234677,2024-11-17,Sunday,20326,109,1009,2.0,1702.32,0.0,3404.64,0.0,3404.64,1077.88,1248.88,0.3668170496733868,Digital Wallet,In-Store,False,None,Cloudy,False,17,True,313,321,8.0,False,2.0
20234678,2024-04-25,Thursday,21175,135,1026,1.0,221.11,0.34,221.11,75.1774,145.9326,130.01,15.9226,0.10910927373321667,Debit Card,Mobile App,True,Loyalty Reward,Cloudy,False,390,False,403,350,-53.0,False,5.0
20234679,2024-11-13,Wednesday,20175,101,1006,2.0,260.75,0.0,521.5,0.0,521.5,163.55,194.4,0.372770853307766,EBT,Mobile App,False,None,Sunny,False,148,False,50,67,17.0,False,1.0
20234680,2024-12-30,Monday,20190,141,1030,2.0,854.34,0.0,1708.68,0.0,1708.68,569.19,570.3,0.3337664161809115,Debit Card,Curbside Pickup,False,None,Sunny,False,246,False,122,173,51.0,False,5.0
20234681,2024-05-27,Monday,20282,127,1006,3.0,278.96,0.06,836.88,50.2128,786.6672,163.55,296.0172,0.37629279573369767,Debit Card,Online,True,Percentage Discount,Snowy,True,310,False,394,289,-105.0,False,5.0
20234682,2023-12-16,Saturday,20488,131,1011,2.0,937.06,0.0,1874.12,0.0,1874.12,618.67,636.78,0.33977546795295926,Debit Card,Online,False,None,Stormy,False,74,False,222,201,-21.0,True,4.0
20234683,2023-10-16,Monday,20274,132,1034,2.0,1610.54,0.18,3221.08,579.7944,2641.2856,1145.68,349.9256,0.13248306052173986,Digital Wallet,Online,True,Bundle Deal,Sunny,False,32,False,68,59,-9.0,False,2.0
20234684,2023-09-27,Wednesday,20977,147,1033,2.0,809.68,0.15,1619.36,242.904,1376.456,465.85,444.756,0.3231167578186298,Cash,Mobile App,True,Percentage Discount,Snowy,False,182,False,325,207,-118.0,False,2.0
20234685,2024-12-04,Wednesday,20706,132,1033,2.0,813.26,0.0,1626.52,0.0,1626.52,465.85,694.82,0.42718195902909273,Digital Wallet,Curbside Pickup,False,None,Snowy,False,469,False,193,197,4.0,False,3.0
20234686,2024-11-15,Friday,20287,140,1010,3.0,409.06,0.0,1227.18,0.0,1227.18,261.42,442.92,0.36092504767026845,Credit Card,Curbside Pickup,False,None,Cloudy,False,47,False,20,20,0.0,False,1.0
20234687,2023-12-27,Wednesday,20444,137,1011,2.0,882.92,0.1,1765.84,176.584,1589.256,618.67,351.916,0.2214344322123056,Credit Card,Curbside Pickup,True,BOGO,Cloudy,False,320,False,65,74,9.0,False,1.0
20234688,2023-11-06,Monday,20323,108,1036,2.0,1079.12,0.16,2158.24,345.3184,1812.9216,738.32,336.2816,0.18549152925311257,Debit Card,Mobile App,True,Manufacturer Rebate,Windy,False,186,False,70,80,10.0,True,2.0
20234689,2023-06-30,Friday,21132,104,1004,1.0,706.66,0.0,706.66,0.0,706.66,445.03,261.63,0.37023462485495146,Credit Card,Mobile App,False,None,Cloudy,False,68,False,161,146,-15.0,False,3.0
20234690,2023-10-31,Tuesday,20044,125,1009,2.0,1854.9,0.0,3709.8,0.0,3709.8,1077.88,1554.04,0.41890128847916325,Digital Wallet,In-Store,False,None,Stormy,False,330,False,30,34,4.0,True,3.0
20234691,2023-12-28,Thursday,20062,142,1041,3.0,623.36,0.0,1870.08,0.0,1870.08,486.05,411.93,0.22027399897330588,Cash,Curbside Pickup,False,None,Cloudy,False,24,True,129,143,14.0,False,1.0
20234692,2024-03-23,Saturday,21002,118,1043,6.0,122.46,0.29,734.76,213.0804,521.6796,75.88,66.3996,0.12728042269622977,Cash,Online,True,Manufacturer Rebate,Snowy,False,54,False,103,120,17.0,False,3.0
20234693,2024-01-17,Wednesday,20456,124,1022,2.0,338.52,0.0,677.04,0.0,677.04,187.99,301.06,0.44467092047737206,Credit Card,Mobile App,False,None,Cloudy,False,126,False,293,301,8.0,False,1.0
20234694,2023-03-07,Tuesday,20107,137,1049,1.0,162.78,0.0,162.78,0.0,162.78,117.26,45.52,0.2796412335667772,Digital Wallet,Online,False,None,Stormy,False,124,False,350,421,71.0,False,5.0
20234695,2024-03-25,Monday,20336,143,1044,2.0,71.06,0.0,142.12,0.0,142.12,46.06,50.0,0.35181536729524343,Cash,Curbside Pickup,False,None,Stormy,False,147,False,413,376,-37.0,False,2.0
20234696,2023-06-14,Wednesday,20867,120,1004,4.0,687.7,0.27,2750.8,742.716,2008.084,445.03,227.964,0.11352313947026128,Cash,In-Store,True,Loyalty Reward,Cloudy,False,503,False,25,20,-5.0,False,1.0
20234697,2023-11-30,Thursday,20824,120,1014,4.0,226.42,0.0,905.68,0.0,905.68,172.18,216.96,0.23955480964579093,Credit Card,Online,False,None,Cloudy,False,333,False,337,293,-44.0,False,3.0
20234698,2024-05-27,Monday,21015,113,1019,1.0,1266.55,0.0,1266.55,0.0,1266.55,867.36,399.19,0.31517902964746747,Credit Card,Mobile App,False,None,Snowy,True,119,False,472,347,-125.0,False,2.0
20234699,2024-12-04,Wednesday,21032,120,1038,2.0,156.39,0.1,312.78,31.278,281.502,88.81,103.882,0.36902757351635146,Gift Card,Curbside Pickup,True,BOGO,Sunny,False,86,False,93,131,38.0,False,5.0
20234700,2023-08-31,Thursday,20927,112,1037,2.0,387.47,0.14,774.94,108.4916,666.4484,270.26,125.9284,0.18895446369141258,Digital Wallet,In-Store,True,Loyalty Reward,Windy,False,496,False,240,300,60.0,False,3.0
20234701,2024-06-15,Saturday,20385,115,1025,1.0,510.63,0.06,510.63,30.6378,479.9922,301.28,178.7122,0.3723231335842542,EBT,Online,True,Percentage Discount,Windy,False,395,False,450,349,-101.0,False,5.0
20234702,2023-07-13,Thursday,20145,131,1049,2.0,156.07,0.0,312.14,0.0,312.14,117.26,77.62,0.2486704683795732,Gift Card,Curbside Pickup,False,None,Sunny,False,267,False,242,198,-44.0,False,5.0
20234703,2023-02-12,Sunday,21190,108,1041,3.0,616.46,0.11,1849.38,203.4318,1645.9482,486.05,187.7982,0.11409727231999157,Debit Card,Mobile App,True,Loyalty Reward,Windy,False,278,False,446,446,0.0,False,4.0
20234704,2023-11-21,Tuesday,20420,115,1006,2.0,291.76,0.0,583.52,0.0,583.52,163.55,256.42,0.4394365231697285,Credit Card,In-Store,False,None,Snowy,False,284,False,212,242,30.0,False,4.0
20234705,2024-01-15,Monday,21121,139,1048,3.0,286.64,0.0,859.92,0.0,859.92,184.37,306.81,0.35678900362824445,Cash,Curbside Pickup,False,None,Rainy,False,78,False,369,322,-47.0,False,1.0
20234706,2024-07-16,Tuesday,20844,140,1025,4.0,572.07,0.0,2288.28,0.0,2288.28,301.28,1083.16,0.4733511633191743,Gift Card,Online,False,None,Windy,False,31,False,228,224,-4.0,False,4.0
20234707,2023-02-07,Tuesday,20074,126,1013,7.0,174.41,0.0,1220.87,0.0,1220.87,118.75,389.62,0.31913307723181006,Digital Wallet,In-Store,False,None,Cloudy,False,496,False,328,386,58.0,False,4.0
20234708,2023-09-02,Saturday,20252,104,1019,2.0,1299.19,0.0,2598.38,0.0,2598.38,867.36,863.66,0.33238402389180954,EBT,Mobile App,False,None,Stormy,True,276,False,437,600,163.0,False,2.0
20234709,2024-07-01,Monday,20900,147,1035,1.0,697.03,0.21,697.03,146.3763,550.6537,403.28,147.3737,0.2676340865411419,Cash,In-Store,True,Clearance,Cloudy,False,469,False,363,286,-77.0,False,1.0
20234710,2024-12-20,Friday,20356,137,1031,4.0,542.98,0.08,2171.92,173.7536,1998.1664,402.09,389.8064,0.19508205122456276,EBT,Mobile App,True,Clearance,Sunny,False,303,False,94,74,-20.0,True,4.0
20234711,2024-02-07,Wednesday,20470,104,1016,2.0,391.94,0.29,783.88,227.3252,556.5548,263.25,30.0548,0.05400151072275362,Digital Wallet,Online,True,Manufacturer Rebate,Stormy,False,286,False,65,55,-10.0,False,3.0
20234712,2024-05-13,Monday,20961,145,1034,2.0,1612.67,0.27,3225.34,870.8418,2354.4982,1145.68,63.1382,0.02681598992090963,Digital Wallet,Curbside Pickup,True,Manufacturer Rebate,Sunny,False,34,False,201,247,46.0,False,5.0
20234713,2024-11-02,Saturday,20334,147,1048,2.0,268.11,0.0,536.22,0.0,536.22,184.37,167.48,0.3123344895751744,Digital Wallet,In-Store,False,None,Sunny,False,79,False,347,458,111.0,False,2.0
20234714,2024-08-22,Thursday,20717,129,1049,2.0,155.99,0.18,311.98,56.1564,255.8236,117.26,21.3036,0.08327456888262073,EBT,Mobile App,True,Manufacturer Rebate,Rainy,False,59,False,96,105,9.0,False,5.0
20234715,2024-11-23,Saturday,20690,106,1047,1.0,412.58,0.0,412.58,0.0,412.58,273.17,139.41,0.33789810461001496,Digital Wallet,In-Store,False,None,Windy,False,423,False,106,130,24.0,False,4.0
20234716,2024-08-15,Thursday,21135,111,1047,3.0,380.97,0.11,1142.91,125.7201,1017.1899,273.17,197.6799,0.19433922810283516,Credit Card,Online,True,BOGO,Stormy,False,76,False,186,236,50.0,False,3.0
20234717,2024-11-06,Wednesday,20688,108,1001,2.0,629.86,0.0,1259.72,0.0,1259.72,419.73,420.26,0.3336138189438923,Cash,Online,False,None,Snowy,False,281,False,122,158,36.0,False,5.0
20234718,2023-03-09,Thursday,20581,126,1006,1.0,275.43,0.0,275.43,0.0,275.43,163.55,111.88,0.40620121264931197,Credit Card,Online,False,None,Rainy,False,315,False,121,87,-34.0,False,3.0
20234719,2024-11-15,Friday,20096,105,1020,4.0,334.12,0.0,1336.48,0.0,1336.48,190.07,576.2,0.4311325272357237,EBT,Mobile App,False,None,Rainy,False,186,False,458,615,157.0,False,4.0
20234720,2023-03-02,Thursday,20103,129,1004,4.0,704.34,0.0,2817.36,0.0,2817.36,445.03,1037.24,0.3681602635091008,Debit Card,In-Store,False,None,Rainy,False,339,False,351,449,98.0,False,5.0
20234721,2023-03-10,Friday,20726,102,1012,2.0,261.78,0.0,523.56,0.0,523.56,173.37,176.82,0.33772633509053396,Cash,Mobile App,False,None,Sunny,False,228,False,208,300,92.0,False,5.0
20234722,2024-01-19,Friday,20867,120,1020,3.0,335.23,0.33,1005.69,331.8777,673.8123,190.07,103.6023,0.153755430110136,Cash,Online,True,BOGO,Cloudy,False,56,False,95,79,-16.0,False,4.0
20234723,2023-04-08,Saturday,20539,126,1017,1.0,126.12,0.1,126.12,12.612,113.508,93.3,20.208,0.17803150438735604,EBT,In-Store,True,Manufacturer Rebate,Rainy,False,508,False,250,162,-88.0,False,4.0
20234724,2023-01-01,Sunday,20352,138,1020,4.0,353.82,0.0,1415.28,0.0,1415.28,190.07,655.0,0.4628059465264824,Credit Card,Online,False,None,Cloudy,True,375,False,332,447,115.0,False,2.0
20234725,2024-10-29,Tuesday,20094,131,1036,2.0,1074.16,0.0,2148.32,0.0,2148.32,738.32,671.68,0.3126536084009831,EBT,Mobile App,False,None,Cloudy,False,137,False,113,119,6.0,False,2.0
20234726,2023-03-23,Thursday,20678,120,1041,1.0,648.2,0.0,648.2,0.0,648.2,486.05,162.15,0.25015427337241597,EBT,Curbside Pickup,False,None,Windy,False,365,False,384,335,-49.0,False,2.0
20234727,2023-12-20,Wednesday,21151,106,1035,1.0,731.74,0.34,731.74,248.7916,482.9484,403.28,79.6684,0.16496255086464728,Gift Card,In-Store,True,Clearance,Rainy,False,392,False,144,177,33.0,False,4.0
20234728,2023-11-26,Sunday,20982,134,1008,2.0,612.46,0.29,1224.92,355.2268,869.6932,397.4,74.8932,0.08611450566705614,Credit Card,Curbside Pickup,True,Bundle Deal,Stormy,False,85,False,149,112,-37.0,True,4.0
20234729,2024-09-04,Wednesday,20239,115,1034,1.0,1555.33,0.0,1555.33,0.0,1555.33,1145.68,409.65,0.263384619341233,Gift Card,In-Store,False,None,Cloudy,False,4,True,225,205,-20.0,False,5.0
20234730,2023-11-21,Tuesday,21056,116,1004,2.0,729.34,0.16,1458.68,233.3888,1225.2912,445.03,335.2312,0.2735930854640922,Credit Card,Online,True,Bundle Deal,Rainy,False,63,False,32,40,8.0,False,5.0
20234731,2023-02-27,Monday,20481,112,1020,3.0,360.0,0.16,1080.0,172.8,907.2,190.07,336.99,0.3714616402116402,Credit Card,In-Store,True,BOGO,Sunny,False,192,False,83,72,-11.0,False,2.0
20234732,2023-10-30,Monday,20136,123,1049,3.0,150.94,0.0,452.82,0.0,452.82,117.26,101.04,0.22313502053796203,Cash,Online,False,None,Snowy,False,478,False,395,515,120.0,False,3.0
20234733,2023-11-04,Saturday,20873,111,1048,6.0,276.43,0.0,1658.58,0.0,1658.58,184.37,552.36,0.33303187063632744,EBT,Mobile App,False,None,Windy,False,120,False,444,313,-131.0,False,4.0
20234734,2024-04-04,Thursday,20166,103,1008,1.0,642.87,0.05,642.87,32.1435,610.7265,397.4,213.3265,0.34929956371632803,Cash,Online,True,Clearance,Sunny,False,282,False,226,308,82.0,False,4.0
20234735,2024-11-03,Sunday,20981,139,1025,1.0,570.71,0.0,570.71,0.0,570.71,301.28,269.43,0.47209616092235995,Digital Wallet,Mobile App,False,None,Cloudy,False,25,False,448,484,36.0,False,4.0
20234736,2023-11-02,Thursday,20992,142,1024,3.0,480.57,0.0,1441.71,0.0,1441.71,283.62,590.85,0.40982583182470816,Cash,Online,False,None,Stormy,False,127,False,213,158,-55.0,False,5.0
20234737,2024-11-24,Sunday,21155,106,1015,7.0,246.8,0.18,1727.6,310.968,1416.632,149.38,370.972,0.2618689963236749,Credit Card,Mobile App,True,Manufacturer Rebate,Windy,False,173,False,197,271,74.0,False,4.0
20234738,2024-02-27,Tuesday,20165,149,1037,2.0,384.77,0.0,769.54,0.0,769.54,270.26,229.02,0.2976063622423786,Debit Card,Online,False,None,Snowy,False,185,False,115,125,10.0,False,5.0
20234739,2023-05-18,Thursday,20539,114,1005,2.0,1186.34,0.15,2372.68,355.902,2016.778,774.22,468.338,0.23222089887930145,Digital Wallet,Mobile App,True,Manufacturer Rebate,Sunny,False,290,False,239,157,-82.0,False,4.0
20234740,2024-12-27,Friday,20676,125,1037,1.0,381.85,0.0,381.85,0.0,381.85,270.26,111.59,0.29223517087861733,Credit Card,Mobile App,False,None,Sunny,False,261,False,47,53,6.0,False,1.0
20234741,2023-07-15,Saturday,20651,112,1006,1.0,281.22,0.0,281.22,0.0,281.22,163.55,117.67,0.41842685442002703,Digital Wallet,In-Store,False,None,Sunny,False,41,False,444,347,-97.0,False,4.0
20234742,2024-01-30,Tuesday,20451,103,1046,1.0,542.57,0.18,542.57,97.6626,444.9074,345.33,99.5774,0.22381601205104715,EBT,Mobile App,True,Clearance,Snowy,False,12,True,219,244,25.0,True,5.0
20234743,2023-10-19,Thursday,20729,135,1049,5.0,156.03,0.15,780.15,117.0225,663.1275,117.26,76.8275,0.11585630214400681,Gift Card,In-Store,True,Percentage Discount,Sunny,False,62,False,35,40,5.0,False,2.0
20234744,2024-08-11,Sunday,20991,122,1047,1.0,401.96,0.14,401.96,56.2744,345.6856,273.17,72.5156,0.20977327374932586,EBT,Mobile App,True,BOGO,Windy,False,267,False,459,467,8.0,False,2.0
20234745,2023-02-25,Saturday,20956,109,1037,3.0,385.74,0.0,1157.22,0.0,1157.22,270.26,346.44,0.2993726344169648,Cash,Curbside Pickup,False,None,Rainy,False,489,False,469,414,-55.0,True,5.0
20234746,2024-06-27,Thursday,20004,124,1022,2.0,321.29,0.28,642.58,179.9224,462.6576,187.99,86.6776,0.1873471872071268,Credit Card,Online,True,BOGO,Sunny,False,394,False,176,159,-17.0,False,2.0
20234747,2023-09-23,Saturday,20221,149,1026,3.0,227.31,0.24,681.93,163.6632,518.2668,130.01,128.2368,0.24743394714845732,Credit Card,Curbside Pickup,True,Bundle Deal,Rainy,False,432,False,283,385,102.0,False,2.0
20234748,2024-06-01,Saturday,21099,141,1026,6.0,214.9,0.0,1289.4,0.0,1289.4,130.01,509.34,0.3950209399720801,EBT,In-Store,False,None,Rainy,False,128,False,462,498,36.0,False,3.0
20234749,2024-09-10,Tuesday,20935,132,1034,2.0,1653.62,0.0,3307.24,0.0,3307.24,1145.68,1015.88,0.30716851513648835,Debit Card,In-Store,False,None,Cloudy,False,377,False,244,311,67.0,False,4.0
20234750,2024-10-31,Thursday,20396,103,1024,4.0,468.25,0.0,1873.0,0.0,1873.0,283.62,738.52,0.3942979177789642,Cash,Online,False,None,Rainy,False,435,False,411,341,-70.0,False,5.0
20234751,2023-10-24,Tuesday,20194,133,1018,1.0,333.14,0.0,333.14,0.0,333.14,198.14,135.0,0.4052350363210662,Gift Card,In-Store,False,None,Sunny,False,168,False,281,395,114.0,False,3.0
20234752,2024-12-16,Monday,20165,149,1025,2.0,573.26,0.0,1146.52,0.0,1146.52,301.28,543.96,0.4744444056797963,EBT,In-Store,False,None,Sunny,False,232,False,131,103,-28.0,False,3.0
20234753,2024-01-25,Thursday,20065,119,1025,3.0,544.38,0.0,1633.14,0.0,1633.14,301.28,729.3,0.4465630625665895,Cash,Online,False,None,Cloudy,False,143,False,137,165,28.0,False,4.0
20234754,2024-09-21,Saturday,20602,148,1015,2.0,252.99,0.22,505.98,111.3156,394.6644,149.38,95.9044,0.2430024091354579,EBT,Mobile App,True,Bundle Deal,Stormy,False,160,False,143,159,16.0,False,4.0
20234755,2024-06-06,Thursday,20107,137,1041,1.0,659.21,0.0,659.21,0.0,659.21,486.05,173.16,0.2626780540343745,Gift Card,Curbside Pickup,False,None,Cloudy,False,161,False,375,375,0.0,False,1.0
20234756,2024-04-07,Sunday,20491,149,1001,4.0,660.0,0.2,2640.0,528.0,2112.0,419.73,433.08,0.20505681818181815,Credit Card,Mobile App,True,Clearance,Windy,False,16,True,368,267,-101.0,False,1.0
20234757,2024-03-28,Thursday,20510,109,1008,2.0,611.68,0.0,1223.36,0.0,1223.36,397.4,428.56,0.3503138896154852,Debit Card,Curbside Pickup,False,None,Cloudy,False,171,False,407,261,-146.0,False,5.0
20234758,2023-12-26,Tuesday,20623,130,1029,1.0,2198.9,0.27,2198.9,593.703,1605.197,1429.66,175.537,0.10935542491046271,Credit Card,In-Store,True,Manufacturer Rebate,Windy,False,301,False,261,340,79.0,True,3.0
20234759,2023-09-28,Thursday,20009,136,1041,1.0,680.02,0.0,680.02,0.0,680.02,486.05,193.97,0.2852416105408664,Cash,Mobile App,False,None,Cloudy,False,212,False,455,279,-176.0,False,1.0
20234760,2023-05-13,Saturday,21185,107,1038,6.0,150.84,0.09,905.04,81.4536,823.5864,88.81,290.7264,0.35300048665203787,Gift Card,Mobile App,True,Manufacturer Rebate,Rainy,False,230,False,207,280,73.0,False,5.0
20234761,2023-11-09,Thursday,20628,111,1026,3.0,239.0,0.0,717.0,0.0,717.0,130.01,326.97,0.4560251046025105,Gift Card,Online,False,None,Stormy,False,260,False,208,285,77.0,False,4.0
20234762,2024-09-18,Wednesday,20780,110,1043,5.0,120.37,0.0,601.85,0.0,601.85,75.88,222.45,0.3696103680319017,Digital Wallet,Mobile App,False,None,Cloudy,False,327,False,442,396,-46.0,False,3.0
20234763,2024-08-07,Wednesday,20876,122,1006,2.0,273.42,0.0,546.84,0.0,546.84,163.55,219.74,0.40183600321849167,Gift Card,In-Store,False,None,Sunny,False,495,False,306,296,-10.0,False,3.0
20234764,2024-10-26,Saturday,21029,116,1015,3.0,244.65,0.0,733.95,0.0,733.95,149.38,285.81,0.38941344778254655,Gift Card,Curbside Pickup,False,None,Sunny,False,502,False,258,311,53.0,False,4.0
20234765,2023-04-23,Sunday,20418,109,1020,3.0,341.34,0.19,1024.02,194.5638,829.4562,190.07,259.2462,0.3125495957471895,EBT,In-Store,True,Clearance,Sunny,False,386,False,243,310,67.0,False,2.0
20234766,2024-05-23,Thursday,20821,150,1002,1.0,1325.19,0.0,1325.19,0.0,1325.19,759.3,565.89,0.4270255585991443,EBT,Mobile App,False,None,Windy,False,222,False,266,276,10.0,False,4.0
20234767,2024-12-23,Monday,20697,102,1014,5.0,215.75,0.0,1078.75,0.0,1078.75,172.18,217.85,0.20194669756662795,Cash,Mobile App,False,None,Snowy,False,195,False,297,372,75.0,False,1.0
20234768,2023-08-01,Tuesday,20866,118,1034,1.0,1613.63,0.13,1613.63,209.7719,1403.8581,1145.68,258.1781,0.18390612270570655,Digital Wallet,In-Store,True,Percentage Discount,Cloudy,False,261,False,100,88,-12.0,True,3.0
20234769,2023-03-14,Tuesday,21099,141,1002,2.0,1265.26,0.15,2530.52,379.578,2150.942,759.3,632.342,0.2939837522350673,Credit Card,In-Store,True,Manufacturer Rebate,Cloudy,False,97,False,64,42,-22.0,False,5.0
20234770,2023-11-11,Saturday,20262,140,1031,3.0,511.63,0.0,1534.89,0.0,1534.89,402.09,328.62,0.21410003322713675,Gift Card,Online,False,None,Rainy,False,0,True,119,129,10.0,False,4.0
20234771,2023-12-02,Saturday,20046,127,1027,5.0,60.01,0.18,300.05,54.009,246.041,37.44,58.841,0.23915119837750623,Cash,Mobile App,True,Bundle Deal,Snowy,False,364,False,349,305,-44.0,False,5.0
20234772,2024-04-18,Thursday,20356,137,1003,1.0,1866.93,0.26,1866.93,485.4018,1381.5282,1394.94,-13.4118,-0.009707945158122785,Digital Wallet,Online,True,Manufacturer Rebate,Sunny,False,454,False,448,566,118.0,False,1.0
20234773,2024-01-17,Wednesday,20164,109,1047,1.0,371.83,0.0,371.83,0.0,371.83,273.17,98.66,0.26533630960385113,Debit Card,In-Store,False,None,Snowy,False,363,False,277,327,50.0,False,3.0
20234774,2023-12-19,Tuesday,20236,144,1041,3.0,676.4,0.17,2029.2,344.964,1684.236,486.05,226.086,0.13423653217245077,Debit Card,Mobile App,True,BOGO,Cloudy,False,461,False,298,420,122.0,True,1.0
20234775,2023-04-24,Monday,20340,113,1025,2.0,519.46,0.0,1038.92,0.0,1038.92,301.28,436.36,0.4200130905170755,Cash,Online,False,None,Sunny,False,384,False,277,268,-9.0,False,2.0
20234776,2023-04-12,Wednesday,21191,118,1011,2.0,871.42,0.17,1742.84,296.2828,1446.5572,618.67,209.2172,0.1446311283093403,Credit Card,In-Store,True,BOGO,Sunny,False,181,False,287,273,-14.0,False,4.0
20234777,2024-12-24,Tuesday,20964,107,1030,2.0,848.47,0.0,1696.94,0.0,1696.94,569.19,558.56,0.32915718882223294,Credit Card,Mobile App,False,None,Stormy,True,134,False,106,150,44.0,False,3.0
20234778,2023-06-05,Monday,20708,131,1045,4.0,226.5,0.0,906.0,0.0,906.0,159.92,266.32,0.29395143487858727,Debit Card,Curbside Pickup,False,None,Sunny,False,487,False,194,174,-20.0,False,1.0
20234779,2024-06-28,Friday,21063,148,1034,1.0,1676.89,0.0,1676.89,0.0,1676.89,1145.68,531.21,0.3167828539737252,Gift Card,Online,False,None,Rainy,False,201,False,388,462,74.0,False,5.0
20234780,2024-11-20,Wednesday,20212,146,1044,7.0,65.1,0.25,455.7,113.925,341.775,46.06,19.355,0.05663082437275975,EBT,Online,True,BOGO,Rainy,False,439,False,331,458,127.0,False,2.0
20234781,2024-09-02,Monday,20011,111,1002,2.0,1249.89,0.0,2499.78,0.0,2499.78,759.3,981.18,0.3925065405755707,Gift Card,In-Store,False,None,Stormy,True,340,False,41,46,5.0,False,5.0
20234782,2023-09-13,Wednesday,20265,122,1026,2.0,224.74,0.0,449.48,0.0,449.48,130.01,189.46,0.421509299635134,EBT,Mobile App,False,None,Snowy,False,213,False,436,631,195.0,False,1.0
20234783,2023-03-02,Thursday,21101,145,1043,2.0,123.06,0.0,246.12,0.0,246.12,75.88,94.36,0.3833902161547213,Gift Card,Online,False,None,Windy,False,270,False,182,206,24.0,False,4.0
20234784,2023-05-05,Friday,20390,113,1030,2.0,874.1,0.0,1748.2,0.0,1748.2,569.19,609.82,0.3488273652900125,EBT,Online,False,None,Sunny,False,62,False,256,368,112.0,False,5.0
20234785,2024-01-16,Tuesday,20028,147,1019,2.0,1311.18,0.12,2622.36,314.6832,2307.6768,867.36,572.9568,0.24828294846141372,Debit Card,Mobile App,True,Percentage Discount,Sunny,False,111,False,47,42,-5.0,False,4.0
20234786,2023-11-05,Sunday,20260,142,1039,7.0,101.38,0.0,709.66,0.0,709.66,71.53,208.95,0.2944367725389622,Digital Wallet,In-Store,False,None,Stormy,False,175,False,362,288,-74.0,False,4.0
20234787,2023-05-01,Monday,20834,149,1011,2.0,868.32,0.0,1736.64,0.0,1736.64,618.67,499.3,0.28750921319329287,Gift Card,Mobile App,False,None,Sunny,False,244,False,153,206,53.0,False,3.0
20234788,2024-04-26,Friday,20677,111,1040,3.0,85.0,0.31,255.0,79.05,175.95,47.28,34.11,0.19386189258312014,Digital Wallet,Online,True,Clearance,Windy,False,371,False,479,656,177.0,False,5.0
20234789,2023-05-14,Sunday,20961,141,1007,2.0,1028.14,0.28,2056.28,575.7584,1480.5216,637.12,206.2816,0.13933035492356208,Debit Card,Online,True,Percentage Discount,Rainy,False,52,False,429,621,192.0,False,4.0
20234790,2023-12-16,Saturday,20843,107,1006,7.0,286.12,0.0,2002.84,0.0,2002.84,163.55,857.99,0.4283866908989235,Cash,Online,False,None,Stormy,False,355,False,195,261,66.0,False,4.0
20234791,2023-08-03,Thursday,20087,139,1014,2.0,218.25,0.0,436.5,0.0,436.5,172.18,92.14,0.21108820160366548,EBT,Curbside Pickup,False,None,Snowy,False,35,False,152,119,-33.0,False,5.0
20234792,2024-12-22,Sunday,21166,121,1002,2.0,1250.18,0.0,2500.36,0.0,2500.36,759.3,981.76,0.39264745876593776,Cash,Mobile App,False,None,Sunny,False,149,False,384,381,-3.0,False,4.0
20234793,2024-12-30,Monday,20068,103,1046,3.0,564.32,0.0,1692.96,0.0,1692.96,345.33,656.97,0.3880599659767508,Credit Card,In-Store,False,None,Cloudy,False,518,False,53,41,-12.0,False,4.0
20234794,2023-03-21,Tuesday,20817,105,1018,3.0,355.39,0.0,1066.17,0.0,1066.17,198.14,471.75,0.4424716508624329,Debit Card,In-Store,False,None,Windy,False,165,False,56,78,22.0,False,5.0
20234795,2023-07-28,Friday,20272,127,1042,1.0,447.36,0.08,447.36,35.7888,411.5712,233.03,178.5412,0.4338039201965541,Cash,Mobile App,True,Manufacturer Rebate,Rainy,False,39,False,43,34,-9.0,False,2.0
20234796,2024-10-16,Wednesday,20440,124,1050,2.0,1355.64,0.2,2711.28,542.256,2169.024,742.28,684.464,0.31556312885426824,Debit Card,Online,True,Manufacturer Rebate,Windy,False,498,False,26,34,8.0,False,1.0
20234797,2024-12-24,Tuesday,20585,150,1046,1.0,559.07,0.12,559.07,67.0884,491.9816,345.33,146.6516,0.29808350556199675,Cash,Online,True,Loyalty Reward,Sunny,True,108,False,320,463,143.0,False,2.0
20234798,2024-10-10,Thursday,20883,108,1008,4.0,628.89,0.0,2515.56,0.0,2515.56,397.4,925.96,0.3680929892350014,EBT,In-Store,False,None,Stormy,False,106,False,230,156,-74.0,False,4.0
20234799,2023-04-03,Monday,21046,127,1020,2.0,344.01,0.0,688.02,0.0,688.02,190.07,307.88,0.4474869916572193,Cash,Mobile App,False,None,Cloudy,False,117,False,231,140,-91.0,False,3.0
20234800,2024-09-29,Sunday,20964,107,1014,4.0,236.76,0.0,947.04,0.0,947.04,172.18,258.32,0.2727656698766683,Cash,Curbside Pickup,False,None,Windy,False,454,False,338,249,-89.0,False,5.0
20234801,2024-11-13,Wednesday,20428,149,1033,1.0,865.14,0.06,865.14,51.9084,813.2316,465.85,347.3816,0.42716195484779484,Digital Wallet,Curbside Pickup,True,BOGO,Rainy,False,159,False,353,381,28.0,False,3.0
20234802,2024-12-17,Tuesday,20951,128,1031,3.0,564.93,0.0,1694.79,0.0,1694.79,402.09,488.52,0.2882481015347034,Digital Wallet,Mobile App,False,None,Snowy,False,248,False,151,205,54.0,False,5.0
20234803,2023-07-09,Sunday,20007,124,1039,3.0,96.24,0.0,288.72,0.0,288.72,71.53,74.13,0.2567539484621778,Gift Card,Mobile App,False,None,Cloudy,False,350,False,165,181,16.0,False,4.0
20234804,2024-01-04,Thursday,21145,113,1021,1.0,78.23,0.0,78.23,0.0,78.23,45.04,33.19,0.4242617921513486,Debit Card,In-Store,False,None,Sunny,False,108,False,302,214,-88.0,False,3.0
20234805,2023-06-05,Monday,20967,145,1021,3.0,79.85,0.0,239.55,0.0,239.55,45.04,104.43,0.43594239198497176,Cash,Online,False,None,Cloudy,False,204,False,33,25,-8.0,False,1.0
20234806,2023-04-28,Friday,20572,148,1027,2.0,55.87,0.0,111.74,0.0,111.74,37.44,36.86,0.3298729192768928,EBT,Online,False,None,Windy,False,285,False,350,330,-20.0,False,2.0
20234807,2024-11-02,Saturday,21095,109,1014,4.0,235.24,0.0,940.96,0.0,940.96,172.18,252.24,0.26806665533072604,Credit Card,Online,False,None,Stormy,False,351,False,66,48,-18.0,False,2.0
20234808,2023-12-18,Monday,21081,105,1037,1.0,401.79,0.0,401.79,0.0,401.79,270.26,131.53,0.32736006371487597,Digital Wallet,Online,False,None,Stormy,False,62,False,208,157,-51.0,False,5.0
20234809,2023-08-16,Wednesday,20853,122,1007,2.0,1024.47,0.07,2048.94,143.4258,1905.5142,637.12,631.2742,0.3312881111040789,Gift Card,Curbside Pickup,True,Loyalty Reward,Snowy,False,318,False,395,551,156.0,False,4.0
20234810,2023-10-08,Sunday,20153,111,1050,2.0,1363.7,0.0,2727.4,0.0,2727.4,742.28,1242.84,0.4556867346190511,Gift Card,In-Store,False,None,Cloudy,False,510,False,75,50,-25.0,False,2.0
20234811,2023-05-26,Friday,20877,128,1032,1.0,974.82,0.0,974.82,0.0,974.82,572.31,402.51,0.41290699821505517,Digital Wallet,Online,False,None,Rainy,False,395,False,366,371,5.0,False,5.0
20234812,2024-05-24,Friday,20811,149,1021,6.0,78.75,0.0,472.5,0.0,472.5,45.04,202.26,0.42806349206349203,Cash,Curbside Pickup,False,None,Sunny,False,6,True,126,177,51.0,False,2.0
20234813,2023-12-02,Saturday,20476,123,1014,6.0,240.99,0.0,1445.94,0.0,1445.94,172.18,412.86,0.28553051993858675,Credit Card,Curbside Pickup,False,None,Cloudy,False,289,False,40,33,-7.0,False,5.0
20234814,2023-11-08,Wednesday,20757,141,1030,1.0,927.97,0.07,927.97,64.9579,863.0121,569.19,293.8221,0.34046115923519493,Cash,In-Store,True,Bundle Deal,Sunny,False,89,False,367,329,-38.0,False,5.0
20234815,2024-05-27,Monday,20458,117,1042,2.0,446.83,0.18,893.66,160.8588,732.8012,233.03,266.7412,0.3640021331842797,EBT,Online,True,BOGO,Windy,True,505,False,119,74,-45.0,False,5.0
20234816,2023-06-13,Tuesday,20442,143,1030,2.0,932.43,0.0,1864.86,0.0,1864.86,569.19,726.48,0.3895627553811009,Debit Card,Mobile App,False,None,Sunny,False,429,False,474,685,211.0,False,1.0
20234817,2024-03-27,Wednesday,20187,126,1050,1.0,1280.27,0.12,1280.27,153.6324,1126.6376,742.28,384.3576,0.34115460020152005,Gift Card,In-Store,True,Clearance,Windy,False,485,False,254,353,99.0,False,2.0
20234818,2023-10-04,Wednesday,20063,106,1037,2.0,405.95,0.0,811.9,0.0,811.9,270.26,271.38,0.3342529868210371,Cash,Online,False,None,Cloudy,False,97,False,155,157,2.0,False,1.0
20234819,2023-12-29,Friday,20312,112,1029,2.0,2216.01,0.0,4432.02,0.0,4432.02,1429.66,1572.7,0.35484948172616554,Debit Card,Online,False,None,Sunny,False,424,False,466,289,-177.0,False,3.0
20234820,2024-11-06,Wednesday,20885,127,1008,2.0,631.14,0.0,1262.28,0.0,1262.28,397.4,467.48,0.3703457236112432,Digital Wallet,Online,False,None,Sunny,False,6,True,389,389,0.0,False,5.0
20234821,2023-06-13,Tuesday,21118,147,1010,2.0,416.54,0.0,833.08,0.0,833.08,261.42,310.24,0.3724012099678302,Gift Card,Curbside Pickup,False,None,Windy,False,174,False,446,541,95.0,False,3.0
20234822,2023-04-22,Saturday,20047,105,1010,1.0,398.68,0.26,398.68,103.6568,295.0232,261.42,33.6032,0.11390019496771767,EBT,Mobile App,True,Loyalty Reward,Cloudy,False,412,False,263,323,60.0,False,1.0
20234823,2023-11-11,Saturday,20288,124,1006,1.0,270.22,0.21,270.22,56.7462,213.4738,163.55,49.9238,0.23386382778589232,Credit Card,Mobile App,True,Clearance,Cloudy,False,465,False,326,365,39.0,False,3.0
20234824,2023-07-06,Thursday,20038,125,1050,1.0,1299.29,0.0,1299.29,0.0,1299.29,742.28,557.01,0.42870336876293974,EBT,Mobile App,False,None,Sunny,False,361,False,244,327,83.0,False,4.0
20234825,2024-01-28,Sunday,20829,124,1035,1.0,717.77,0.32,717.77,229.6864,488.0836,403.28,84.8036,0.17374810380844596,EBT,Online,True,BOGO,Cloudy,False,131,False,369,373,4.0,False,5.0
20234826,2024-12-24,Tuesday,20947,150,1043,3.0,114.49,0.0,343.47,0.0,343.47,75.88,115.83,0.337234692986287,Cash,Curbside Pickup,False,None,Cloudy,True,276,False,83,107,24.0,False,3.0
20234827,2024-05-06,Monday,20544,102,1011,1.0,842.48,0.24,842.48,202.1952,640.2848,618.67,21.6148,0.03375810264432337,Cash,Curbside Pickup,True,Bundle Deal,Sunny,False,213,False,331,303,-28.0,False,1.0
20234828,2024-03-25,Monday,21183,115,1011,1.0,906.33,0.0,906.33,0.0,906.33,618.67,287.66,0.31738991316628606,Credit Card,Mobile App,False,None,Snowy,False,18,True,195,175,-20.0,False,5.0
20234829,2023-01-21,Saturday,20244,115,1016,3.0,363.0,0.34,1089.0,370.26,718.74,263.25,-71.01,-0.09879789631855747,EBT,Mobile App,True,BOGO,Rainy,False,94,False,217,224,7.0,False,3.0
20234830,2023-02-16,Thursday,20765,128,1042,1.0,444.71,0.0,444.71,0.0,444.71,233.03,211.68,0.4759955926334015,Debit Card,Online,False,None,Cloudy,False,100,False,257,171,-86.0,False,5.0
20234831,2024-03-01,Friday,21056,116,1040,1.0,86.06,0.0,86.06,0.0,86.06,47.28,38.78,0.4506158494073902,Cash,Mobile App,False,None,Cloudy,False,494,False,105,78,-27.0,False,3.0
20234832,2024-01-07,Sunday,21112,106,1031,2.0,537.05,0.15,1074.1,161.115,912.985,402.09,108.805,0.11917501382826658,Cash,Online,True,Clearance,Cloudy,False,149,False,205,178,-27.0,False,5.0
20234833,2024-12-13,Friday,20014,139,1019,1.0,1228.7,0.09,1228.7,110.583,1118.117,867.36,250.757,0.2242672278482484,EBT,Curbside Pickup,True,Bundle Deal,Cloudy,False,205,False,85,91,6.0,True,2.0
20234834,2023-01-10,Tuesday,20247,135,1032,1.0,956.27,0.1,956.27,95.627,860.643,572.31,288.333,0.33502044401685727,EBT,Curbside Pickup,True,Manufacturer Rebate,Stormy,False,333,False,248,281,33.0,False,3.0
20234835,2023-01-07,Saturday,20787,115,1047,4.0,407.47,0.0,1629.88,0.0,1629.88,273.17,537.2,0.32959481679632857,Gift Card,Mobile App,False,None,Stormy,False,459,False,264,325,61.0,True,1.0
20234836,2024-10-24,Thursday,20260,118,1004,2.0,655.5,0.17,1311.0,222.87,1088.13,445.03,198.07,0.18202788269783954,EBT,Mobile App,True,BOGO,Cloudy,False,320,False,326,427,101.0,False,3.0
20234837,2024-11-20,Wednesday,20609,121,1013,4.0,176.36,0.06,705.44,42.3264,663.1136,118.75,188.1136,0.2836823132567331,Digital Wallet,In-Store,True,Bundle Deal,Stormy,False,287,False,304,379,75.0,False,4.0
20234838,2023-02-20,Monday,20603,112,1016,3.0,381.85,0.0,1145.55,0.0,1145.55,263.25,355.8,0.3105931648553098,EBT,Mobile App,False,None,Snowy,False,294,False,252,193,-59.0,False,3.0
20234839,2024-09-03,Tuesday,20029,126,1002,1.0,1292.84,0.3,1292.84,387.852,904.988,759.3,145.688,0.16098335005547035,Cash,In-Store,True,Percentage Discount,Cloudy,False,49,False,110,146,36.0,False,4.0
20234840,2023-12-04,Monday,20410,139,1032,1.0,935.36,0.24,935.36,224.4864,710.8736,572.31,138.5636,0.1949201658353891,Cash,Online,True,Manufacturer Rebate,Rainy,False,44,False,346,294,-52.0,False,4.0
20234841,2023-11-23,Thursday,20895,125,1029,2.0,2231.75,0.27,4463.5,1205.145,3258.355,1429.66,399.035,0.12246517030833039,Cash,Mobile App,True,Bundle Deal,Sunny,False,432,False,228,140,-88.0,False,3.0
20234842,2023-06-04,Sunday,20172,134,1017,2.0,120.91,0.0,241.82,0.0,241.82,93.3,55.22,0.2283516665288231,Cash,Mobile App,False,None,Stormy,False,257,False,224,147,-77.0,False,1.0
20234843,2024-12-10,Tuesday,20145,131,1044,5.0,70.53,0.34,352.65,119.901,232.749,46.06,2.449,0.010522064541630493,Credit Card,Online,True,Clearance,Sunny,False,404,False,150,120,-30.0,False,3.0
20234844,2023-12-02,Saturday,20515,109,1013,4.0,180.88,0.0,723.52,0.0,723.52,118.75,248.52,0.3434873949579832,Credit Card,Mobile App,False,None,Snowy,False,454,False,95,99,4.0,False,2.0
20234845,2024-03-14,Thursday,20238,120,1024,4.0,486.16,0.0,1944.64,0.0,1944.64,283.62,810.16,0.41661181504031597,Gift Card,Mobile App,False,None,Sunny,False,177,False,249,332,83.0,False,5.0
20234846,2024-10-21,Monday,20790,143,1017,6.0,131.48,0.0,788.88,0.0,788.88,93.3,229.08,0.290386370550654,Digital Wallet,Curbside Pickup,False,None,Windy,False,510,False,436,415,-21.0,False,3.0
20234847,2023-03-25,Saturday,20029,126,1035,3.0,700.99,0.0,2102.97,0.0,2102.97,403.28,893.13,0.4246993537710953,Credit Card,In-Store,False,None,Sunny,False,343,False,128,160,32.0,False,5.0
20234848,2024-01-08,Monday,20959,116,1017,5.0,124.89,0.34,624.45,212.313,412.137,93.3,-54.363,-0.13190516745645242,Gift Card,Mobile App,True,BOGO,Windy,False,266,False,472,548,76.0,False,3.0
20234849,2023-10-06,Friday,20896,107,1002,2.0,1269.49,0.33,2538.98,837.8634,1701.1166,759.3,182.5166,0.10729223381865767,EBT,Mobile App,True,Clearance,Sunny,False,401,False,172,157,-15.0,False,4.0
20234850,2024-06-11,Tuesday,20496,138,1003,2.0,1812.27,0.29,3624.54,1051.1166,2573.4234,1394.94,-216.4566,-0.08411231513632773,Gift Card,Mobile App,True,BOGO,Snowy,False,99,False,168,195,27.0,False,3.0
20234851,2024-12-24,Tuesday,20064,119,1031,4.0,550.21,0.0,2200.84,0.0,2200.84,402.09,592.48,0.26920630304792725,Cash,Online,False,None,Snowy,True,445,False,83,111,28.0,True,4.0
20234852,2023-04-28,Friday,20394,123,1024,3.0,471.88,0.0,1415.64,0.0,1415.64,283.62,564.78,0.39895736204119686,Credit Card,Curbside Pickup,False,None,Cloudy,False,219,False,208,140,-68.0,False,3.0
20234853,2024-10-26,Saturday,20450,129,1013,1.0,187.02,0.0,187.02,0.0,187.02,118.75,68.27,0.36504117206715864,Gift Card,Online,False,None,Stormy,False,128,False,464,413,-51.0,True,5.0
20234854,2023-09-04,Monday,20656,141,1027,6.0,59.95,0.08,359.7,28.776,330.924,37.44,106.284,0.3211734416361462,Digital Wallet,Mobile App,True,Manufacturer Rebate,Sunny,False,365,False,278,175,-103.0,False,2.0
20234855,2023-07-14,Friday,20237,106,1022,2.0,323.8,0.06,647.6,38.856,608.744,187.99,232.764,0.38236762908546124,EBT,Online,True,Percentage Discount,Windy,False,319,False,145,142,-3.0,False,2.0
20234856,2023-03-09,Thursday,21103,146,1006,6.0,283.38,0.0,1700.28,0.0,1700.28,163.55,718.98,0.42285976427411953,Cash,Curbside Pickup,False,None,Sunny,False,344,False,89,111,22.0,False,4.0
20234857,2024-02-20,Tuesday,20837,126,1011,1.0,918.61,0.0,918.61,0.0,918.61,618.67,299.94,0.3265150607983802,Digital Wallet,Online,False,None,Stormy,False,467,False,296,188,-108.0,False,1.0
20234858,2024-01-21,Sunday,20185,119,1007,2.0,1078.49,0.0,2156.98,0.0,2156.98,637.12,882.74,0.4092481154206344,Debit Card,In-Store,False,None,Cloudy,False,452,False,439,283,-156.0,False,3.0
20234859,2023-03-22,Wednesday,20903,136,1035,1.0,715.45,0.31,715.45,221.7895,493.6605,403.28,90.3805,0.18308230048788607,Gift Card,Mobile App,True,Loyalty Reward,Cloudy,False,454,False,153,123,-30.0,False,1.0
20234860,2024-10-02,Wednesday,20443,121,1002,1.0,1310.77,0.0,1310.77,0.0,1310.77,759.3,551.47,0.42072217093769315,Digital Wallet,Online,False,None,Windy,False,365,False,331,466,135.0,False,2.0
20234861,2023-11-21,Tuesday,20175,101,1023,1.0,125.17,0.0,125.17,0.0,125.17,70.74,54.43,0.4348486058959815,Credit Card,Curbside Pickup,False,None,Sunny,False,190,False,403,310,-93.0,True,2.0
20234862,2023-12-29,Friday,20096,105,1040,4.0,91.93,0.07,367.72,25.7404,341.9796,47.28,152.8596,0.44698455697357387,Debit Card,Online,True,Percentage Discount,Snowy,False,56,False,398,246,-152.0,False,3.0
20234863,2024-11-27,Wednesday,20401,123,1037,4.0,383.67,0.0,1534.68,0.0,1534.68,270.26,453.64,0.29559256652852717,Gift Card,In-Store,False,None,Stormy,False,317,False,147,170,23.0,False,5.0
20234864,2023-02-17,Friday,21007,102,1008,3.0,680.22,0.0,2040.66,0.0,2040.66,397.4,848.46,0.4157772485372381,Gift Card,Curbside Pickup,False,None,Snowy,False,220,False,158,111,-47.0,False,5.0
20234865,2023-05-22,Monday,20131,149,1030,1.0,925.41,0.33,925.41,305.3853,620.0247,569.19,50.8347,0.08198818530939153,Credit Card,Online,True,Bundle Deal,Sunny,False,236,False,157,224,67.0,False,4.0
20234866,2024-06-20,Thursday,21107,111,1035,2.0,714.35,0.17,1428.7,242.879,1185.821,403.28,379.261,0.3198298900086944,Cash,Mobile App,True,Percentage Discount,Cloudy,False,53,False,350,479,129.0,False,4.0
20234867,2024-10-09,Wednesday,20704,145,1042,1.0,438.77,0.13,438.77,57.0401,381.7299,233.03,148.6999,0.3895421867660877,Digital Wallet,Mobile App,True,Manufacturer Rebate,Cloudy,False,435,False,384,310,-74.0,False,2.0
20234868,2024-03-05,Tuesday,20170,133,1014,4.0,220.97,0.1,883.88,88.388,795.492,172.18,106.772,0.13422133723532095,Digital Wallet,In-Store,True,Bundle Deal,Windy,False,379,False,184,188,4.0,False,4.0
20234869,2023-12-31,Sunday,20948,134,1001,1.0,659.01,0.0,659.01,0.0,659.01,419.73,239.28,0.36309008967997447,Cash,In-Store,False,None,Sunny,True,300,False,116,89,-27.0,False,5.0
20234870,2024-12-15,Sunday,20667,122,1039,2.0,94.61,0.0,189.22,0.0,189.22,71.53,46.16,0.24394884261705949,Debit Card,In-Store,False,None,Windy,False,503,False,74,73,-1.0,False,5.0
20234871,2024-07-04,Thursday,20499,144,1033,1.0,840.46,0.0,840.46,0.0,840.46,465.85,374.61,0.44572020084239583,Digital Wallet,Mobile App,False,None,Cloudy,True,511,False,234,213,-21.0,True,4.0
20234872,2024-05-17,Friday,20789,148,1004,3.0,656.17,0.0,1968.51,0.0,1968.51,445.03,633.42,0.32177636892878364,Credit Card,Curbside Pickup,False,None,Sunny,False,484,False,138,121,-17.0,False,2.0
20234873,2023-08-01,Tuesday,20359,131,1023,7.0,133.37,0.27,933.59,252.0693,681.5207,70.74,186.3407,0.27341898786053026,Digital Wallet,Online,True,Clearance,Sunny,False,289,False,327,258,-69.0,False,1.0
20234874,2024-07-25,Thursday,21005,141,1005,2.0,1166.21,0.08,2332.42,186.5936,2145.8264,774.22,597.3864,0.27839456164767096,Credit Card,Online,True,BOGO,Snowy,False,103,False,227,313,86.0,False,1.0
20234875,2024-12-07,Saturday,21186,139,1011,2.0,860.9,0.0,1721.8,0.0,1721.8,618.67,484.46,0.2813683354628877,EBT,Online,False,None,Cloudy,False,223,False,370,351,-19.0,False,2.0
20234876,2024-02-09,Friday,20588,120,1027,7.0,59.86,0.0,419.02,0.0,419.02,37.44,156.94,0.3745405947210157,Debit Card,Mobile App,False,None,Sunny,False,254,False,287,216,-71.0,False,2.0
20234877,2023-04-20,Thursday,20773,116,1029,2.0,2189.73,0.0,4379.46,0.0,4379.46,1429.66,1520.14,0.3471067209199307,Digital Wallet,Curbside Pickup,False,None,Rainy,False,444,False,431,528,97.0,False,3.0
20234878,2024-03-26,Tuesday,20112,124,1030,1.0,847.18,0.29,847.18,245.6822,601.4978,569.19,32.3078,0.05371224965411333,Digital Wallet,Online,True,Percentage Discount,Cloudy,False,47,False,285,229,-56.0,False,2.0
20234879,2023-06-15,Thursday,20264,111,1019,1.0,1214.56,0.23,1214.56,279.3488,935.2112,867.36,67.8512,0.0725517401844631,EBT,Mobile App,True,Manufacturer Rebate,Cloudy,False,331,False,469,648,179.0,False,4.0
20234880,2024-05-15,Wednesday,20230,122,1029,1.0,2175.73,0.0,2175.73,0.0,2175.73,1429.66,746.07,0.34290559949993793,Cash,Mobile App,False,None,Cloudy,False,436,False,432,503,71.0,False,5.0
20234881,2023-12-19,Tuesday,20186,146,1050,2.0,1250.26,0.0,2500.52,0.0,2500.52,742.28,1015.96,0.40629948970614116,Cash,Mobile App,False,None,Cloudy,False,293,False,453,274,-179.0,False,4.0
20234882,2023-09-22,Friday,20324,124,1040,4.0,92.41,0.0,369.64,0.0,369.64,47.28,180.52,0.4883670598420084,Gift Card,In-Store,False,None,Rainy,False,122,False,467,291,-176.0,False,3.0
20234883,2024-12-15,Sunday,20612,150,1040,1.0,89.57,0.0,89.57,0.0,89.57,47.28,42.29,0.47214469130289155,Credit Card,In-Store,False,None,Cloudy,False,158,False,403,277,-126.0,False,4.0
20234884,2024-07-10,Wednesday,20988,110,1030,1.0,846.16,0.27,846.16,228.4632,617.6968,569.19,48.5068,0.07852849488616404,EBT,Curbside Pickup,True,Bundle Deal,Cloudy,False,290,False,132,144,12.0,False,2.0
20234885,2024-05-24,Friday,20033,137,1018,4.0,347.98,0.28,1391.92,389.7376,1002.1824,198.14,209.6224,0.20916591630425765,Gift Card,In-Store,True,Percentage Discount,Cloudy,False,165,False,180,171,-9.0,False,3.0
20234886,2023-12-28,Thursday,20762,136,1004,2.0,730.76,0.0,1461.52,0.0,1461.52,445.03,571.46,0.3910038863648804,Debit Card,Curbside Pickup,False,None,Cloudy,False,516,False,173,199,26.0,False,4.0
20234887,2023-10-10,Tuesday,21131,148,1017,6.0,125.4,0.0,752.4,0.0,752.4,93.3,192.6,0.2559808612440193,Digital Wallet,Curbside Pickup,False,None,Cloudy,False,165,False,54,43,-11.0,False,5.0
20234888,2024-05-27,Monday,20796,121,1009,1.0,1803.55,0.0,1803.55,0.0,1803.55,1077.88,725.67,0.4023564636411521,EBT,Mobile App,False,None,Rainy,True,474,False,217,163,-54.0,False,4.0
20234889,2024-12-20,Friday,20048,148,1026,7.0,226.59,0.11,1586.13,174.4743,1411.6557,130.01,501.5857,0.3553173057708052,Gift Card,In-Store,True,Bundle Deal,Stormy,False,12,True,375,376,1.0,False,4.0
20234890,2024-01-25,Thursday,20891,139,1036,2.0,1117.51,0.32,2235.02,715.2064,1519.8136,738.32,43.1736,0.028407167826370188,EBT,Online,True,Loyalty Reward,Cloudy,False,225,False,365,469,104.0,False,4.0
20234891,2023-09-27,Wednesday,20970,131,1048,2.0,265.74,0.0,531.48,0.0,531.48,184.37,162.74,0.3062015503875969,Cash,Mobile App,False,None,Windy,False,184,False,205,293,88.0,False,4.0
20234892,2023-11-09,Thursday,20002,126,1006,2.0,275.26,0.23,550.52,126.6196,423.9004,163.55,96.8004,0.22835647241663365,EBT,In-Store,True,Percentage Discount,Windy,False,87,False,62,83,21.0,False,1.0
20234893,2024-11-27,Wednesday,20848,134,1036,1.0,1044.89,0.17,1044.89,177.6313,867.2587,738.32,128.9387,0.14867386167472293,Credit Card,Mobile App,True,Clearance,Snowy,False,114,False,386,377,-9.0,False,1.0
20234894,2024-04-01,Monday,20585,107,1017,2.0,127.76,0.0,255.52,0.0,255.52,93.3,68.92,0.26972448340638705,Gift Card,Online,False,None,Snowy,False,468,False,153,108,-45.0,False,4.0
20234895,2023-02-25,Saturday,20669,123,1026,5.0,229.28,0.0,1146.4,0.0,1146.4,130.01,496.35,0.43296406140963023,Digital Wallet,In-Store,False,None,Cloudy,False,430,False,42,34,-8.0,False,2.0
20234896,2024-10-14,Monday,20535,141,1025,1.0,539.11,0.23,539.11,123.9953,415.1147,301.28,113.8347,0.2742246901880372,Credit Card,Curbside Pickup,True,Clearance,Stormy,False,373,False,53,35,-18.0,False,2.0
20234897,2023-08-12,Saturday,20759,134,1008,4.0,618.86,0.0,2475.44,0.0,2475.44,397.4,885.84,0.35785153346475784,Gift Card,Mobile App,False,None,Cloudy,False,313,False,86,52,-34.0,False,2.0
20234898,2023-07-17,Monday,20692,150,1048,7.0,282.66,0.0,1978.62,0.0,1978.62,184.37,688.03,0.3477322578362697,Gift Card,In-Store,False,None,Windy,False,294,False,50,54,4.0,False,4.0
20234899,2024-09-05,Thursday,20310,131,1015,2.0,236.32,0.06,472.64,28.3584,444.2816,149.38,145.5216,0.3275436119794292,Digital Wallet,Curbside Pickup,True,Loyalty Reward,Stormy,False,236,False,206,263,57.0,False,3.0
20234900,2023-11-27,Monday,20670,137,1037,2.0,408.6,0.0,817.2,0.0,817.2,270.26,276.68,0.33857072931962806,EBT,Curbside Pickup,False,None,Rainy,False,60,False,369,356,-13.0,False,1.0
20234901,2024-01-20,Saturday,20043,150,1022,3.0,333.26,0.0,999.78,0.0,999.78,187.99,435.81,0.43590589929784546,Digital Wallet,In-Store,False,None,Stormy,False,27,False,250,178,-72.0,False,4.0
20234902,2024-02-04,Sunday,20078,119,1026,6.0,219.25,0.08,1315.5,105.24,1210.26,130.01,430.2,0.3554608100738685,Gift Card,In-Store,True,Clearance,Sunny,False,15,True,268,364,96.0,True,3.0
20234903,2023-10-27,Friday,20255,119,1031,3.0,541.95,0.15,1625.85,243.8775,1381.9725,402.09,175.7025,0.12713892642581534,Debit Card,Online,True,Manufacturer Rebate,Windy,False,2,True,443,441,-2.0,False,3.0
20234904,2023-11-11,Saturday,20449,114,1017,6.0,129.66,0.0,777.96,0.0,777.96,93.3,218.16,0.2804257288292458,Credit Card,Online,False,None,Sunny,False,30,False,129,146,17.0,False,5.0
20234905,2024-11-28,Thursday,20904,104,1007,2.0,1067.53,0.0,2135.06,0.0,2135.06,637.12,860.82,0.40318304871994226,Gift Card,Curbside Pickup,False,None,Cloudy,True,383,False,289,398,109.0,False,3.0
20234906,2024-02-01,Thursday,20367,120,1012,1.0,247.62,0.0,247.62,0.0,247.62,173.37,74.25,0.2998546159437848,Credit Card,Curbside Pickup,False,None,Windy,False,370,False,280,309,29.0,False,1.0
20234907,2023-11-02,Thursday,20695,134,1047,1.0,392.49,0.0,392.49,0.0,392.49,273.17,119.32,0.3040077454202655,EBT,Curbside Pickup,False,None,Sunny,False,259,False,427,291,-136.0,False,1.0
20234908,2024-04-03,Wednesday,20195,148,1032,1.0,902.11,0.26,902.11,234.5486,667.5614,572.31,95.2514,0.14268560165402028,Cash,Online,True,Manufacturer Rebate,Snowy,False,13,True,378,436,58.0,False,5.0
20234909,2023-07-21,Friday,21016,150,1046,2.0,542.13,0.0,1084.26,0.0,1084.26,345.33,393.6,0.3630125615627248,Cash,Curbside Pickup,False,None,Snowy,False,322,False,63,58,-5.0,False,1.0
20234910,2024-09-24,Tuesday,20762,136,1027,5.0,57.47,0.0,287.35,0.0,287.35,37.44,100.15,0.34852966765268845,Gift Card,Curbside Pickup,False,None,Sunny,False,128,False,92,106,14.0,False,2.0
20234911,2024-11-16,Saturday,20043,115,1011,1.0,913.44,0.14,913.44,127.8816,785.5584,618.67,166.8884,0.2124455673823869,Cash,Curbside Pickup,True,Percentage Discount,Cloudy,False,471,False,157,116,-41.0,False,4.0
20234912,2023-02-06,Monday,20900,110,1039,7.0,95.82,0.0,670.74,0.0,670.74,71.53,170.03,0.25349613859319553,Cash,Online,False,None,Stormy,False,275,False,442,485,43.0,False,1.0
20234913,2023-11-04,Saturday,20965,114,1048,7.0,261.54,0.31,1830.78,567.5418,1263.2382,184.37,-27.3518,-0.021652131799054133,Cash,Mobile App,True,Manufacturer Rebate,Stormy,False,488,False,106,72,-34.0,False,5.0
20234914,2023-07-17,Monday,21158,126,1047,3.0,392.42,0.0,1177.26,0.0,1177.26,273.17,357.75,0.3038835941083533,Digital Wallet,Curbside Pickup,False,None,Sunny,False,347,False,106,121,15.0,False,2.0
20234915,2023-04-11,Tuesday,20960,140,1017,6.0,130.66,0.0,783.96,0.0,783.96,93.3,224.16,0.2859329557630492,Cash,Curbside Pickup,False,None,Sunny,False,91,False,21,21,0.0,False,1.0
20234916,2024-05-26,Sunday,20485,145,1028,2.0,799.42,0.0,1598.84,0.0,1598.84,494.36,610.12,0.3816016612043731,Credit Card,Online,False,None,Rainy,False,313,False,252,217,-35.0,False,4.0
20234917,2023-11-29,Wednesday,20732,120,1005,1.0,1073.75,0.0,1073.75,0.0,1073.75,774.22,299.53,0.2789569266589057,Gift Card,Online,False,None,Rainy,True,321,False,96,79,-17.0,False,5.0
20234918,2024-05-15,Wednesday,20713,145,1050,2.0,1348.47,0.21,2696.94,566.3574,2130.5826,742.28,646.0226,0.3032140598538635,EBT,Online,True,Bundle Deal,Snowy,False,88,False,264,250,-14.0,False,1.0
20234919,2024-02-15,Thursday,21001,133,1008,4.0,617.23,0.0,2468.92,0.0,2468.92,397.4,879.32,0.35615572801062817,Cash,In-Store,False,None,Sunny,False,306,False,379,376,-3.0,False,5.0
20234920,2024-04-05,Friday,20428,149,1039,2.0,104.12,0.0,208.24,0.0,208.24,71.53,65.18,0.31300422589320015,Gift Card,In-Store,False,None,Windy,False,41,False,343,223,-120.0,False,3.0
20234921,2024-09-02,Monday,20335,132,1050,2.0,1347.52,0.0,2695.04,0.0,2695.04,742.28,1210.48,0.4491510330087865,Cash,Mobile App,False,None,Snowy,True,159,False,261,328,67.0,False,2.0
20234922,2023-02-11,Saturday,20026,113,1016,2.0,373.39,0.13,746.78,97.0814,649.6986,263.25,123.1986,0.1896242349914252,Credit Card,Mobile App,True,Percentage Discount,Windy,False,500,False,62,42,-20.0,False,4.0
20234923,2023-12-19,Tuesday,20039,139,1011,1.0,882.73,0.0,882.73,0.0,882.73,618.67,264.06,0.2991401674351161,Gift Card,Online,False,None,Sunny,False,442,False,433,306,-127.0,False,2.0
20234924,2023-10-28,Saturday,20179,109,1011,1.0,939.85,0.23,939.85,216.1655,723.6845,618.67,105.0145,0.14511088741019063,Gift Card,Online,True,Bundle Deal,Sunny,False,312,False,244,276,32.0,False,4.0
20234925,2024-12-03,Tuesday,21177,116,1015,7.0,241.62,0.0,1691.34,0.0,1691.34,149.38,645.68,0.3817564771128219,Digital Wallet,Online,False,None,Cloudy,False,443,False,419,318,-101.0,False,1.0
20234926,2024-06-05,Wednesday,20863,125,1002,2.0,1271.29,0.29,2542.58,737.3482,1805.2318,759.3,286.6318,0.15877839067536928,Debit Card,In-Store,True,Percentage Discount,Windy,False,321,False,151,128,-23.0,True,2.0
20234927,2023-09-20,Wednesday,20015,141,1001,2.0,614.01,0.22,1228.02,270.1644,957.8556,419.73,118.3956,0.12360485233891198,Credit Card,Curbside Pickup,True,Bundle Deal,Cloudy,False,74,False,444,451,7.0,False,5.0
20234928,2024-01-29,Monday,20530,110,1012,3.0,235.06,0.27,705.18,190.3986,514.7814,173.37,-5.3286,-0.010351189844854412,Debit Card,In-Store,True,Percentage Discount,Sunny,False,475,False,117,159,42.0,False,3.0
20234929,2024-11-17,Sunday,20432,108,1006,1.0,262.96,0.31,262.96,81.5176,181.4424,163.55,17.8924,0.098612011304965,Debit Card,In-Store,True,Bundle Deal,Snowy,False,157,False,400,331,-69.0,False,3.0
20234930,2023-11-20,Monday,20914,144,1044,6.0,73.41,0.0,440.46,0.0,440.46,46.06,164.1,0.37256504563410975,Cash,Curbside Pickup,False,None,Rainy,False,2,True,142,196,54.0,False,1.0
20234931,2024-12-23,Monday,20117,106,1041,3.0,676.86,0.16,2030.58,324.8928,1705.6872,486.05,247.5372,0.14512461604917934,Credit Card,Curbside Pickup,True,Percentage Discount,Snowy,False,477,False,260,215,-45.0,True,3.0
20234932,2024-12-08,Sunday,20795,129,1028,2.0,832.08,0.12,1664.16,199.6992,1464.4608,494.36,475.7408,0.32485731267098444,Debit Card,Online,True,Manufacturer Rebate,Cloudy,False,230,False,414,570,156.0,False,3.0
20234933,2023-11-12,Sunday,20634,113,1041,1.0,624.35,0.25,624.35,156.0875,468.2625,486.05,-17.7875,-0.03798617228584387,Gift Card,In-Store,True,Manufacturer Rebate,Windy,False,144,False,408,457,49.0,False,3.0
20234934,2023-08-01,Tuesday,20823,108,1006,3.0,271.0,0.0,813.0,0.0,813.0,163.55,322.35,0.3964944649446494,Credit Card,In-Store,False,None,Sunny,False,43,False,278,175,-103.0,False,2.0
20234935,2024-04-15,Monday,20163,128,1023,2.0,135.35,0.14,270.7,37.898,232.802,70.74,91.322,0.3922732622571971,Debit Card,In-Store,True,Bundle Deal,Snowy,False,404,False,210,192,-18.0,False,4.0
20234936,2024-07-06,Saturday,20576,107,1034,1.0,1608.07,0.31,1608.07,498.5017,1109.5683,1145.68,-36.1117,-0.03254572070957701,Credit Card,In-Store,True,BOGO,Sunny,False,30,False,76,49,-27.0,False,3.0
20234937,2023-08-29,Tuesday,20599,144,1014,3.0,222.81,0.06,668.43,40.1058,628.3242,172.18,111.7842,0.17790847463777465,Gift Card,Mobile App,True,BOGO,Cloudy,False,277,False,119,153,34.0,False,1.0
20234938,2023-06-13,Tuesday,20401,146,1028,2.0,748.02,0.23,1496.04,344.0892,1151.9508,494.36,163.2308,0.14169945452531482,EBT,In-Store,True,Bundle Deal,Stormy,False,196,False,120,109,-11.0,False,4.0
20234939,2023-01-30,Monday,20290,118,1032,1.0,924.4,0.29,924.4,268.076,656.324,572.31,84.014,0.12800689903157605,Digital Wallet,In-Store,True,Bundle Deal,Stormy,False,455,False,478,473,-5.0,False,2.0
20234940,2023-05-13,Saturday,20473,101,1044,7.0,68.48,0.09,479.36,43.1424,436.2176,46.06,113.7976,0.2608734723220704,Digital Wallet,Online,True,Loyalty Reward,Snowy,False,319,False,148,192,44.0,False,3.0
20234941,2024-03-07,Thursday,20347,109,1021,4.0,74.7,0.0,298.8,0.0,298.8,45.04,118.64,0.39705488621151275,Credit Card,Mobile App,False,None,Sunny,False,223,False,383,550,167.0,False,1.0
20234942,2024-11-28,Thursday,20721,145,1032,1.0,913.45,0.3,913.45,274.035,639.415,572.31,67.105,0.1049474910660526,Digital Wallet,Online,True,BOGO,Windy,True,100,False,337,430,93.0,False,4.0
20234943,2024-03-05,Tuesday,20992,142,1015,1.0,243.3,0.35,243.3,85.155,158.145,149.38,8.765,0.05542381991210607,Credit Card,In-Store,True,BOGO,Snowy,False,478,False,425,439,14.0,False,3.0
20234944,2024-11-06,Wednesday,20050,114,1011,2.0,895.51,0.24,1791.02,429.8448,1361.1752,618.67,123.8352,0.09097667956336569,Cash,In-Store,True,Percentage Discount,Cloudy,False,48,False,71,83,12.0,False,5.0
20234945,2023-02-03,Friday,21103,146,1027,1.0,58.16,0.0,58.16,0.0,58.16,37.44,20.72,0.3562585969738652,Credit Card,Curbside Pickup,False,None,Cloudy,False,443,False,275,347,72.0,False,3.0
20234946,2024-11-24,Sunday,20253,116,1035,1.0,781.86,0.09,781.86,70.3674,711.4926,403.28,308.2126,0.4331915750072454,Digital Wallet,Curbside Pickup,True,Bundle Deal,Cloudy,False,76,False,380,447,67.0,False,2.0
20234947,2023-05-10,Wednesday,20308,109,1041,4.0,635.14,0.0,2540.56,0.0,2540.56,486.05,596.36,0.23473564883332806,Digital Wallet,In-Store,False,None,Cloudy,False,433,False,473,289,-184.0,False,2.0
20234948,2024-07-26,Friday,20633,135,1037,4.0,383.88,0.0,1535.52,0.0,1535.52,270.26,454.48,0.2959779097634678,Cash,Mobile App,False,None,Cloudy,False,410,False,227,285,58.0,True,2.0
20234949,2024-11-21,Thursday,20042,143,1024,2.0,512.06,0.35,1024.12,358.442,665.678,283.62,98.438,0.147876300553721,Digital Wallet,Online,True,Percentage Discount,Cloudy,False,145,False,270,323,53.0,False,4.0
20234950,2024-05-01,Wednesday,20103,107,1044,5.0,70.59,0.13,352.95,45.8835,307.0665,46.06,76.7665,0.24999959292205434,Gift Card,Mobile App,True,BOGO,Rainy,False,10,True,348,234,-114.0,True,4.0
20234951,2023-12-06,Wednesday,20770,150,1032,1.0,886.43,0.0,886.43,0.0,886.43,572.31,314.12,0.3543652629085207,Cash,Mobile App,False,None,Cloudy,False,374,False,250,323,73.0,False,3.0
20234952,2024-11-23,Saturday,20878,105,1028,1.0,771.4,0.27,771.4,208.278,563.122,494.36,68.762,0.1221085306558791,Digital Wallet,Online,True,BOGO,Rainy,False,305,False,52,59,7.0,False,4.0
20234953,2024-09-01,Sunday,21073,124,1033,2.0,798.63,0.15,1597.26,239.589,1357.671,465.85,425.971,0.3137512696374895,Credit Card,In-Store,True,Clearance,Snowy,False,346,False,264,318,54.0,False,3.0
20234954,2024-11-08,Friday,20369,129,1025,2.0,519.03,0.24,1038.06,249.1344,788.9256,301.28,186.3656,0.23622709162942623,Credit Card,Mobile App,True,Bundle Deal,Rainy,False,34,False,138,162,24.0,False,3.0
20234955,2024-06-08,Saturday,20905,120,1044,6.0,65.54,0.0,393.24,0.0,393.24,46.06,116.88,0.2972230698809887,Credit Card,Online,False,None,Snowy,False,396,False,41,37,-4.0,False,5.0
20234956,2023-03-30,Thursday,20980,132,1024,3.0,493.84,0.0,1481.52,0.0,1481.52,283.62,630.66,0.42568443220476265,EBT,Curbside Pickup,False,None,Snowy,False,168,False,254,307,53.0,False,4.0
20234957,2024-03-10,Sunday,20464,142,1040,3.0,88.11,0.0,264.33,0.0,264.33,47.28,122.49,0.46339802519577794,Cash,Mobile App,False,None,Snowy,False,435,False,116,132,16.0,False,5.0
20234958,2023-12-31,Sunday,21169,137,1035,3.0,770.22,0.0,2310.66,0.0,2310.66,403.28,1100.82,0.4764093375918569,Gift Card,In-Store,False,None,Cloudy,True,329,False,319,204,-115.0,False,5.0
20234959,2024-11-25,Monday,20951,147,1022,1.0,307.77,0.0,307.77,0.0,307.77,187.99,119.78,0.38918673035058643,Credit Card,Online,False,None,Sunny,False,53,False,143,94,-49.0,False,5.0
20234960,2024-02-13,Tuesday,20131,149,1028,2.0,831.84,0.0,1663.68,0.0,1663.68,494.36,674.96,0.4057030198115022,Digital Wallet,In-Store,False,None,Cloudy,False,418,False,173,187,14.0,False,3.0
20234961,2024-12-30,Monday,20754,111,1005,2.0,1114.79,0.08,2229.58,178.3664,2051.2136,774.22,502.7736,0.24511030933102237,Cash,Mobile App,True,Percentage Discount,Cloudy,False,46,False,288,282,-6.0,False,4.0
20234962,2023-11-19,Sunday,20948,150,1020,2.0,340.5,0.31,681.0,211.11,469.89,190.07,89.75,0.19100214943923047,Debit Card,Curbside Pickup,True,Clearance,Cloudy,False,224,False,183,216,33.0,False,5.0
20234963,2023-10-04,Wednesday,20253,116,1013,4.0,176.1,0.0,704.4,0.0,704.4,118.75,229.4,0.32566723452583757,Gift Card,In-Store,False,None,Rainy,False,358,False,441,481,40.0,False,5.0
20234964,2023-12-09,Saturday,20658,124,1030,2.0,873.37,0.1,1746.74,174.674,1572.066,569.19,433.686,0.2758700970569937,Digital Wallet,Mobile App,True,Manufacturer Rebate,Rainy,False,363,False,191,196,5.0,False,1.0
20234965,2024-12-05,Thursday,20629,125,1025,3.0,571.92,0.34,1715.76,583.3584,1132.4016,301.28,228.5616,0.2018379345278211,Gift Card,Online,True,Bundle Deal,Snowy,False,59,False,401,454,53.0,False,1.0
20234966,2024-11-19,Tuesday,21059,129,1009,2.0,1886.64,0.0,3773.28,0.0,3773.28,1077.88,1617.52,0.42867743713692064,Debit Card,Mobile App,False,None,Windy,False,236,False,47,36,-11.0,False,5.0
20234967,2023-12-15,Friday,20409,142,1007,2.0,1130.93,0.0,2261.86,0.0,2261.86,637.12,987.62,0.4366406408884723,Cash,Mobile App,False,None,Rainy,False,340,False,160,110,-50.0,False,2.0
20234968,2024-12-03,Tuesday,20926,149,1014,5.0,232.51,0.21,1162.55,244.1355,918.4145,172.18,57.5145,0.06262368462170391,Credit Card,Curbside Pickup,True,BOGO,Windy,False,250,False,388,502,114.0,False,5.0
20234969,2024-09-22,Sunday,20590,109,1004,3.0,650.28,0.0,1950.84,0.0,1950.84,445.03,615.75,0.31563326567017286,Cash,Mobile App,False,None,Windy,False,224,False,379,485,106.0,False,3.0
20234970,2023-10-12,Thursday,20839,134,1010,1.0,384.46,0.0,384.46,0.0,384.46,261.42,123.04,0.3200332934505539,Digital Wallet,Online,False,None,Cloudy,False,128,False,351,458,107.0,False,3.0
20234971,2024-11-18,Monday,20154,128,1008,1.0,622.29,0.34,622.29,211.5786,410.7114,397.4,13.3114,0.032410592937035576,Digital Wallet,In-Store,True,Bundle Deal,Cloudy,False,372,False,318,395,77.0,False,2.0
20234972,2023-10-01,Sunday,20531,142,1004,2.0,725.69,0.14,1451.38,203.1932,1248.1868,445.03,358.1268,0.2869176312391703,Credit Card,Online,True,Bundle Deal,Cloudy,False,102,False,367,431,64.0,False,4.0
20234973,2024-12-18,Wednesday,21082,105,1005,1.0,1099.74,0.16,1099.74,175.9584,923.7816,774.22,149.5616,0.16190147108364142,Credit Card,Mobile App,True,BOGO,Windy,False,383,False,194,250,56.0,False,1.0
20234974,2023-12-31,Sunday,20512,133,1033,1.0,806.42,0.1,806.42,80.642,725.778,465.85,259.928,0.35813706119502103,Gift Card,In-Store,True,Bundle Deal,Sunny,True,209,False,191,116,-75.0,False,2.0
20234975,2024-03-13,Wednesday,20758,105,1010,4.0,385.42,0.34,1541.68,524.1712,1017.5088,261.42,-28.1712,-0.027686443596360164,Gift Card,Online,True,Percentage Discount,Sunny,False,409,False,219,240,21.0,False,1.0
20234976,2023-12-30,Saturday,21126,130,1025,3.0,547.04,0.0,1641.12,0.0,1641.12,301.28,737.28,0.4492541678853466,Gift Card,Mobile App,False,None,Cloudy,False,15,True,214,286,72.0,False,4.0
20234977,2023-11-20,Monday,20770,112,1036,1.0,1107.4,0.0,1107.4,0.0,1107.4,738.32,369.08,0.3332851724760701,Digital Wallet,In-Store,False,None,Rainy,False,478,False,27,20,-7.0,False,1.0
20234978,2023-12-29,Friday,20388,106,1017,7.0,135.76,0.0,950.32,0.0,950.32,93.3,297.22,0.3127578078962875,Credit Card,Online,False,None,Cloudy,False,311,False,454,537,83.0,False,1.0
20234979,2023-11-13,Monday,21113,110,1044,4.0,67.04,0.0,268.16,0.0,268.16,46.06,83.92,0.31294749403341293,Cash,Mobile App,False,None,Rainy,False,392,False,103,122,19.0,False,5.0
20234980,2024-11-22,Friday,20764,102,1036,2.0,1128.75,0.0,2257.5,0.0,2257.5,738.32,780.86,0.3458959025470653,Credit Card,In-Store,False,None,Snowy,False,505,False,167,221,54.0,False,4.0
20234981,2024-12-19,Thursday,20168,119,1010,4.0,376.25,0.0,1505.0,0.0,1505.0,261.42,459.32,0.3051960132890365,Gift Card,Curbside Pickup,False,None,Cloudy,False,503,False,170,108,-62.0,False,2.0
20234982,2024-02-09,Friday,20174,139,1040,5.0,94.24,0.26,471.2,122.512,348.688,47.28,112.288,0.32203000963612166,Gift Card,Curbside Pickup,True,Loyalty Reward,Snowy,False,395,False,56,61,5.0,True,4.0
20234983,2023-12-09,Saturday,20461,136,1041,2.0,615.7,0.0,1231.4,0.0,1231.4,486.05,259.3,0.21057333116777655,Digital Wallet,Curbside Pickup,False,None,Cloudy,False,17,True,371,243,-128.0,False,1.0
20234984,2024-12-09,Monday,20571,150,1020,2.0,340.9,0.0,681.8,0.0,681.8,190.07,301.66,0.44244646523907305,Digital Wallet,Curbside Pickup,False,None,Rainy,False,42,False,343,226,-117.0,True,1.0
20234985,2024-01-15,Monday,20695,134,1024,3.0,508.02,0.0,1524.06,0.0,1524.06,283.62,673.2,0.4417148931144443,Cash,Mobile App,False,None,Stormy,False,396,False,468,319,-149.0,False,3.0
20234986,2023-03-31,Friday,20946,121,1005,2.0,1116.69,0.0,2233.38,0.0,2233.38,774.22,684.94,0.30668314393430585,EBT,Mobile App,False,None,Sunny,False,383,False,333,314,-19.0,False,2.0
20234987,2023-12-21,Thursday,20564,115,1050,1.0,1219.85,0.06,1219.85,73.191,1146.659,742.28,404.379,0.352658462542046,Digital Wallet,In-Store,True,Manufacturer Rebate,Snowy,False,286,False,119,165,46.0,False,4.0
20234988,2024-08-23,Friday,20341,140,1001,1.0,660.66,0.0,660.66,0.0,660.66,419.73,240.93,0.3646807737716828,Gift Card,In-Store,False,None,Sunny,False,155,False,259,216,-43.0,False,3.0
20234989,2024-03-28,Thursday,21009,111,1044,4.0,68.93,0.0,275.72,0.0,275.72,46.06,91.48,0.33178586972290736,Digital Wallet,Mobile App,False,None,Cloudy,False,180,False,460,378,-82.0,False,4.0
20234990,2023-07-14,Friday,20768,139,1040,7.0,84.76,0.0,593.32,0.0,593.32,47.28,262.36,0.44218971212836244,Gift Card,Curbside Pickup,False,None,Sunny,False,86,False,193,187,-6.0,True,3.0
20234991,2024-09-14,Saturday,20189,134,1045,6.0,239.9,0.0,1439.4,0.0,1439.4,159.92,479.88,0.3333889120466862,Credit Card,In-Store,False,None,Sunny,False,215,False,442,562,120.0,False,2.0
20234992,2024-11-21,Thursday,20919,115,1026,4.0,221.63,0.0,886.52,0.0,886.52,130.01,366.48,0.41339168885078736,Cash,Curbside Pickup,False,None,Stormy,False,287,False,123,169,46.0,False,1.0
20234993,2024-03-29,Friday,20186,106,1030,2.0,868.29,0.0,1736.58,0.0,1736.58,569.19,598.2,0.34447016549770226,Debit Card,Curbside Pickup,False,None,Sunny,False,171,False,108,127,19.0,False,3.0
20234994,2023-07-20,Thursday,20680,129,1037,3.0,391.53,0.0,1174.59,0.0,1174.59,270.26,363.81,0.309733609174265,Cash,In-Store,False,None,Cloudy,False,416,False,281,233,-48.0,False,3.0
20234995,2023-01-03,Tuesday,20060,150,1046,3.0,555.54,0.29,1666.62,483.3198,1183.3002,345.33,147.3102,0.12449097870515015,Credit Card,Online,True,Clearance,Sunny,False,446,False,473,380,-93.0,False,5.0
20234996,2024-08-20,Tuesday,20117,116,1004,4.0,667.48,0.34,2669.92,907.7728,1762.1472,445.03,-17.9728,-0.010199374944386035,Cash,Mobile App,True,Manufacturer Rebate,Cloudy,False,155,False,439,286,-153.0,False,1.0
20234997,2024-06-15,Saturday,20991,110,1005,1.0,1198.85,0.0,1198.85,0.0,1198.85,774.22,424.63,0.35419777286566284,Credit Card,Curbside Pickup,False,None,Sunny,False,403,False,260,221,-39.0,False,5.0
20234998,2024-10-09,Wednesday,21156,119,1028,1.0,758.59,0.0,758.59,0.0,758.59,494.36,264.23,0.34831727283512837,Debit Card,Online,False,None,Rainy,False,482,False,363,391,28.0,True,2.0
20234999,2024-06-22,Saturday,20007,124,1048,6.0,289.09,0.06,1734.54,104.0724,1630.4676,184.37,524.2476,0.3215320562027727,Digital Wallet,In-Store,True,Clearance,Cloudy,False,354,False,122,86,-36.0,False,1.0
20235000,2023-01-03,Tuesday,20775,125,1040,5.0,91.58,0.08,457.9,36.632,421.268,47.28,184.868,0.43883703485667075,Cash,Mobile App,True,Percentage Discount,Snowy,False,368,False,370,311,-59.0,True,3.0
